question,reference_context
ใน Cyber นักศึกษาชั้นปีที่ 1 ภาคเรียนที่ 1 ต้องลงทะเบียนรายวิชาใด,"ปีที่ 1 ภาคการศึกษาที่ 1
 
 หน่วยกิต
 
 
 
 LI 101 001 ภาษาอังกฤษ 1
 
 3(3-0-6)
 
 
 
 English I
 
 
 
 GE 151 144 พหุวัฒนธรรม
 
 3(3-0-6)
 
 
 
 Multiculturalism
 
 
 
 GE 341 511 การคิดเชิงค านวณและเชิงสถิติส าหรับเอบีซีดี
 
 3(3-0-6)
 
 
 
 Computational & Statistical Thinking for ABCD
 
 
 
 SC 602 005 ความน่าจะเป็นและสถิติ
 
 3(3-0-6)
 
 
 
 Probability and Statistics
 
 
 
 SC 401 201 แคลคูลัสส าหรับวิทยาศาสตร์กายภาพ 1
 
 3(3-0-6)
 
 
 
 Calculus for Physical Science I
 
 
 
 CP 421 021 การเขียนโปรแกรมเชิงโครงสร้าง
 
 3(2-2-5)
 
 
 
 Structured Programming
 
 
 
 CP 421 011 ความบันดาลใจในวิชาชีพความมั่นคงปลอดภัยไซเบอร์
 
 1(0-2-1)
 
 
 
 Inspiration in Cybersecurity Career
 
 
 
 CP 422 001 กฏหมายและจริยธรรมด้านความมั่นคงปลอดภัยไซเบอร์
 
 3(3-0-6)
 
 
 
 Cybersecurity Law and Ethic
 
 
 
 รวมจ านวนหน่วยกิตลงทะเบียนเรียน 22
 
 หน่วยกิต"
ใน Cyber ตอนปี 1 เทอม 2 เราต้องลงอะไรบ้างอะ,"ปีที่ 1 ภาคการศึกษาที่ 2
 หน่วยกิต
 
 LI 101 002 ภาษาอังกฤษ 2
 3(3-0-6)
 
 English II
 
 SC 002 104 วิทยาศาสตร์กายภาพ
 3(3-0-6)
 
 Physical Science
 
 SC 402 401 วิยุตคณิตและการประยุกต์
 3(3-0-6)
 
 Discrete Mathematics and Applications
 
 CP 421 022 องค์ประกอบและสถาปัตยกรรมคอมพิวเตอร์ขั้นแนะน า
 3(2-2-5)
 
 Introduction to Computer Organization and Architecture
 
 CP 421 023 ขั้นตอนวิธีและโครงสร้างข้อมูล
 3(2-2-5)
 
 Algorithms and Data Structures
 
 CP 421 024 การเขียนโปรแกรมเชิงวัตถุ
 3(2-2-5)
 
 Object Oriented Programming
 
 CP 001 001 เอบีซีดีส าหรับทุกวิชาชีพ
 3(3-0-6)
 
 ABCD for All Professions
 
 รวมจ านวนหน่วยกิตลงทะเบียนเรียน 21
 หน่วยกิต"
ใน Cyber ขอแผนการเรียนปี 2 เทอม 1 หน่อยครับ,"ปีที่ 2 ภาคการศึกษาที่ 1
 หน่วยกิต
 
 LI 102 003 ภาษาอังกฤษ 3
 3(3-0-6)
 
 English III
 
 GE 363 789 ผู้ประกอบการสร้างสรรค์
 3(3-0-6)
 
 Creative Entrepreneurs
 
 CP 422 052 ระบบปฏิบัติการขั้นแนะน า
 3(2-2-5)
 
 Introduction to Operating Systems
 
 CP 422 021 สถาปัตยกรรมเว็บและโมบายแอปพลิเคชัน
 3(2-2-5)
 
 Web and Mobile Application Architecture
 
 CP 422 022 การวิเคราะห์และออกแบบสถาปัตยกรรมฐานข้อมูล
 3(2-2-5)
 
 Database Architecture Analysis and Design
 
 CP 421 025 การวิเคราะห์และออกแบบซอฟต์แวร์
 3(2-2-5)
 
 Software Design and Analysis
 
 CP 422 011 เครือข่ายคอมพิวเตอร์ขั้นแนะน า
 3(2-2-5)
 
 Introduction to Computer Networking
 
 รวมจ านวนหน่วยกิตลงทะเบียนเรียน 21
 หน่วยกิต"
ใน Cyber ภาคเรียนที่ 2 ของปี 2 ต้องเรียนวิชาอะไรบ้าง,"ปีที่ 2 ภาคการศึกษาที่ 2
 หน่วยกิต
 
 LI 102 004 ภาษาอังกฤษ 4
 3(3-0-6)
 
 English IV
 
 CP 422 031 ความมั่นคงปลอดภัยไซเบอร์ขั้นแนะน า
 3(2-2-5)
 
 Introduction to Cybersecurity
 
 CP 422 013 พื้นฐานวิศวกรรมระบบคอมพิวเตอร์
 3(2-2-5)
 
 Fundamental of Computer System Engineer
 
 CP 422 641 ปัญญาประดิษฐ์ในการรักษาความมั่นคงปลอดภัยไซเบอร์
 3(2-2-5)
 
 Artificial Intelligence in Cybersecurity
 
 CP 422 032 การประมวลผลบนกลุ่มเมฆและการประยุกต์
 3(2-2-5)
 
 Cloud Computing and Application
 
 CP 422 012 เครือข่ายไร้สายและเคลื่อนที่กับอินเทอร์เน็ตของทุกสิ่งขั้นแนะน า
 3(2-2-5)
 
 Introduction to Wireless and Mobile Networks with Internet of
 Things
 
 รวมจ านวนหน่วยกิตลงทะเบียนเรียน 18 หน่วยกิต"
ใน Cyber ขอแผนการ ปี 3 เทอม 1 ทุกแบบหน่อย,"แบบเลือกเรียนวิชาโครงงาน (1)
 
 ปีที่ 3 ภาคการศึกษาที่ 1
 
 หน่วยกิต
 
 CP 423 XXX วิชาเลือก หรือ ชุดวิชา
 
 21 หน่วยกิต
 
 Elective Course or Module Course
 
 
 
 รวมจ านวนหน่วยกิตลงทะเบียนเรียน 21
 
 หน่วยกิต
 
 =============================================================================
 
 แบบเลือกเรียนวิชาสหกิจศึกษา (2)
 
 ปีที่ 3 ภาคการศึกษาที่ 1
 
 หน่วยกิต
 
 CP 423 XXX วิชาเลือก หรือ ชุดวิชา
 
 21 หน่วยกิต
 
 Elective Course or Module Course
 
 
 
 รวมจ านวนหน่วยกิตลงทะเบียนเรียน 21
 
 หน่วยกิต
 
 =============================================================================
 
 แบบเลือกเรียนชุดวิชาการบูรณาการการเรียนรู้กับการท างาน (WIL) (3)
 
 ปีที่ 3 ภาคการศึกษาที่ 1
 
 หน่วยกิต
 
 CP 423 XXX วิชาเลือก หรือ ชุดวิชา
 
 15 หน่วยกิต
 
 Elective Course or Module Course
 
 
 
 CP 002 001 การเตรียมความพร้อมก่อนปฏิบัติงานส าหรับนักศึกษาวิทยาลัยการ
 
 คอมพิวเตอร์
 
 1(0-2-1)
 
 (ไม่นับหน่วยกิต)
 
 Orientation to Co-Operative Education for Computing Students
 
 
 
 XXX XXX วิชาเลือกเสรี
 
 6 หน่วยกิต
 
 Free Elective
 
 
 
 รวมจ านวนหน่วยกิตลงทะเบียนเรียน 21
 
 หน่วยกิต"
ใน Cyber ภาคเรียนที่ 2 ของปี 3 เรียนวิชาอะไรบ้างครับ,"แบบเลือกเรียนวิชาโครงงาน (1)
 
 ปีที่ 3 ภาคการศึกษาที่ 2
 
 หน่วยกิต
 
 CP 423 151 มาตรฐานวิชาชีพขั้นพื้นฐานด้านวิทยาการค านวณ
 
 1(1-0-2)
 
 Computing Career Professional Standards
 
 
 
 CP 423 131 มาตรฐานวิชาชีพขั้นพื้นฐานด้านความมั่นคงปลอดภัยไซเบอร์
 
 2(2-0-4)
 
 Cybersecurity Career Professional Standards
 
 
 
 CP 423 132 มาตรฐานวิชาชีพชั้นสูงด้านความมั่นคงปลอดภัยไซเบอร์
 
 3(3-0-6)
 
 Advance Cybersecurity Career Professional Standards
 
 
 
 *รายวิชา CP 423 151, CP 423 131, CP 423 132 หลักสูตรจะจัดท าการเรียนการสอนในยุคใหม่แบบ On-
 
 Demand Self Paced Learning
 
 CP 423 741 ระเบียบวิธีวิจัยและสัมมนาเชิงปฏิบัติการด้านความมั่นคงปลอดภัยไซเบอร์
 
 3(3-0-6)
 
 Cybersecurity Research Methodology, Workshop and Seminar
 
 
 
 รวมจ านวนหน่วยกิตลงทะเบียนเรียน 9
 
 หน่วยกิต
 
 
 
 =============================================================================
 
 แบบเลือกเรียนวิชาสหกิจศึกษา (2)
 
 ปีที่ 3 ภาคการศึกษาที่ 2
 
 หน่วยกิต
 
 CP 423 151 มาตรฐานวิชาชีพขั้นพื้นฐานด้านวิทยาการค านวณ
 
 1(1-0-2)
 
 Computing Career Professional Standards
 
 
 
 CP 423 131 มาตรฐานวิชาชีพขั้นพื้นฐานด้านความมั่นคงปลอดภัยไซเบอร์
 
 2(2-0-4)
 
 Cybersecurity Career Professional Standards
 
 
 
 CP 423 132 มาตรฐานวิชาชีพชั้นสูงด้านความมั่นคงปลอดภัยไซเบอร์
 
 3(3-0-6)
 
 Advance Cybersecurity Career Professional Standards
 
 
 
 *รายวิชา CP 423 151, CP 423 131, CP 423 132 หลักสูตรจะจัดท าการเรียนการสอนในยุคใหม่แบบ On-
 
 Demand Self Paced Learning
 
 CP 423 741 ระเบียบวิธีวิจัยและสัมมนาเชิงปฏิบัติการด้านความมั่นคงปลอดภัยไซเบอร์
 
 3(3-0-6)
 
 Cybersecurity Research Methodology, Workshop and Seminar
 
 
 
 รวมจ านวนหน่วยกิตลงทะเบียนเรียน 9
 
 หน่วยกิต
 
 =============================================================================
 
 แบบเลือกเรียนชุดวิชาการบูรณาการการเรียนรู้กับการท างาน (WIL) (3)
 
 ปีที่ 3 ภาคการศึกษาที่ 2
 
 หน่วยกิต
 
 CP 423 151 มาตรฐานวิชาชีพขั้นพื้นฐานด้านวิทยาการค านวณ
 
 1(1-0-2)
 
 Computing Career Professional Standards
 
 
 
 CP 423 131 มาตรฐานวิชาชีพขั้นพื้นฐานด้านความมั่นคงปลอดภัยไซเบอร์
 
 2(2-0-4)
 
 Cybersecurity Career Professional Standards
 
 
 
 CP 423 132 มาตรฐานวิชาชีพชั้นสูงด้านความมั่นคงปลอดภัยไซเบอร์
 
 3(3-0-6)
 
 Advance Cybersecurity Career Professional Standards
 
 
 
 *รายวิชา CP 423 151, CP 423 131, CP 423 132 หลักสูตรจะจัดท าการเรียนการสอนในยุคใหม่แบบ On-
 
 Demand Self Paced Learning
 
 CP 423 401 การบูรณาการการเรียนรู้กับการท างานด้านความมั่นคงปลอดภัยไซเบอร์ 1
 
 3(0-6-3)
 
 Work-Integrated Learning in Cybersecurity I
 
 
 
 รวมจ านวนหน่วยกิตลงทะเบียนเรียน 9
 
 หน่วยกิต"
ใน Cyber ตอนปี 4 เทอม 1 ในแต่ละแบบต้องเรียนอะไรบ้าง,"แบบเลือกเรียนวิชาโครงงาน (1)
 ปีที่ 4 ภาคการศึกษาที่ 1
 หน่วยกิต
 CP 424 731 โครงงานทางความมั่นคงปลอดภัยไซเบอร์ 1
 3(0-9-6)
 
 Cybersecurity Project I
 
 XXX XXX วิชาเลือกเสรี
 6 หน่วยกิต
 Free Elective
 
 รวมจ านวนหน่วยกิตลงทะเบียนเรียน 9
 หน่วยกิต
 =============================================================================
 แบบเลือกเรียนวิชาสหกิจศึกษา (2)
 ปีที่ 4 ภาคการศึกษาที่ 1
 หน่วยกิต
 CP 002 001 การเตรียมความพร้อมก่อนปฏิบัติงานส าหรับนักศึกษาวิทยาลัยการ
 คอมพิวเตอร์
 1(0-2-1)
 (ไม่นับหน่วยกิต)
 Orientation to Co-Operative Education for Computing Students
 
 XXX XXX วิชาเลือกเสรี
 6 หน่วยกิต
 Free Elective
 
 รวมจ านวนหน่วยกิตลงทะเบียนเรียน 6
 หน่วยกิต
 =============================================================================
 แบบเลือกเรียนชุดวิชาการบูรณาการการเรียนรู้กับการท างาน (WIL) (3)
 ปีที่ 4 ภาคการศึกษาที่ 1
 หน่วยกิต
 CP 423 402 การบูรณาการการเรียนรู้กับการท างานด้านความมั่นคงปลอดภัยไซเบอร์ 2
 6(0-12-6)
 Work-Integrated Learning in Cybersecurity II
 
 รวมจ านวนหน่วยกิตลงทะเบียนเรียน 6
 หน่วยกิต"
ใน Cyber ปี 4 เทอม 2 ในแต่ละแบบเรียนวิชาอะไรบ้างอะ,"แบบเลือกเรียนวิชาโครงงาน (1)
 
 ปีที่ 4 ภาคการศึกษาที่ 2
 
 หน่วยกิต
 
 CP 424 732 โครงงานทางความมั่นคงปลอดภัยไซเบอร์ 2
 
 3(0-9-6)
 
 Cybersecurity Project II
 
 
 
 รวมจ านวนหน่วยกิตลงทะเบียนเรียน 3
 
 หน่วยกิต
 
 =============================================================================
 
 แบบเลือกเรียนวิชาสหกิจศึกษา (2)
 
 ปีที่ 4 ภาคการศึกษาที่ 2
 
 หน่วยกิต
 
 CP 424 785 สหกิจศึกษาทางความมั่นคงปลอดภัยไซเบอร์
 
 6 หน่วยกิต
 
 Co-Operative Education in Cybersecurity
 
 
 
 รวมจ านวนหน่วยกิตลงทะเบียนเรียน 6
 
 หน่วยกิต
 
 =============================================================================
 
 แบบเลือกเรียนชุดวิชาการบูรณาการการเรียนรู้กับการท างาน (WIL) (3)
 
 ปีที่ 4 ภาคการศึกษาที่ 2
 
 หน่วยกิต
 
 CP 423 403 การบูรณาการการเรียนรู้กับการท างานด้านความมั่นคงปลอดภัยไซเบอร์ 3
 
 6(0-12-6)
 
 
 
 Work-Integrated Learning in Cybersecurity III
 
 
 
 รวมจ านวนหน่วยกิตลงทะเบียนเรียน 6
 
 หน่วยกิต"
ใน Cyber เราจะได้ลงวิชาเรียนวิชา Cloud Computing and Application ตอนไหน,"ปีที่ 2 ภาคการศึกษาที่ 2
 หน่วยกิต
 
 LI 102 004 ภาษาอังกฤษ 4
 3(3-0-6)
 
 English IV
 
 CP 422 031 ความมั่นคงปลอดภัยไซเบอร์ขั้นแนะน า
 3(2-2-5)
 
 Introduction to Cybersecurity
 
 CP 422 013 พื้นฐานวิศวกรรมระบบคอมพิวเตอร์
 3(2-2-5)
 
 Fundamental of Computer System Engineer
 
 CP 422 641 ปัญญาประดิษฐ์ในการรักษาความมั่นคงปลอดภัยไซเบอร์
 3(2-2-5)
 
 Artificial Intelligence in Cybersecurity
 
 CP 422 032 การประมวลผลบนกลุ่มเมฆและการประยุกต์
 3(2-2-5)
 
 Cloud Computing and Application
 
 CP 422 012 เครือข่ายไร้สายและเคลื่อนที่กับอินเทอร์เน็ตของทุกสิ่งขั้นแนะน า
 3(2-2-5)
 
 Introduction to Wireless and Mobile Networks with Internet of
 Things
 
 รวมจ านวนหน่วยกิตลงทะเบียนเรียน 18 หน่วยกิต"
ใน Cyber วิชา GE 341 511 Computational & Statistical Thinking for ABCD คือวิชาอะไร,"GE 341 511 การคิดเชิงค านวณและเชิงสถิติส าหรับเอบีซีดี
 
 3(3-0-6)
 
 Computational & Statistical Thinking for ABCD
 
 เงื่อนไขของรายวิชา : ไม่มี
 
 
 
 แนวคิดเกี่ยวกับการคิดเชิงค านวณและเชิงสถิติส าหรับการแก้ปัญหา การวิเคราะห์สถานการณ์ปัญหา
 
 หลักการสร้างขั้นตอนวิธีและโมเดล เทคโนโลยีดิจิทัลและเครื่องมือในการแก้ปัญหา การเขียนโปรแกรมและ
 
 กระบวนการแก้ปัญหา การประเมินผลและปรับปรุงกระบวนการแก้ปัญหา จริยธรรมทางวิชาการ การเขียนใน
 
 เชิงวิชาการ การน าเสนอ
 
 Concepts of computational and statistical thinking for problem solving, analyzing the
 
 problem situations, producing algorithms and models, digital technology and tools for
 
 problem solving, programming and problem solving process, assessment and improvement
 
 of problem solving process, academic ethics, academic writing, presentation and critique"
ใน Cyber วิชา LI 102 003 English III เรียนเกี่ยวกับอะไรครับ,"LI 102 003 ภาษาอังกฤษ 3
 
 3(3-0-6)
 
 English III
 
 เงื่อนไขของรายวิชา : 000 102 หรือ LI 101 002 หรือ เทียบเท่า#
 
 
 
 ทักษะการฟัง พูด อ่าน เขียน เชิงวิชาการ การน าเสนอ การอภิปราย การแสดงความคิดเห็น การ
 
 ตีความการเข้าใจความหมายจากบริบท การจับใจความส าคัญ (โดยรวมเนื้อหาระดับ 3 ถึงระดับ 7)
 
 Academic English skills in listening, speaking, reading, writing, presentation, discussion,
 
 expressing ideas, interpretation, understanding context clues, finding main ideas (Level 3 to 7)"
ใน Cyber วิชา LI 102 004 English IV คือวิชาอะไร,"LI 102 004 ภาษาอังกฤษ 4
 
 3(3-0-6)
 
 English IV
 
 
 
 เงื่อนไขของรายวิชา : 000 103 หรือ LI 102 003 หรือ เทียบเท่า#
 
 
 
 ทักษะการฟัง พูด อ่าน เขียนเชิงวิชาการขั้นสูง การฟังบรรยาย การแสดงความคิดเห็นกับเรื่องราว
 
 ต่าง ๆ การพูดเพื่อโน้มน้าว การรายงานสถานการณ์ การวิเคราะห์ข้อมูลข่าวสาร การเขียนเรียงความ
 
 (โดยรวมเนื้อหาระดับ 4 ถึงระดับ 8)
 
 Listening, speaking, reading and writing skill focusing on academic uses, expressing
 
 opinions on giving themes, inducing speaking, reporting situations, analyzing information, and
 
 essay writing (Level 4 to 8)"
ใน Cyber วิชา CP 422 001 Cybersecurity Law and Ethic คืออะไร,"CP 422 001 กฎหมายและจริยธรรมด้านความมั่นคงปลอดภัยไซเบอร์
 
 3(3-0-6)
 
 Cybersecurity Law and Ethic
 
 เงื่อนไขของรายวิชา : ไม่มี
 
 
 
 ความรู้เบื้องต้นเกี่ยวกับกฎหมายอาญา ตามประมวลกฎหมายอาญาว่าด้วยหลักการทั่วไป เช่น ตัวการ
 
 ผู้ใช้ ผู้สนับสนุน ภาคความผิดที่เกี่ยวข้องกับความรับผิดที่เกี่ยวกับกฎหมายคอมพิวเตอร์ พระราชบัญญัติว่า
 
 ด้วยการกระท าความผิดเกี่ยวกับคอมพิวเตอร์ พระราชบัญญัติธุรกรรมทางอิเล็กทรอนิกส์ รวมถึงประกาศของ
 
 หน่วยงานรัฐบาลที่เกี่ยวข้อง รวมทั้งจริยธรรมในการปฏิบัติการทางไซเบอร์"
ใน Cyber วิชา CP 423 324 Database and Web Security เรียนอะไรครับ,"CP 423 324 ความมั่นคงปลอดภัยฐานข้อมูลและเว็บ
 
 3(2-2-5)
 
 Database and Web Security
 
 
 
 เงื่อนไขของรายวิชา : CP 422 031 หรือ เทียบเท่า หรือ CP 423 752#
 
 
 
 แนะน าเกี่ยวกับความมั่นคงปลอดภัยระบบปฏิบัติการ การดูแลโปรไฟล์ผู้ใช้ นโยบายรหัสผ่าน สิทธิ์
 
 และบทบาท โมเดลความปลอดภัยของแอปพลิเคชันฐานข้อมูล โมเดลเชิงสัมพันธ์ที่ปลอดภัยหลายระดับ
 
 แบบจ าลองการควบคุมการเข้าถึง แนะน าเกี่ยวกับความมั่นคงปลอดภัยของเว็บและภาพรวมของภัยคุกคามที่
 
 เกี่ยวข้อง โมเดลความมั่นคงปลอดภัยของเว็บ การรักษาช่องทางการสื่อสาร การป้องกันการเข้าถึงโดยไม่ได้รับ
 
 อนุญาต การจัดการข้อมูลที่ไม่น่าเชื่อถืออย่างมั่นคงปลอดภัย ภาพรวมของแนวทางปฏิบัติที่ดีในปัจจุบัน
 
 ส าหรับการสร้างเว็บแอปพลิเคชันที่ปลอดภัย การฝึกปฏิบัติการความมั่นคงปลอดภัยฐานข้อมูลและเว็บ
 
 Introduction to operating system security, administration of users profiles, password
 
 policies, privileges, and roles, database application security models, multilevel secure
 
 relational model, access control models, introduction to web security and an overview of
 
 relevant threats, the security model of the web, securing the communication channel,
 
 preventing unauthorized access, securely handling untrusted data, overview of current best
 
 practices for building secure web applications, practice in Database and Web Security"
ใน Cyber วิชา CP 423 436 Digital Forensic คือวิชาอะไร,"CP 423 436 นิติดิจิทัล
 
 3(2-2-5)
 
 Digital Forensic
 
 เงื่อนไขของรายวิชา : CP 422 031 หรือ เทียบเท่า หรือ CP 423 752#
 
 
 
 การตรวจสอบดิจิทัล หลักฐานดิจิทัล การวิเคราะห์และกู้คืนระบบไฟล์ การวิเคราะห์สื่อ การซ่อน
 
 ข้อมูล การวิเคราะห์การติดตามและกู้คืน นิติระบบ นิติแพลตฟอร์ม นิติเครือข่าย นิติแอปพลิเคชัน นิติ
 
 ฐานข้อมูล นิติเครือข่ายไร้สายและเคลื่อนที่ นิติอินเทอร์เน็ตของสรรพสิ่ง นิติคลาวด์ เครื่องมือและซอฟต์แวร์
 
 นิติ รายงานนิติ ประเด็นกฎหมายทางนิติดิจิทัล หัวข้อพิเศษทางนิติดิจิทัล การฝึกปฏิบัติการนิติดิจิทัล
 
 Digital investigation, digital evidence, file system analysis and recovery, media analysis,
 
 information hiding, trace and recovery analysis, system forensic, platform forensic, network
 
 forensic, application forensic, database forensic, wireless and mobile network forensic,
 
 internet of thing forensic, cloud forensic, forensic software and tool, forensic report, legal
 
 issue in digital forensic, special topic in digital forensic, practice in Digital Forensi"
ใน Cyber วิชา CP 422 641 Artificial Intelligence in Cybersecurity คืออะไร,"CP 422 641 ปัญญาประดิษฐ์ในการรักษาความมั่นคงปลอดภัยไซเบอร์
 
 3(2-2-5)
 
 Artificial Intelligence in Cybersecurity
 
 เงื่อนไขของรายวิชา : CP 422 031 หรือ เทียบเท่า หรือ CP 423 752#
 
 
 
 แนวคิด หลักการ ทฤษฎีเกี่ยวกับปัญญาประดิษฐ์ การเรียนรู้ของเครื่อง การเรียนรู้แบบมีผู้สอน การ
 
 เรียนรู้แบบไม่มีผู้สอน ระบบผู้เชี่ยวชาญ การค้นหาและการหาค่าที่เหมาะที่สุด การประยุกต์ใช้งาน
 
 ปัญญาประดิษฐ์ในงานรักษาความมั่นคงปลอดภัยไซเบอร์ การฝึกปฏิบัติการปัญญาประดิษฐ์ในการรักษาความ
 
 มั่นคงปลอดภัยไซเบอร์
 
 Principles, concepts, and theory of artificial intelligence; Machine learning, Supervised
 
 learning, Unsupervised learning, Expert system, Search and optimization, Applications of
 
 artificial intelligence in Cybersecurity, practice in Artificial Intelligence in Cybersecurity"
ใน Cyber วิชา CP 423 642 Modern Cryptography and Cryptanalysis คืออะไร,"CP 423 642 วิทยาการการเข้ารหัสสมัยใหม่และการวิเคราะห์การเข้ารหัส
 
 3(2-2-5)
 
 Modern Cryptography and Cryptanalysis
 
 เงื่อนไขของรายวิชา : CP 422 031 หรือ เทียบเท่า หรือ CP 423 752#
 
 
 
 หลักการความปลอดภัยของข้อมูล ภัยคุกคามและการโจมตี พื้นฐานวิทยาการรหัสลับ การวิเคราะห์
 
 การเข้ารหัสลับ วิทยาการรหัสแบบบล็อค วิทยาการรหัสแบบกระแสข้อมูล วิทยาการรหัสลับแบบสมมาตร
 
 และอสมมาตร ฟังก์ชันแฮช การพิสูจน์ตัวตน ลายเซ็นดิจิทัล การประยุกต์ใช้งานวิทยาการรหัสลับ การฝึก
 
 ปฏิบัติการวิทยาการการเข้ารหัสสมัยใหม่และการวิเคราะห์การเข้ารหัส
 
 Principles of data security; Threats and attacks, Introduction to cryptography,
 
 Cryptanalysis, Block cipher, Stream cipher, Symmetric and asymmetric cryptography, Hash
 
 functions, Authentication, Digital signature, Applications of cryptography, practice in Modern
 
 Cryptography and Cryptanalysis"
ใน Cyber วิชา CP 424 732 โครงงานทางความมั่นคงปลอดภัยไซเบอร์ 2 เรียนเกี่ยวกับอะไร,"CP 424 732 โครงงานทางความมั่นคงปลอดภัยไซเบอร์ 2
 
 3(0-9-6)
 
 Cybersecurity Project II
 
 เงื่อนไขของรายวิชา : CP 424 731#
 
 
 
 โครงงานต่อเนื่องมาจากโครงงานทางความมั่นคงปลอดภัยไซเบอร์ 1 ให้เป็นโปรแกรมหรือระบบที่
 
 เสร็จสมบูรณ์และสามารถใช้งานได้จริง นักศึกษาจะต้องจัดท ารายงานและน าเสนอโครงงานซึ่งเป็นการสอบ
 
 ปากเปล่าเกี่ยวกับโครงงานของนักศึกษา
 
 The project continues from Cybersecurity Project II, which focuses on development
 
 and usability of the program or system completely. The students must prepare reports and
 
 give presentation including oral exam on their projects"
ใน Cyber ขอรายละเอียดของวิชา CP 423 321 Software Security หน่อย,"CP 423 321 ความมั่นคงปลอดภัยซอฟต์แวร์
 3(2-2-5)
 Software Security
 เงื่อนไขของรายวิชา : CP 422 031 หรือ เทียบเท่า หรือ CP 423 752#
 
 แนะน าเกี่ยวกับความมั่นคงปลอดภัยทางซอฟต์แวร์ ปัญหาความมั่นคงปลอดภัยซอฟต์แวร์ รูปแบบ
 การรับประกันซอฟต์แวร์ เฟรมเวิร์กการบริหารความเสี่ยง แนวปฏิบัติด้านความมั่นคงปลอดภัยที่ดีและ
 ข้อบกพร่องด้านความมั่นคงปลอดภัย การออกแบบและพัฒนาซอฟต์แวร์ที่มีมั่นคงปลอดภัย การทดสอบ
 ความมั่นคงปลอดภัย (การทดสอบเพนน์) การทดสอบความมั่นคงปลอดภัยบนพื้นฐานความเสี่ยง (การ
 ตรวจสอบโค้ด การวิเคราะห์ความเสี่ยงด้านสถาปัตยกรรม) ความมั่นคงปลอดภัยซอฟต์แวร์ในองค์กรขนาด
 ใหญ่ การฝึกปฏิบัติการความมั่นคงปลอดภัยซอฟต์แวร์
 Introduction to software security, software security problems, software assurance
 model, risk management framework, security best practices and security flaws, secure
 software design and development, security testing (Penn testing), risk-based security testing
 (code review, architecture risk analysis), software security in enterprise business, practice in
 Software Security"
ใน Cyber วิชา CP 423 322 Malware Analysis and Protection เรียนเกี่ยวกับอะไรครับ,"CP 423 322 การวิเคราะห์และป้องกันมัลแวร์
 3(2-2-5)
 Malware Analysis and Protection
 เงื่อนไขของรายวิชา : CP 422 031 หรือ เทียบเท่า หรือ CP 423 752#
 
 แนะน าเกี่ยวกับมัลแวร์ มัลแวร์ที่พบในปัจจุบัน การวิเคราะห์มัลแวร์ แนะน าการเข้ารหัสของมัลแวร์
 เทคนิคแอนติดีบักกิ้ง เทคนิคแอนติวีเอ็ม การท าโค้ดคลุมเครือ เทคนิคการป้องกันการตรวจจับ อัลกอริทึม
 ตรวจจับมัลแวร์ การประเมินคุณภาพแอนติไวรัส การฝึกปฏิบัติการการวิเคราะห์และป้องกันมัลแวร์
 Introduction to malware, current malicious software, analysis of malicious software,
 introduction to encrypted malware, anti-debugging techniques, anti-VM techniques, code
 obfuscation, techniques of protection against detection, malware detection algorithm,
 antivirus quality estimation, practice in Malware Analysis and Protection"
ใน Cyber วิชา CP 423 323 Social Network Analysis มีเงื่อนไขรายวิชาไหม,"CP 423 323 การวิเคราะห์เครือข่ายสังคม
 
 3(2-2-5)
 
 Social Network Analysis
 
 เงื่อนไขของรายวิชา : CP 422 031 หรือ เทียบเท่า หรือ CP 423 751#
 
 
 
 แนะน าเกี่ยวกับการวิเคราะห์เครือข่ายสังคม ทฤษฎีกราฟ แบบจ าลองเครือข่าย การท าเหมืองกราฟ
 
 ส าหรับการวิเคราะห์เครือข่ายสังคม การสร้างแบบจ าลองเชิงท านาย อิทธิพลในเครือข่ายสังคมออนไลน์ การ
 
 วิเคราะห์ความรู้สึก ค าแนะน าในเครือข่ายสังคม กรณีศึกษาการวิเคราะห์เครือข่ายสังคม การสร้างภาพ
 
 เครือข่ายสังคม การฝึกปฏิบัติการการวิเคราะห์เครือข่ายสังคม
 
 Introduction to social network analysis, graph theory, network models, graph mining
 
 for social network analysis, predictive modeling, influence in social networks, sentiment
 
 analysis, recommendation in social networks, social network analysis case studies, social
 
 networks visualization, practice in Social Network Analysi"
"ใน Cyber วิชา CP 423 325 Wireless Network, Mobile Network and Internet of Things Security มีเงื่อนไขรายวิชาไหม","CP 423 325 ความมั่นคงปลอดภัยเครือข่ายไร้สาย เครือข่ายเคลื่อนที่และอินเทอร์เน็ตของ
 สรรพสิ่ง
 3(2-2-5)
 Wireless network, Mobile network, and Internet of Things Security
 เงื่อนไขของรายวิชา : CP 422 031 หรือ เทียบเท่า หรือ CP 423 752#
 
 แนะน าเกี่ยวกับความมั่นคงความปลอดภัยเครือข่ายไร้สาย โมบายและ IoT โปรโตคอลการเข้ารหัส
 แบบปรับตัวในการประมวลผลแบบโมบาย การพิสูจน์ตัวตนแบบปรับเปลี่ยนการเคลื่อนย้ายข้ามโดเมน โมเดล
 การตรวจสอบสิทธิ์ล่วงหน้าและการตรวจสอบสิทธิ์ในเครือข่ายเฉพาะกิจ การส่งเสริมการจัดการคีย์ตามข้อมูล
 ประจ าตัว การโจมตีและมาตรการตอบโต้ การรวมข้อมูลที่มั่นคงปลอดภัยและยืดหยุ่น การก าหนดเส้นทางที่
 มั่นคงปลอดภัยใน MANET ระบบตรวจจับการบุกรุกใน MANET ปัญหาด้านความปลอดภัยในเครือข่าย GSM,
 3G และ 4G ข้อกังวลด้านความปลอดภัยในเครือข่าย 5G, การก าหนดเส้นทางที่มั่นคงปลอดภัยในเครือข่าย
 เซ็นเซอร์ ปัญหาความมั่นคงปลอดภัยและความเป็นส่วนตัวใน IoT การจัดการข้อมูลประจ าตัวและการเข้าถึง
 แนวทางปฏิบัติที่ดีส าหรับการรักษาความมั่นคงปลอดภัย IoT การฝึกปฏิบัติการความมั่นคงปลอดภัยเครือข่าย
 ไร้สาย เครือข่ายเคลื่อนที่และอินเทอร์เน็ตของสรรพสิ่ง
 Introduction to wireless network, mobile and IoT security, an adaptive encryption
 protocol in mobile computing, cross domain mobility adaptive authentication, pre-
 authentication and authentication models in Ad Hoc networks, promoting identity-based key
 management, attacks and countermeasures, secure and resilient data aggregation, secure
 routing in MANET, intrusion detection system in MANET, security issues in GSM, 3G and 4G
 networks, Security concerns in 5G networks, secure routing in sensor networks, security and
 privacy issues in IoT, identity and access management, best practices for IoT security, practice
 in Wireless network, Mobile network, and Internet of Things Security"
ใน Cyber วิชา CP 423 326 Cloud Security มีเงื่อนไขรายวิชาไหม,"CP 423 326 ความมั่นคงปลอดภัยบนคลาวด์
 
 3(2-2-5)
 
 Cloud Security
 
 เงื่อนไขของรายวิชา : CP 422 031 หรือ เทียบเท่า หรือ CP 423 751#
 
 
 
 แนะน าเกี่ยวกับคลาวด์คอมพิวติ้งและพื้นฐานความมั่นคงปลอดภัย การออกแบบและความมั่นคง
 
 ปลอดภัยของโครงสร้างพื้นฐานบนคลาวด์ การจัดการสินทรัพย์บนคลาวด์ การปกป้องข้อมูลบนคลาวด์ การ
 
 ระบุตัวตนและการจัดการการเข้าถึงบนคลาวด์ ความมั่นคงปลอดภัยของเครือข่ายคลาวด์ การจัดการภัย
 
 คุกคามความมั่นคงปลอดภัยบนคลาวด์ การปฏิบัติตามข้อก าหนดและข้อบังคับ การปฏิบัติการความมั่นคง
 
 ปลอดภัยบนคลาวด์
 
 Introduction to cloud computing and security foundations, cloud infrastructure design
 
 and security, cloud asset management, cloud data protection, cloud identity and access
 
 management, cloud network security, cloud security threat management, compliance and
 
 regulations, practice in Cloud Security"
ใน Cyber วิชา CP 423 327 Security Platform Development and Operation เรียนอะไรครับ,"CP 423 327 การพัฒนาและด าเนินงานด้านความปลอดภัยบนแพลตฟอร์ม
 
 3(2-2-5)
 
 Security Platform Development and Operation
 
 เงื่อนไขของรายวิชา : CP 422 031 หรือ เทียบเท่า หรือ CP 423 751#
 
 แนะน าเกี่ยวกับแนวทางปฏิบัติในด้านความปลอดภัยในการพัฒนาแอปพลิเคชัน วงจรการพัฒนา
 
 ซอฟต์แวร์ที่มีความปลอดภัย การสร้างผนวกรวมทีมพัฒนาและทีมปฏิบัติการเข้ากับทีมรักษาความปลอดภัย
 
 ไว้ในวงจรการพัฒนาซอฟต์แวร์ (DevSecOps) การสร้างความปลอดภัยให้กับกระบวนท างาน การผนวกรวม
 
 ระบบและการส่งมอบระบบ (CI/CD) การฝึกปฏิบัติการการพัฒนาและด าเนินงานด้านความปลอดภัยบน
 
 แพลตฟอร์ม
 
 Introduction to trending practice in application security (AppSec), Security earlier in the
 
 software development life cycle (SDLC), Collaborative between development and operations
 
 teams to integrate security teams in the software delivery cycle, Security awareness in the
 
 SDLC, Integration and continuous delivery (CI/CD) workflow, practice in Security Platform
 
 Development and Operation"
ใน Cyber ขอรายละเอียดของวิชา CP 423 641 วิชาคืออะไร,"CP 423 641 ความมั่นคงปลอดภัยไซเบอร์ในเทคโนโลยีเชิงปฏิบัติงาน
 
 3(2-2-5)
 
 Cybersecurity in Operational Technology
 
 เงื่อนไขของรายวิชา : CP 422 031 หรือ เทียบเท่า หรือ CP 423 752#
 
 เทคโนโลยีเชิงปฏิบัติงานและความมั่นคงปลอดภัยไซเบอร์ขั้นแนะน า ระบบควบคุมแบบกระจาย การ
 
 ควบคุมก ากับดูแลและการได้มาซึ่งข้อมูล ระบบควบคุมสั่งงานทางอุตสาหกรรม การควบรวมเทคโนโลยี
 
 สารสนเทศและเทคโนโลยีเชิงปฏิบัติงาน การออกแบบทางตรรกะและส่วนประกอบ โปรโตคอลเครือข่าย การ
 
 วิเคราะห์มอดบัส และความมั่นคงปลอดภัยไซเบอร์ในเทคโนโลยีควบคุม
 
 Introduction to operational technology Cybersecurity, Operational Technology
 
 terminology Distributed Control System (DCS), Supervisory Control And Data Acquisition
 
 (SCADA), Industrial Control Systems (ICS), IT / OT Gap and Convergence, Logical design and
 
 components, Network Protocols, Modbus Analysis, Operational Technology Cybersecurity
 
 Controls"
ใน Cyber ขอรายละเอียดของวิชา CP 423 643 กับ CP 423 644 หน่อย,"CP 423 643 การท าเหมืองและวิเคราะห์ความมั่นคงปลอดภัยไซเบอร์
 3(2-2-5)
 Cybersecurity Mining and Analytic
 เงื่อนไขของรายวิชา : CP 422 031 หรือ เทียบเท่า หรือ CP 423 752#
 
 พื้นฐานของความมั่นคงปลอดภัยไซเบอร์ การท าเหมืองข้อมูลและการวิเคราะห์ข้อมูล แนวคิด
 เบื้องต้นเกี่ยวกับการค้นหาองค์ความรู้จากฐานข้อมูล ประเภทของการโจมตีทางไซเบอร์ การท าเหมืองข้อมูล
 เพื่อค้นหาความผิดปกติ เครื่องมือส าหรับการวิเคราะห์ข้อมูลและการตรวจจับความผิดปกติ การเตรียมข้อมูล
 การจ าแนกข้อมูล การจัดกลุ่มข้อมูล และการวิเคราะห์กฎความสัมพันธ์ของข้อมูล การประยุกต์ใช้การท า
 เหมืองข้อมูลและการวิเคราะห์ข้อมูลเพื่อความมั่นคงปลอดภัยไซเบอร์ การฝึกปฏิบัติการการท าเหมืองและ
 วิเคราะห์ความมั่นคงปลอดภัยไซเบอร์
 Foundations of cybersecurity, data mining and data analytic, fundamental concepts of
 knowledge discovery in databases, types of Cybersecurity attacks, data mining for discovering
 anomalies, tools for data analytics and anomaly detection, data preprocessing, classification,
 clustering, and association rules analysis, applications of data mining and data analysis for
 cybersecurity, practice in Cybersecurity Mining and Analytic
 =============================================================================
 CP 423 644 แอปพลิเคชันไร้ศูนย์กลาง บล็อกเชนและเทคโนโลยีสกุลเงินดิจิทัล
 
 3(2-2-5)
 
 Decentralized Application, Blockchain and Cryptocurrency Technology
 
 เงื่อนไขของรายวิชา : CP 422 031 หรือ เทียบเท่า หรือ CP 423 752#
 
 
 
 การประมวลผลแบบไร้ศูนย์กลาง ระบบเก็บข้อมูลบนเครือข่ายเพียร์ทูเพียร์ โครงสร้างบล็อกเชน
 
 ประเภทของบล็อกเชน บล็อกเชนแบบสาธารณะ บล็อกเชนแบบส่วนบุคคล ทฤษฎีและหลักการการเข้ารหัส
 
 ข้อมูลที่จ าเป็นส าหรับบล็อกเชน แนวคิดและหลักการท างานของบล็อกเชน บิทคอยน์และโพรโทคอลของบิท
 
 คอยน์ ความปลอดภัยของบิทคอยน์ นโยบายและกฎหมายที่เกี่ยวข้องกับสกุลเงินดิจิทัล การฝึกปฏิบัติการ
 
 แอปพลิเคชันไร้ศูนย์กลาง บล็อกเชนและเทคโนโลยีสกุลเงินดิจิทัล
 
 Decentralized computing, Peer-to-peer (P2P) storage system, Blockchain structure,
 
 Types of blockchain, Public blockchain, Private blockchain, Theories and principles of
 
 cryptography necessary for blockchain, Concept and principle of blockchain, Bitcoin and its
 
 protocol; Security of Bitcoin, Policies and laws related to cryptocurrencies, practice in
 
 Decentralized Application Blockchain and Cryptocurrency Technology"
"ใน Cyber ขอรายละเอียดของวิชา CP 423 644 Decentralized Application, Blockchain and Cryptocurrency Technology หน่อย","CP 423 644 แอปพลิเคชันไร้ศูนย์กลาง บล็อกเชนและเทคโนโลยีสกุลเงินดิจิทัล
 
 3(2-2-5)
 
 Decentralized Application, Blockchain and Cryptocurrency Technology
 
 เงื่อนไขของรายวิชา : CP 422 031 หรือ เทียบเท่า หรือ CP 423 752#
 
 
 
 การประมวลผลแบบไร้ศูนย์กลาง ระบบเก็บข้อมูลบนเครือข่ายเพียร์ทูเพียร์ โครงสร้างบล็อกเชน
 
 ประเภทของบล็อกเชน บล็อกเชนแบบสาธารณะ บล็อกเชนแบบส่วนบุคคล ทฤษฎีและหลักการการเข้ารหัส
 
 ข้อมูลที่จ าเป็นส าหรับบล็อกเชน แนวคิดและหลักการท างานของบล็อกเชน บิทคอยน์และโพรโทคอลของบิท
 
 คอยน์ ความปลอดภัยของบิทคอยน์ นโยบายและกฎหมายที่เกี่ยวข้องกับสกุลเงินดิจิทัล การฝึกปฏิบัติการ
 
 แอปพลิเคชันไร้ศูนย์กลาง บล็อกเชนและเทคโนโลยีสกุลเงินดิจิทัล
 
 Decentralized computing, Peer-to-peer (P2P) storage system, Blockchain structure,
 
 Types of blockchain, Public blockchain, Private blockchain, Theories and principles of
 
 cryptography necessary for blockchain, Concept and principle of blockchain, Bitcoin and its
 
 protocol; Security of Bitcoin, Policies and laws related to cryptocurrencies, practice in
 
 Decentralized Application Blockchain and Cryptocurrency Technology"
ใน Cyber วิชา CP 423 701 คือวิชาอะไร,"CP 423 701 ปัญหาพิเศษด้านความมั่นคงปลอดภัยไซเบอร์
 
 3(2-2-5)
 
 Special Topics in Cybersecurity
 
 เงื่อนไขของรายวิชา : ไม่มี
 
 
 
 การศึกษาวิจัยหรือการวิจารณ์เอกสารในหัวข้อเฉพาะด้านความมั่นคงปลอดภัยไซเบอร์ รวมถึงการ
 
 รวบรวมข้อมูล การเขียนข้อเสนอการวิจัย การเขียนรายงานและการเสนอผลงาน เทคโนโลยีเกิดใหม่ด้าน
 
 ความมั่นคงปลอดภับไซเบอร์ การฝึกปฏิบัติการปัญหาพิเศษด้านความมั่นคงปลอดภัยไซเบอร์
 
 Conducting research or a review of literature on a special topic in Cybersecurity
 
 including collecting information, writing proposal, making scientific report and presentation
 
 and Cybersecurity emerging technology, practice in Special Topics in Cybersecurit"
ใน Cyber ถ้าเราไม่ผ่านวิชา CP 421 021 Structured Programming จะลงวิชาไหนไม่ได้บ้าง,"CP 421 024 การเขียนโปรแกรมเชิงวัตถุ
 
 3(2-2-5)
 
 Object Oriented Programming
 
 เงื่อนไขของรายวิชา : CP 421 021#
 
 
 
 แนวคิดเชิงวัตถุ การออกแบบวัตถุ วัตถุและคลาสการก าหนดค่าเริ่มต้นและการท าลายวัตถุ การ
 
 ก าหนดความรับผิดชอบ แนวคิดเชิงนามธรรม การห่อหุ้ม การสืบทอด การทับซ้อนและโอเวอร์โหลด ภาษาจา
 
 วาขั้นแนะน า แนวคิดการเขียนโปรแกรมของการเขียนโปรแกรมเชิงวัตถุ และการเขียนโปรแกรมภาษาจาวา
 
 การปฏิบัติการการเขียนโปรแกรมเชิงวัตถุ
 
 Object-oriented concepts, object design, object and class, object initialization and
 
 destroying, assignment responsibility, abstract concept, encapsulation, inheritance, override
 
 and overload, Introduction to Java programming, object-oriented programming concept and
 
 Java programming language, practice in Object Oriented Programming"
ใน Cyber ถ้าเราไม่ผ่านวิชา CP 422 011 Introduction to Computer Networking จะลงวิชาไหนไม่ได้บ้าง,"CP 422 032 การประมวลผลบนกลุ่มเมฆและการประยุกต์
 
 3(2-2-5)
 
 Cloud Computing and Application
 
 เงื่อนไขของรายวิชา : CP 422 011 หรือ เทียบเท่า#
 
 
 
 ภาพรวมและค าจ ากัดความของการประมวลผลแบบกลุ่มเมฆ สถาปัตยกรรมการประมวลผลแบบกลุ่ม
 
 เมฆ แพลตฟอร์มการประมวลผลแบบกลุ่มเมฆ กลุ่มเมฆสาธารณะ กลุ่มเมฆส่วนตัวและกลุ่มเมฆแบบ
 
 ผสมผสาน รูปแบบบริการกลุ่มเมฆ การให้บริการด้านแพลตฟอร์ม การให้บริการด้านโครงสร้างพื้นฐาน การ
 
 ให้บริการด้านซอฟต์แวร์ การใช้เครื่องมือและซอฟต์แวร์ที่เกี่ยวกับการประมวลผลแบบกลุ่มเมฆ การติดตั้ง
 
 และบ ารุงรักษากลุ่มเมฆ การพัฒนาการประยุกต์การประมวลผลแบบกลุ่มเมฆ การเชื่อมต่อระหว่างกลุ่มเมฆ
 
 กับอินเทอร์เน็ตของสรรพสิ่ง ความมั่นคงการประมวลผลแบบกลุ่มเมฆขั้นแนะน า การฝึกปฏิบัติการการ
 
 ประมวลผลบนกลุ่มเมฆ
 
 An overview and definition of cloud computing, cloud computing architecture, cloud
 
 computing platform, public private and hybrid clouds, cloud service model, platform as a
 
 service, infrastructure as a service, software as a service, tools and software concerning cloud
 
 computing, cloud installation and maintenance, cloud computing application development,
 
 interconnection between cloud and Internet of Things, introduction to cloud computing
 
 security, practice in Introduction to Cloud Computing
 
 =============================================================================
 
 CP 422 012 เครือข่ายไร้สายและเคลื่อนที่กับอินเทอร์เน็ตของทุกสิ่งขั้นแนะน า
 
 3(2-2-5)
 
 Introduction to Wireless and Mobile Networks with Internet of
 
 Things
 
 เงื่อนไขของรายวิชา : CP 422 011 หรือ เทียบเท่า#
 
 
 
 เทคโนโลยีเคลื่อนที่ขั้นแนะน า พื้นฐานเครือข่ายไร้สาย เครือข่ายไร้สายแบบเฉพาะที่ เครือข่ายไร้สาย
 
 แบบส่วนตัว อินเทอร์เน็ตของสรรพสิ่ง เครือข่ายตัวรับรู้ เครือข่ายเฉพาะกิจ เครือข่ายนครหลวงแบบไร้สาย
 
 เทคโนโลยีเซลลูลาร์ เทคโนโลยีอินเทอร์เน็ตบนเครือข่ายไร้สาย ทีซีพีในเครือข่ายไร้สาย หลักมูลด้านกายภาพ
 
 ความมั่นคงปลอดภัยบนเครือข่ายไร้สายขั้นแนะน า การฝึกปฏิบัติการเครือข่ายไร้สายและเคลื่อนที่กับ
 
 อินเทอร์เน็ตของทุกสิ่งขั้นแนะน า
 
 Introduction to mobile technology, wireless networking basic, wireless local area
 
 networks, wireless personal area networks, internet of thing, sensor networks, ad hoc
 
 networks, wireless metropolitan area networks, cellular technology, internet technology in
 
 wireless networks, TCP in wireless networks, fundamental to physical, introduction to wireless
 
 network security, practice in Introduction to Wireless and Mobile Networks with Internet of
 
 Things
 
 =============================================================================
 
 CP 423 211 การเชื่อมต่ออินเทอร์เน็ต
 
 3(2-2-5)
 
 Internetworking
 
 เงื่อนไขของรายวิชา : CP 422 011 หรือ เทียบเท่า หรือ CP 423 752#
 
 
 
 การเชื่อมต่ออินเทอร์เน็ตขั้นแนะน า โพรโทคอลสลับ - เอสทีพี อาร์เอสทีพี วีแลน แลนไร้สาย โพรโท
 
 คอลสลับเส้นทาง - วีแอลเอสเอ็ม เส้นทางสถิต เส้นทางพลวัต เส้นทางปริยาย อาร์ไอพี อีไอจีอาร์พี โอเอสพี
 
 เอฟ การสลับเส้นทางระหว่างโดเมนเบื้องต้น เอ็นเอที เอซีแอล วีพีเอ็น คิวโอเอส การจัดการเครือข่าย การ
 
 ออกแบบเครือข่าย การท าเสมือนเครือข่าย การวางเครือข่ายอัตโนมัติ การฝึกปฏิบัติการการเชื่อมต่อ
 
 อินเทอร์เน็ต
 
 Introduction to internetworking, switching protocols: STP, RSTP, VLAN, WLAN. routing
 
 protocols: VLSM, static route, dynamic route, default route, RIP, EIGRP, OSPF, basic
 
 interdomain routing, NAT, ACLs, VPN, QoS, network management, network design, network
 
 virtualization, network automation, practice in Internetworking
 
 =============================================================================
 
 CP 423 212 การเขียนโปรแกรมและการวางเครือข่ายอัตโนมัติ
 
 3(2-2-5)
 
 Network Automation and Programming
 
 เงื่อนไขของรายวิชา : CP 422 011 หรือ เทียบเท่า หรือ CP 423 752#
 
 
 
 การเขียนโปรแกรมและการวางเครือข่ายอัตโนมัติขั้นแนะน า การออกแบบและการพัฒนาซอฟต์แวร์
 
 ส่วนเชื่อมต่อโปรแกรมประยุกต์ พื้นฐานการด าเนินการเครือข่าย ความมั่นคงและการน าไปใช้โปรแกรม
 
 ประยุกต์ การวางเครือข่ายอัตโนมัติและโครงสร้างพื้นฐาน การพัฒนาและเพลตฟอร์มเดฟเน็ต การฝึก
 
 ปฏิบัติการการเขียนโปรแกรมและการวางเครือข่ายอัตโนมัติ
 
 Introduction to network automation and programming, software development and
 
 design, application programming interfaces, network operation fundamentals, application
 
 deployment and security, infrastructure, and automation, DevNet platforms and
 
 development, practice in Network Automation and Programming
 
 =============================================================================
 
 CP 423 213 การประกันคุณภาพ การบริหารและบ ารุงรักษาระบบ 1
 
 3(2-2-5)
 
 System Assurance, Administration and Maintenance I
 
 เงื่อนไขของรายวิชา : CP 422 011 หรือ เทียบเท่า หรือ CP 423 751#
 
 
 
 การบริหารระบบขั้นแนะน า เครือข่ายและระบบปฏิบัติการ การติดตั้งและความต้องระบบวินโดวส์
 
 การจัดการวินโดวส์ การติดตั้งและการก าหนดลักษณะสารระบบตื่นตัววินโดวส์ การสร้าง การจัดการ และการ
 
 กู้คืนวัตถุเอดี การจัดการนโยบายกลุ่ม การจัดการระบบไฟล์ การแบ่งปันข้อมูล การตรวจสอบบัญชีและความ
 
 มั่นคง การฝึกปฏิบัติการการประกันคุณภาพ การบริหารและบ ารุงรักษาระบบ 1
 
 Introduction to system administration, operating systems and networks, windows
 
 requirements and installations, managing windows, installing and configuring windows active
 
 directory, creating, managing, and restoring AD objects, group policy management, managing
 
 file systems, data sharing, security and auditing, practice in System Admin and maintenance I
 
 =============================================================================
 
 *CP 423 214 การประกันคุณภาพ การบริหารและบ ารุงรักษาระบบ 2
 
 3(2-2-5)
 
 System Assurance, Administration and Maintenance II
 
 เงื่อนไขของรายวิชา : CP 422 011 หรือ เทียบเท่า หรือ CP 423 752#
 
 
 
 การบริหารระบบขั้นกลางการประกันคุณภาพระบบ เครือข่ายและระบบปฏิบัติการ การติดตั้งและ
 
 ความต้องระบบ การจัดการฐานข้อมูล การติดตั้งและการก าหนดลักษณะสารระบบตื่นตัว การสร้าง การ
 
 จัดการ และการกู้คืนวัตถุเอดี การจัดการนโยบายกลุ่ม การจัดการระบบไฟล์ การแบ่งปันข้อมูล การตรวจสอบ
 
 บัญชีและความมั่นคงปลอดภัยไซเบอร์ การฝึกปฏิบัติการการประกันคุณภาพ การบริหารและบ ารุงรักษา
 
 ระบบ 2
 
 Intermedied level for system administration, system assurance, operating systems and
 
 networks, operating system requirements and installations, database management, installing
 
 and configuring active directory, creating, managing, and restoring AD objects, group policy
 
 management, managing file systems, data sharing, security and auditing, practice in System
 
 Assurance, Administration and Maintenance II
 
 =============================================================================
 
 *CP 423 215 การก าหนดลักษณะและการออกแบบเครือข่ายขั้นสูง
 
 3(2-2-5)
 
 Advanced Network Design and Configuration
 
 เงื่อนไขของรายวิชา : CP 422 011 หรือ เทียบเท่า หรือ CP 423 752#
 
 
 
 การออกแบบเครือข่ายซับซ้อนขั้นแนะน า การสลับเส้นทางแลนและแวนระดับองค์กร ไอพีเวอร์ชั้น 6
 
 อีไอจีอาร์พี โอเอสพีเอฟ บีจีพี การก าหนดลักษณะการสลับวิสหกิจขั้นซับซ้อน การบูรณาการที่มั่นคงของ วี
 
 แลน แลนไร้สาย เสียง และวิดีโอ การวางแผนและการด าเนินการการบ ารุงเครือข่าย การวิเคราะห์และ
 
 แก้ปัญหาเครือข่าย การฝึกปฏิบัติการการก าหนดลักษณะและการออกแบบเครือข่ายขั้นสูง
 
 Introduction to complex network design, enterprise LAN and WAN routing, IPv6, EIGRP,
 
 OSPF, BGP, configuring complex enterprise switching, secure integration of VLAN, WLAN, voice
 
 and video, planning and executing network maintenance, performing network analysis and
 
 troubleshooting, practice in Advanced Network Design and Configuration
 
 =============================================================================
 
 *CP 423 216 การเชื่อมต่ออินเทอร์เน็ตองค์กรและไอเอสพี
 
 3(2-2-5)
 
 Enterprise and ISP Internetworking
 
 เงื่อนไขของรายวิชา : CP 422 011 หรือ เทียบเท่า หรือ CP 423 752#
 
 
 
 สถาปัตยกรรมเครือข่ายองค์กร การวางเครือข่ายซ ้าซ้อน โพรโทคอลการท าเสมือน การสนับสนุนการ
 
 เคลื่อนที่ไร้สาย โพรโทคอลแบบมัลติคาสท์ โอเอสพีเอฟ อีบีจีพี อาร์เอสวีพี เอ็มพีแอลเอส วิศวกรรมจราจรไอ
 
 เอสพี การท าเสมือนโครงสร้างพื้นฐาน การวางโครงสร้างพื้นฐานอัตโนมัติ ความมั่นคงโครงสร้างพื้นฐาน การ
 
 ฝึกปฏิบัติการการเชื่อมต่ออินเทอร์เน็ตองค์กรและไอเอสพี
 
 Introduction to enterprise network architecture, network redundancy, virtualization
 
 protocols, wireless mobility support, multicast protocols, OSPF, EBGP, RSVP, MPLS, ISP traffic
 
 engineering, infrastructure virtualization, infrastructure automation, infrastructure security,
 
 practice in Enterprise and ISP Internetworking"
ใน Cyber วิชา CP 424 731 Cybersecurity Project I คืออะไร,"CP 424 731 โครงงานทางความมั่นคงปลอดภัยไซเบอร์ 1
 
 3(0-9-6)
 
 Cybersecurity Project I
 
 เงื่อนไขของรายวิชา : ไม่มี
 
 
 
 นักศึกษาจะต้องน าความรู้เกี่ยวกับกระบวนการท าวิจัยมาปฏิบัติจริงในรูปของโครงงาน ตั้งแต่
 
 กระบวนการวิเคราะห์ออกแบบจนถึงการพัฒนาโปรแกรมหรือระบบงานที่ใช้งานได้จริงหรืองานวิจัย รวมทั้ง
 
 การจัดท ารูปเล่มรายงานและน าเสนอโครงงานของนักศึกษา
 
 Students must do a specific project in which students apply the knowledge about
 
 research methodology acquired to design and develop a concrete program or system or
 
 research. The students must prepare reports and give presentation on their research projects"
ใน Cyber วิชา CP 421 021 การเขียนโปรแกรมเชิงโครงสร้าง คืออะไร,"CP 421 021 การเขียนโปรแกรมเชิงโครงสร้าง
 
 3(2-2-5)
 
 Structured Programming
 
 เงื่อนไขของรายวิชา : ไม่มี
 
 
 
 การเขียนโปรแกรมคอมพิวเตอร์ขั้นแนะน า ผังงาน ซูโดโค้ด การแก้ปัญหา การคิดเชิงตรรกะ ชนิด
 
 ข้อมูล ตัวแปร โครงสร้างควบคุม อาร์เรย์ ฟังก์ชัน การน าเข้า/การส่งออก ไฟล์ การฝึกปฏิบัติการเขียน
 
 โปรแกรมเชิงโครงสร้าง
 
 Introduction to computer programming: flowchart, pseudocode, problem solving,
 
 logical thinking, data types, variables, control structure, array, function, input/output, file,
 
 practice in Structured Programming"
ใน Cyber วิชา CP 421 024 Object Oriented Programming คือวิชาอะไร,"CP 421 024 การเขียนโปรแกรมเชิงวัตถุ
 
 3(2-2-5)
 
 Object Oriented Programming
 
 เงื่อนไขของรายวิชา : CP 421 021#
 
 
 
 แนวคิดเชิงวัตถุ การออกแบบวัตถุ วัตถุและคลาสการก าหนดค่าเริ่มต้นและการท าลายวัตถุ การ
 
 ก าหนดความรับผิดชอบ แนวคิดเชิงนามธรรม การห่อหุ้ม การสืบทอด การทับซ้อนและโอเวอร์โหลด ภาษาจา
 
 วาขั้นแนะน า แนวคิดการเขียนโปรแกรมของการเขียนโปรแกรมเชิงวัตถุ และการเขียนโปรแกรมภาษาจาวา
 
 การปฏิบัติการการเขียนโปรแกรมเชิงวัตถุ
 
 Object-oriented concepts, object design, object and class, object initialization and
 
 destroying, assignment responsibility, abstract concept, encapsulation, inheritance, override
 
 and overload, Introduction to Java programming, object-oriented programming concept and
 
 Java programming language, practice in Object Oriented Programming"
ใน Cyber วิชา CP 421 023 ขั้นตอนวิธีและโครงสร้างข้อมูล คืออะไร,"CP 421 023 ขั้นตอนวิธีและโครงสร้างข้อมูล
 
 3(2-2-5)
 
 Algorithm and Data structure
 
 เงื่อนไขของรายวิชา : ไม่มี
 
 
 
 หลักมูลของขั้นตอนวิธี โครงสร้างข้อมูลแบบเชิงเส้น แถวล าดับ เรียงทับซ้อน แถวคอย แถวคอยสอง
 
 ด้าน รายการโยง รายการวง รายการโยงคู่ รายการหลายตัวโยง โครงสร้างข้อมูลไม่เชิงเส้น โครงสร้างรูปต้นไม้
 
 และกราฟ เทคนิคการเรียงล าดับและการค้นหาข้อมูล การฝึกปฏิบัติการขั้นตอนวิธีและโครงสร้างข้อมูล
 
 Fundamental of algorithms, linear data structure, arrays, stacks, queues, deques, links
 
 lists, circular lists, doubly linked lists, multilinked lists, non- linear data structures, tree
 
 structure and graphs, sorting and searching techniques, practice in Algorithm and Data
 
 structure"
ใน Cyber วิชา CP 423 324 ความมั่นคงปลอดภัยฐานข้อมูลและเว็บ กับ CP 423 326 ความมั่นคงปลอดภัยบนคลาวด์ ต่างกันอย่างไร,"CP 423 324 ความมั่นคงปลอดภัยฐานข้อมูลและเว็บ
 3(2-2-5)
 Database and Web Security
 
 เงื่อนไขของรายวิชา : CP 422 031 หรือ เทียบเท่า หรือ CP 423 752#
 
 แนะน าเกี่ยวกับความมั่นคงปลอดภัยระบบปฏิบัติการ การดูแลโปรไฟล์ผู้ใช้ นโยบายรหัสผ่าน สิทธิ์
 และบทบาท โมเดลความปลอดภัยของแอปพลิเคชันฐานข้อมูล โมเดลเชิงสัมพันธ์ที่ปลอดภัยหลายระดับ
 แบบจ าลองการควบคุมการเข้าถึง แนะน าเกี่ยวกับความมั่นคงปลอดภัยของเว็บและภาพรวมของภัยคุกคามที่
 เกี่ยวข้อง โมเดลความมั่นคงปลอดภัยของเว็บ การรักษาช่องทางการสื่อสาร การป้องกันการเข้าถึงโดยไม่ได้รับ
 อนุญาต การจัดการข้อมูลที่ไม่น่าเชื่อถืออย่างมั่นคงปลอดภัย ภาพรวมของแนวทางปฏิบัติที่ดีในปัจจุบัน
 ส าหรับการสร้างเว็บแอปพลิเคชันที่ปลอดภัย การฝึกปฏิบัติการความมั่นคงปลอดภัยฐานข้อมูลและเว็บ
 Introduction to operating system security, administration of users profiles, password
 policies, privileges, and roles, database application security models, multilevel secure
 relational model, access control models, introduction to web security and an overview of
 relevant threats, the security model of the web, securing the communication channel,
 preventing unauthorized access, securely handling untrusted data, overview of current best
 practices for building secure web applications, practice in Database and Web Security
 =============================================================================
 CP 423 326 ความมั่นคงปลอดภัยบนคลาวด์
 3(2-2-5)
 Cloud Security
 เงื่อนไขของรายวิชา : CP 422 031 หรือ เทียบเท่า หรือ CP 423 751#
 
 แนะน าเกี่ยวกับคลาวด์คอมพิวติ้งและพื้นฐานความมั่นคงปลอดภัย การออกแบบและความมั่นคง
 ปลอดภัยของโครงสร้างพื้นฐานบนคลาวด์ การจัดการสินทรัพย์บนคลาวด์ การปกป้องข้อมูลบนคลาวด์ การ
 ระบุตัวตนและการจัดการการเข้าถึงบนคลาวด์ ความมั่นคงปลอดภัยของเครือข่ายคลาวด์ การจัดการภัย
 คุกคามความมั่นคงปลอดภัยบนคลาวด์ การปฏิบัติตามข้อก าหนดและข้อบังคับ การปฏิบัติการความมั่นคง
 ปลอดภัยบนคลาวด์
 Introduction to cloud computing and security foundations, cloud infrastructure design
 and security, cloud asset management, cloud data protection, cloud identity and access
 management, cloud network security, cloud security threat management, compliance and
 regulations, practice in Cloud Security"
ใน Cyber วิชา CP 423 321 Software Security กับ CP 423 324 Database and Web Security ต่างกันอย่างไร,"CP 423 321 ความมั่นคงปลอดภัยซอฟต์แวร์
 3(2-2-5)
 Software Security
 เงื่อนไขของรายวิชา : CP 422 031 หรือ เทียบเท่า หรือ CP 423 752#
 
 แนะน าเกี่ยวกับความมั่นคงปลอดภัยทางซอฟต์แวร์ ปัญหาความมั่นคงปลอดภัยซอฟต์แวร์ รูปแบบ
 การรับประกันซอฟต์แวร์ เฟรมเวิร์กการบริหารความเสี่ยง แนวปฏิบัติด้านความมั่นคงปลอดภัยที่ดีและ
 ข้อบกพร่องด้านความมั่นคงปลอดภัย การออกแบบและพัฒนาซอฟต์แวร์ที่มีมั่นคงปลอดภัย การทดสอบ
 ความมั่นคงปลอดภัย (การทดสอบเพนน์) การทดสอบความมั่นคงปลอดภัยบนพื้นฐานความเสี่ยง (การ
 ตรวจสอบโค้ด การวิเคราะห์ความเสี่ยงด้านสถาปัตยกรรม) ความมั่นคงปลอดภัยซอฟต์แวร์ในองค์กรขนาด
 ใหญ่ การฝึกปฏิบัติการความมั่นคงปลอดภัยซอฟต์แวร์
 Introduction to software security, software security problems, software assurance
 model, risk management framework, security best practices and security flaws, secure
 software design and development, security testing (Penn testing), risk-based security testing
 (code review, architecture risk analysis), software security in enterprise business, practice in
 Software Security
 =============================================================================
 CP 423 324 ความมั่นคงปลอดภัยฐานข้อมูลและเว็บ
 
 3(2-2-5)
 
 Database and Web Security
 
 
 
 เงื่อนไขของรายวิชา : CP 422 031 หรือ เทียบเท่า หรือ CP 423 752#
 
 
 
 แนะน าเกี่ยวกับความมั่นคงปลอดภัยระบบปฏิบัติการ การดูแลโปรไฟล์ผู้ใช้ นโยบายรหัสผ่าน สิทธิ์
 
 และบทบาท โมเดลความปลอดภัยของแอปพลิเคชันฐานข้อมูล โมเดลเชิงสัมพันธ์ที่ปลอดภัยหลายระดับ
 
 แบบจ าลองการควบคุมการเข้าถึง แนะน าเกี่ยวกับความมั่นคงปลอดภัยของเว็บและภาพรวมของภัยคุกคามที่
 
 เกี่ยวข้อง โมเดลความมั่นคงปลอดภัยของเว็บ การรักษาช่องทางการสื่อสาร การป้องกันการเข้าถึงโดยไม่ได้รับ
 
 อนุญาต การจัดการข้อมูลที่ไม่น่าเชื่อถืออย่างมั่นคงปลอดภัย ภาพรวมของแนวทางปฏิบัติที่ดีในปัจจุบัน
 
 ส าหรับการสร้างเว็บแอปพลิเคชันที่ปลอดภัย การฝึกปฏิบัติการความมั่นคงปลอดภัยฐานข้อมูลและเว็บ
 
 Introduction to operating system security, administration of users profiles, password
 
 policies, privileges, and roles, database application security models, multilevel secure
 
 relational model, access control models, introduction to web security and an overview of
 
 relevant threats, the security model of the web, securing the communication channel,
 
 preventing unauthorized access, securely handling untrusted data, overview of current best
 
 practices for building secure web applications, practice in Database and Web Security"
ใน Cyber วิชา CP 423 322 การวิเคราะห์และป้องกันมัลแวร์ กับ CP 423 325 ความมั่นคงปลอดภัยเครือข่ายไร้สาย เครือข่ายเคลื่อนที่และอินเทอร์เน็ตของสรรพสิ่ง ต่างกันอย่างไร,"CP 423 322 การวิเคราะห์และป้องกันมัลแวร์
 3(2-2-5)
 Malware Analysis and Protection
 เงื่อนไขของรายวิชา : CP 422 031 หรือ เทียบเท่า หรือ CP 423 752#
 
 แนะน าเกี่ยวกับมัลแวร์ มัลแวร์ที่พบในปัจจุบัน การวิเคราะห์มัลแวร์ แนะน าการเข้ารหัสของมัลแวร์
 เทคนิคแอนติดีบักกิ้ง เทคนิคแอนติวีเอ็ม การท าโค้ดคลุมเครือ เทคนิคการป้องกันการตรวจจับ อัลกอริทึม
 ตรวจจับมัลแวร์ การประเมินคุณภาพแอนติไวรัส การฝึกปฏิบัติการการวิเคราะห์และป้องกันมัลแวร์
 Introduction to malware, current malicious software, analysis of malicious software,
 introduction to encrypted malware, anti-debugging techniques, anti-VM techniques, code
 obfuscation, techniques of protection against detection, malware detection algorithm,
 antivirus quality estimation, practice in Malware Analysis and Protection
 =============================================================================CP 423 325 ความมั่นคงปลอดภัยเครือข่ายไร้สาย เครือข่ายเคลื่อนที่และอินเทอร์เน็ตของ
 สรรพสิ่ง
 3(2-2-5)
 Wireless network, Mobile network, and Internet of Things Security
 เงื่อนไขของรายวิชา : CP 422 031 หรือ เทียบเท่า หรือ CP 423 752#
 
 แนะน าเกี่ยวกับความมั่นคงความปลอดภัยเครือข่ายไร้สาย โมบายและ IoT โปรโตคอลการเข้ารหัส
 แบบปรับตัวในการประมวลผลแบบโมบาย การพิสูจน์ตัวตนแบบปรับเปลี่ยนการเคลื่อนย้ายข้ามโดเมน โมเดล
 การตรวจสอบสิทธิ์ล่วงหน้าและการตรวจสอบสิทธิ์ในเครือข่ายเฉพาะกิจ การส่งเสริมการจัดการคีย์ตามข้อมูล
 ประจ าตัว การโจมตีและมาตรการตอบโต้ การรวมข้อมูลที่มั่นคงปลอดภัยและยืดหยุ่น การก าหนดเส้นทางที่
 มั่นคงปลอดภัยใน MANET ระบบตรวจจับการบุกรุกใน MANET ปัญหาด้านความปลอดภัยในเครือข่าย GSM,
 3G และ 4G ข้อกังวลด้านความปลอดภัยในเครือข่าย 5G, การก าหนดเส้นทางที่มั่นคงปลอดภัยในเครือข่าย
 เซ็นเซอร์ ปัญหาความมั่นคงปลอดภัยและความเป็นส่วนตัวใน IoT การจัดการข้อมูลประจ าตัวและการเข้าถึง
 แนวทางปฏิบัติที่ดีส าหรับการรักษาความมั่นคงปลอดภัย IoT การฝึกปฏิบัติการความมั่นคงปลอดภัยเครือข่าย
 ไร้สาย เครือข่ายเคลื่อนที่และอินเทอร์เน็ตของสรรพสิ่ง
 Introduction to wireless network, mobile and IoT security, an adaptive encryption
 protocol in mobile computing, cross domain mobility adaptive authentication, pre-
 authentication and authentication models in Ad Hoc networks, promoting identity-based key
 management, attacks and countermeasures, secure and resilient data aggregation, secure
 routing in MANET, intrusion detection system in MANET, security issues in GSM, 3G and 4G
 networks, Security concerns in 5G networks, secure routing in sensor networks, security and
 privacy issues in IoT, identity and access management, best practices for IoT security, practice
 in Wireless network, Mobile network, and Internet of Things Security"
ใน Cyber วิชา CP 423 326 Cloud Security กับ CP 423 327 Security Platform Development and Operation ต่างกันอย่างไร,"CP 423 326 ความมั่นคงปลอดภัยบนคลาวด์
 3(2-2-5)
 Cloud Security
 เงื่อนไขของรายวิชา : CP 422 031 หรือ เทียบเท่า หรือ CP 423 751#
 
 แนะน าเกี่ยวกับคลาวด์คอมพิวติ้งและพื้นฐานความมั่นคงปลอดภัย การออกแบบและความมั่นคง
 ปลอดภัยของโครงสร้างพื้นฐานบนคลาวด์ การจัดการสินทรัพย์บนคลาวด์ การปกป้องข้อมูลบนคลาวด์ การ
 ระบุตัวตนและการจัดการการเข้าถึงบนคลาวด์ ความมั่นคงปลอดภัยของเครือข่ายคลาวด์ การจัดการภัย
 คุกคามความมั่นคงปลอดภัยบนคลาวด์ การปฏิบัติตามข้อก าหนดและข้อบังคับ การปฏิบัติการความมั่นคง
 ปลอดภัยบนคลาวด์
 Introduction to cloud computing and security foundations, cloud infrastructure design
 and security, cloud asset management, cloud data protection, cloud identity and access
 management, cloud network security, cloud security threat management, compliance and
 regulations, practice in Cloud Security
 =============================================================================
 CP 423 327 การพัฒนาและด าเนินงานด้านความปลอดภัยบนแพลตฟอร์ม
 
 3(2-2-5)
 
 Security Platform Development and Operation
 
 เงื่อนไขของรายวิชา : CP 422 031 หรือ เทียบเท่า หรือ CP 423 751#
 
 แนะน าเกี่ยวกับแนวทางปฏิบัติในด้านความปลอดภัยในการพัฒนาแอปพลิเคชัน วงจรการพัฒนา
 
 ซอฟต์แวร์ที่มีความปลอดภัย การสร้างผนวกรวมทีมพัฒนาและทีมปฏิบัติการเข้ากับทีมรักษาความปลอดภัย
 
 ไว้ในวงจรการพัฒนาซอฟต์แวร์ (DevSecOps) การสร้างความปลอดภัยให้กับกระบวนท างาน การผนวกรวม
 
 ระบบและการส่งมอบระบบ (CI/CD) การฝึกปฏิบัติการการพัฒนาและด าเนินงานด้านความปลอดภัยบน
 
 แพลตฟอร์ม
 
 Introduction to trending practice in application security (AppSec), Security earlier in the
 
 software development life cycle (SDLC), Collaborative between development and operations
 
 teams to integrate security teams in the software delivery cycle, Security awareness in the
 
 SDLC, Integration and continuous delivery (CI/CD) workflow, practice in Security Platform
 
 Development and Operation"
ใน Cyber วิชา CP 423 436 Digital Forensic กับ วิชา CP 423 435 Cybersecurity Threat Intelligence ต่างกันอย่างไร,"CP 423 435 ข่าวกรองภัยคุกคามไซเบอร์
 
 3(2-2-5)
 
 Cybersecurity Threat Intelligence
 
 เงื่อนไขของรายวิชา : CP 422 031 หรือ เทียบเท่า หรือ CP 423 752#
 
 
 
 วงจรชีวิตและกรอบการท างานข่าวกรองภัยคุกคาม ภัยคุกคามไซเบอร์และการหยุดห่วงโซ่ไซเบอร์
 
 เครื่องชี้วัดของการประนีประนอม ความต้องการ การวางแผนและทิศทาง ทีมข่าวกรองภัยคุกคาม การ
 
 รวบรวมข้อมูลข่าวกรองภัยคุกคาม การได้มาและการจัดการ การประมวลผลข้อมูลและการใช้ประโยชน์ การ
 
 วิเคราะห์ข้อมูล การประเมินข่าวกรองภัยคุกคาม เครื่องมือการข่าวกรองภัยคุกคาม การรายงานและการ
 
 เผยแพร่ข่าวกรองภัยคุกคาม กลไกการส่งมอบ การแบ่งปันและกฎระเบียบข่าวกรองภัยคุกคาม การบูรณาการ
 
 ข่าวกรองภัยคุกคาม การฝึกปฏิบัติการข่าวกรองภัยคุกคามไซเบอร์
 
 Threat intelligence lifecycle and framework, Cybersecurity threat and Cybersecurity kill
 
 chain, indicator of compromise, requirement, planning and direction, threat intelligence team,
 
 threat intelligence data collection, acquisition and management, data processing and
 
 exploitation, data analysis, threat intelligence evaluation, threat intelligence tool, threat
 
 intelligence reporting and dissemination, delivery mechanism, threat intelligence sharing and
 
 regulation, threat intelligence integration, practice in Cybersecurity Threat Intelligence
 =================================================================================
 CP 423 436 นิติดิจิทัล
 3(2-2-5)
 Digital Forensic
 เงื่อนไขของรายวิชา : CP 422 031 หรือ เทียบเท่า หรือ CP 423 752#
 
 การตรวจสอบดิจิทัล หลักฐานดิจิทัล การวิเคราะห์และกู้คืนระบบไฟล์ การวิเคราะห์สื่อ การซ่อน
 ข้อมูล การวิเคราะห์การติดตามและกู้คืน นิติระบบ นิติแพลตฟอร์ม นิติเครือข่าย นิติแอปพลิเคชัน นิติ
 ฐานข้อมูล นิติเครือข่ายไร้สายและเคลื่อนที่ นิติอินเทอร์เน็ตของสรรพสิ่ง นิติคลาวด์ เครื่องมือและซอฟต์แวร์
 นิติ รายงานนิติ ประเด็นกฎหมายทางนิติดิจิทัล หัวข้อพิเศษทางนิติดิจิทัล การฝึกปฏิบัติการนิติดิจิทัล
 Digital investigation, digital evidence, file system analysis and recovery, media analysis,
 information hiding, trace and recovery analysis, system forensic, platform forensic, network
 forensic, application forensic, database forensic, wireless and mobile network forensic,
 internet of thing forensic, cloud forensic, forensic software and tool, forensic report, legal
 issue in digital forensic, special topic in digital forensic, practice in Digital Forensic"
ใน Cyber วิชา CP 422 641 กับ วิชา CP 423 643 แตกต่างกันอย่างไรครับ,"CP 422 641 ปัญญาประดิษฐ์ในการรักษาความมั่นคงปลอดภัยไซเบอร์
 
 3(2-2-5)
 
 Artificial Intelligence in Cybersecurity
 
 เงื่อนไขของรายวิชา : CP 422 031 หรือ เทียบเท่า หรือ CP 423 752#
 
 
 
 แนวคิด หลักการ ทฤษฎีเกี่ยวกับปัญญาประดิษฐ์ การเรียนรู้ของเครื่อง การเรียนรู้แบบมีผู้สอน การ
 
 เรียนรู้แบบไม่มีผู้สอน ระบบผู้เชี่ยวชาญ การค้นหาและการหาค่าที่เหมาะที่สุด การประยุกต์ใช้งาน
 
 ปัญญาประดิษฐ์ในงานรักษาความมั่นคงปลอดภัยไซเบอร์ การฝึกปฏิบัติการปัญญาประดิษฐ์ในการรักษาความ
 
 มั่นคงปลอดภัยไซเบอร์
 
 Principles, concepts, and theory of artificial intelligence; Machine learning, Supervised
 
 learning, Unsupervised learning, Expert system, Search and optimization, Applications of
 
 artificial intelligence in Cybersecurity, practice in Artificial Intelligence in Cybersecurity
 =============================================================================
 CP 423 643 การท าเหมืองและวิเคราะห์ความมั่นคงปลอดภัยไซเบอร์
 
 3(2-2-5)
 
 Cybersecurity Mining and Analytic
 
 เงื่อนไขของรายวิชา : CP 422 031 หรือ เทียบเท่า หรือ CP 423 752#
 
 
 
 พื้นฐานของความมั่นคงปลอดภัยไซเบอร์ การท าเหมืองข้อมูลและการวิเคราะห์ข้อมูล แนวคิด
 
 เบื้องต้นเกี่ยวกับการค้นหาองค์ความรู้จากฐานข้อมูล ประเภทของการโจมตีทางไซเบอร์ การท าเหมืองข้อมูล
 
 เพื่อค้นหาความผิดปกติ เครื่องมือส าหรับการวิเคราะห์ข้อมูลและการตรวจจับความผิดปกติ การเตรียมข้อมูล
 
 การจ าแนกข้อมูล การจัดกลุ่มข้อมูล และการวิเคราะห์กฎความสัมพันธ์ของข้อมูล การประยุกต์ใช้การท า
 
 เหมืองข้อมูลและการวิเคราะห์ข้อมูลเพื่อความมั่นคงปลอดภัยไซเบอร์ การฝึกปฏิบัติการการท าเหมืองและ
 
 วิเคราะห์ความมั่นคงปลอดภัยไซเบอร์
 
 Foundations of cybersecurity, data mining and data analytic, fundamental concepts of
 
 knowledge discovery in databases, types of Cybersecurity attacks, data mining for discovering
 
 anomalies, tools for data analytics and anomaly detection, data preprocessing, classification,
 
 clustering, and association rules analysis, applications of data mining and data analysis for
 
 cybersecurity, practice in Cybersecurity Mining and Analytic"
ใน Cyber วิชา CP 423 641 กับ วิชา CP 423 642 ต่างกันอย่างไรครับ,"CP 423 641 ความมั่นคงปลอดภัยไซเบอร์ในเทคโนโลยีเชิงปฏิบัติงาน
 3(2-2-5)
 Cybersecurity in Operational Technology
 เงื่อนไขของรายวิชา : CP 422 031 หรือ เทียบเท่า หรือ CP 423 752#
 เทคโนโลยีเชิงปฏิบัติงานและความมั่นคงปลอดภัยไซเบอร์ขั้นแนะน า ระบบควบคุมแบบกระจาย การ
 ควบคุมก ากับดูแลและการได้มาซึ่งข้อมูล ระบบควบคุมสั่งงานทางอุตสาหกรรม การควบรวมเทคโนโลยี
 สารสนเทศและเทคโนโลยีเชิงปฏิบัติงาน การออกแบบทางตรรกะและส่วนประกอบ โปรโตคอลเครือข่าย การ
 วิเคราะห์มอดบัส และความมั่นคงปลอดภัยไซเบอร์ในเทคโนโลยีควบคุม
 Introduction to operational technology Cybersecurity, Operational Technology
 terminology Distributed Control System (DCS), Supervisory Control And Data Acquisition
 (SCADA), Industrial Control Systems (ICS), IT / OT Gap and Convergence, Logical design and
 components, Network Protocols, Modbus Analysis, Operational Technology Cybersecurity
 Controls
 =============================================================================
 CP 423 642 วิทยาการการเข้ารหัสสมัยใหม่และการวิเคราะห์การเข้ารหัส
 
 3(2-2-5)
 
 Modern Cryptography and Cryptanalysis
 
 เงื่อนไขของรายวิชา : CP 422 031 หรือ เทียบเท่า หรือ CP 423 752#
 
 
 
 หลักการความปลอดภัยของข้อมูล ภัยคุกคามและการโจมตี พื้นฐานวิทยาการรหัสลับ การวิเคราะห์
 
 การเข้ารหัสลับ วิทยาการรหัสแบบบล็อค วิทยาการรหัสแบบกระแสข้อมูล วิทยาการรหัสลับแบบสมมาตร
 
 และอสมมาตร ฟังก์ชันแฮช การพิสูจน์ตัวตน ลายเซ็นดิจิทัล การประยุกต์ใช้งานวิทยาการรหัสลับ การฝึก
 
 ปฏิบัติการวิทยาการการเข้ารหัสสมัยใหม่และการวิเคราะห์การเข้ารหัส
 
 Principles of data security; Threats and attacks, Introduction to cryptography,
 
 Cryptanalysis, Block cipher, Stream cipher, Symmetric and asymmetric cryptography, Hash
 
 functions, Authentication, Digital signature, Applications of cryptography, practice in Modern
 
 Cryptography and Cryptanalysis"
ใน Cyber หมวดวิชาเลือกสาขามีกี่กลุ่มและแต่ละกลุ่มมีวิชาอะไรบ้าง,"(2.7) หมวดวิชาเลือกสาขา (Elective Courses) ไม่น้อยกว่า 21 หน่วยกิต
 ให้นักศึกษาเลือกเรียนรายวิชาในกลุ่มย่อยใด ๆ จ านวนไม่น้อยกว่า 21 หน่วยกิต และสามารถเลือกเรียนในรายวิชาอื่น
 ๆ ของหลักสูตรที่มีการเปิดสอนเพิ่มเติมในภายหลัง โดยความเห็นชอบของคณะกรรมการบริหารหลักสูตร
 (2.7.1) กลุ่มวิชาความมั่นคงปลอดภัยไซเบอร์
 ก. กลุ่มย่อยที่ 1 ความมั่นคงปลอดภัยในระบบเครือข่ายคอมพิวเตอร์
 *CP 423 211 การเชื่อมต่ออินเทอร์เน็ต
 3(2-2-5)
 Internetworking
 
 *CP 423 212 การเขียนโปรแกรมและการวางเครือข่ายอัตโนมัติ
 3(2-2-5)
 Network Automation and Programming
 
 *CP 423 213 การประกันคุณภาพ การบริหารและบ ารุงรักษาระบบ 1
 3(2-2-5)
 System Assurance, Administration and Maintenance
 assurance
 
 *CP 423 214 การประกันคุณภาพ การบริหารและบ ารุงรักษาระบบ 2
 3(2-2-5)
 System Assurance, Administration and Maintenance
 assurance
 
 *CP 423 215 การก าหนดลักษณะและการออกแบบเครือข่ายขั้นสูง
 3(2-2-5)
 Advanced Network Design and Configuration
 
 *CP 423 216 การเชื่อมต่ออินเทอร์เน็ตองค์กรและไอเอสพี
 3(2-2-5)
 Enterprise and ISP Internetworking
 
 ข. กลุ่มย่อยที่ 2 เทคโนโลยีความมั่นคงปลอดภัยในแพลตฟอร์ม
 *CP 423 321 ความมั่นคงปลอดภัยซอฟต์แวร์
 3(2-2-5)
 Software Security
 
 *CP 423 322 การวิเคราะห์และป้องกันมัลแวร์
 3(2-2-5)
 Malware Analysis and Protection
 
 *CP 423 323 การวิเคราะห์เครือข่ายสังคม
 3(2-2-5)
 Social Network Analysis
 
 *CP 423 324 ความมั่นคงปลอดภัยฐานข้อมูลและเว็บ
 3(2-2-5)
 Database and Web Security
 
 *CP 423 325 ความมั่นคงปลอดภัยเครือข่ายไร้สาย เครือข่ายเคลื่อนที่และ
 อินเทอร์เน็ตของสรรพสิ่ง
 3(2-2-5)
 Wireless network, Mobile network, and Internet of Things
 Security
 
 *CP 423 326 ความมั่นคงปลอดภัยบนคลาวด์
 3(2-2-5)
 Cloud Security
 
 *CP 423 327 การพัฒนาและด าเนินงานด้านความปลอดภัยบนแพลตฟอร์ม
 3(2-2-5)
 Security Platform Development and Operation
 
 ค. กลุ่มย่อยที่ 3 การตรวจจับและการป้องกันความมั่นคงปลอดภัยไซเบอร์
 *CP 423 431 การโจมตีไซเบอร์อย่างมีจริยธรรม
 3(2-2-5)
 Ethical Cybersecurity Hacking
 
 *CP 423 432 การป้องกันไซเบอร์และการตรวจจับป้องกันการบุกรุก
 3(2-2-5)
 Cybersecurity Defense and Intrusion Detection/Protection
 
 *CP 423 433 การทดสอบการเจาะระบบ
 3(2-2-5)
 Cybersecurity Penetration Testing
 
 *CP 423 434 การจัดการเหตุการณ์ความผิดปกติด้านความมั่นคงปลอดภัยไซเบอร์ 3(2-2-5)
 Cybersecurity Incident Event Handling
 
 *CP 423 435 ข่าวกรองภัยคุกคามไซเบอร์
 3(2-2-5)
 Cybersecurity Threat Intelligence
 
 *CP 423 436 นิติดิจิทัล
 3(2-2-5)
 Digital Forensic
 
 *CP 423 437 การจ าลองยุทธทางความมั่นคงปลอดภัยไซเบอร์
 3(2-2-5)
 Cybersecurity Range Simulation
 
 ง. กลุ่มย่อยที่ 4 นโยบายและการจัดการเกี่ยวกับความมั่นคงปลอดภัยไซเบอร์
 *CP 423 531 การตรวจสอบระบบสารสนเทศและความมั่นคงปลอดภัยไซเบอร์
 3(3-0-6)
 Information System and Cybersecurity Audit
 
 *CP 423 532 สถาปัตยกรรมความปลอดภัยส าหรับองค์กร
 3(3-0-6)
 Enterprise Security Architecture
 *CP 423 533 มาตรฐานและกรอบแนวคิดด้านความมั่นคงปลอดภัยไซเบอร์
 3(3-0-6)
 Cybersecurity Standards and Framework
 
 จ. กลุ่มย่อยที่ 5 ทฤษฎีและการประยุกต์เกี่ยวกับความมั่นคงปลอดภัยไซเบอร์
 *CP 423 641 ความมั่นคงปลอดภัยไซเบอร์ในเทคโนโลยีเชิงปฏิบัติงาน
 3(2-2-5)
 Cybersecurity in Operational Technology
 
 *CP 423 642 วิทยาการการเข้ารหัสสมัยใหม่และการวิเคราะห์การเข้ารหัส
 3(2-2-5)
 Modern Cryptography and Cryptanalysis
 
 *CP 423 643 การท าเหมืองและวิเคราะห์ความมั่นคงปลอดภัยไซเบอร์
 3(2-2-5)
 Cybersecurity Mining and Analytic
 
 *CP 423 644 แอปพลิเคชันไร้ศูนย์กลาง บล็อกเชนและเทคโนโลยีสกุลเงินดิจิทัล
 3(2-2-5)
 Decentralized Application, Blockchain and
 Cryptocurrency Technology
 
 *CP 423 645 การรักษาความมั่นคงปลอดภัยไซเบอร์เชิงควอนตัม
 3(2-2-5)
 Quantum Cybersecurity
 
 *CP 423 701 ปัญหาพิเศษด้านความมั่นคงปลอดภัยไซเบอร์
 3(2-2-5)
 Special Topics in Cybersecurity"
ใน Cyber เราจะได้ทำโครงงานปีไหน,"แบบเลือกเรียนวิชาโครงงาน (1)
 
 ปีที่ 3 ภาคการศึกษาที่ 1
 
 หน่วยกิต
 
 CP 423 XXX วิชาเลือก หรือ ชุดวิชา
 
 21 หน่วยกิต
 
 Elective Course or Module Course
 
 
 
 รวมจ านวนหน่วยกิตลงทะเบียนเรียน 21
 
 หน่วยกิต
 
 
 
 รวมจ านวนหน่วยกิตสะสม 103
 
 หน่วยกิต
 
 
 
 ปีที่ 3 ภาคการศึกษาที่ 2
 
 หน่วยกิต
 
 CP 423 151 มาตรฐานวิชาชีพขั้นพื้นฐานด้านวิทยาการค านวณ
 
 1(1-0-2)
 
 Computing Career Professional Standards
 
 
 
 CP 423 131 มาตรฐานวิชาชีพขั้นพื้นฐานด้านความมั่นคงปลอดภัยไซเบอร์
 
 2(2-0-4)
 
 Cybersecurity Career Professional Standards
 
 
 
 CP 423 132 มาตรฐานวิชาชีพชั้นสูงด้านความมั่นคงปลอดภัยไซเบอร์
 
 3(3-0-6)
 
 Advance Cybersecurity Career Professional Standards
 
 
 
 *รายวิชา CP 423 151, CP 423 131, CP 423 132 หลักสูตรจะจัดท าการเรียนการสอนในยุคใหม่แบบ On-
 
 Demand Self Paced Learning
 
 CP 423 741 ระเบียบวิธีวิจัยและสัมมนาเชิงปฏิบัติการด้านความมั่นคงปลอดภัยไซเบอร์
 
 3(3-0-6)
 
 Cybersecurity Research Methodology, Workshop and Seminar
 
 
 
 รวมจ านวนหน่วยกิตลงทะเบียนเรียน 9
 
 หน่วยกิต
 
 
 
 รวมจ านวนหน่วยกิตสะสม 112
 
 หน่วยกิต
 
 
 
 ปีที่ 4 ภาคการศึกษาที่ 1
 
 หน่วยกิต
 
 CP 424 731 โครงงานทางความมั่นคงปลอดภัยไซเบอร์ 1
 
 3(0-9-6)
 
 
 
 Cybersecurity Project I
 
 
 
 XXX XXX วิชาเลือกเสรี
 
 6 หน่วยกิต
 
 Free Elective
 
 
 
 รวมจ านวนหน่วยกิตลงทะเบียนเรียน 9
 
 หน่วยกิต
 
 
 
 รวมจ านวนหน่วยกิตสะสม 121
 
 หน่วยกิต
 
 
 
 ปีที่ 4 ภาคการศึกษาที่ 2
 
 หน่วยกิต
 
 CP 424 732 โครงงานทางความมั่นคงปลอดภัยไซเบอร์ 2
 
 3(0-9-6)
 
 Cybersecurity Project II
 
 
 
 รวมจ านวนหน่วยกิตลงทะเบียนเรียน 3
 
 หน่วยกิต
 
 
 
 รวมจ านวนหน่วยกิตสะสม 124
 
 หน่วยกิต"
ใน Cyber ตอนนี้เราอยู่ปี 3 ถ้าเลือกแผนสหกิจศึกษาต้องทำยังไงบ้าง,"แบบเลือกเรียนวิชาสหกิจศึกษา (2)
 
 ปีที่ 3 ภาคการศึกษาที่ 1
 
 หน่วยกิต
 
 CP 423 XXX วิชาเลือก หรือ ชุดวิชา
 
 21 หน่วยกิต
 
 Elective Course or Module Course
 
 
 
 รวมจ านวนหน่วยกิตลงทะเบียนเรียน 21
 
 หน่วยกิต
 
 
 
 ปีที่ 3 ภาคการศึกษาที่ 2
 
 หน่วยกิต
 
 CP 423 151 มาตรฐานวิชาชีพขั้นพื้นฐานด้านวิทยาการค านวณ
 
 1(1-0-2)
 
 Computing Career Professional Standards
 
 
 
 CP 423 131 มาตรฐานวิชาชีพขั้นพื้นฐานด้านความมั่นคงปลอดภัยไซเบอร์
 
 2(2-0-4)
 
 Cybersecurity Career Professional Standards
 
 
 
 CP 423 132 มาตรฐานวิชาชีพชั้นสูงด้านความมั่นคงปลอดภัยไซเบอร์
 
 3(3-0-6)
 
 Advance Cybersecurity Career Professional Standards
 
 
 
 *รายวิชา CP 423 151, CP 423 131, CP 423 132 หลักสูตรจะจัดท าการเรียนการสอนในยุคใหม่แบบ On-
 
 Demand Self Paced Learning
 
 CP 423 741 ระเบียบวิธีวิจัยและสัมมนาเชิงปฏิบัติการด้านความมั่นคงปลอดภัยไซเบอร์
 
 3(3-0-6)
 
 Cybersecurity Research Methodology, Workshop and Seminar
 
 
 
 รวมจ านวนหน่วยกิตลงทะเบียนเรียน 9
 
 หน่วยกิต
 
 
 
 ปีที่ 4 ภาคการศึกษาที่ 1
 
 หน่วยกิต
 
 CP 002 001 การเตรียมความพร้อมก่อนปฏิบัติงานส าหรับนักศึกษาวิทยาลัยการ
 
 คอมพิวเตอร์
 
 1(0-2-1)
 
 (ไม่นับหน่วยกิต)
 
 Orientation to Co-Operative Education for Computing Students
 
 
 
 XXX XXX วิชาเลือกเสรี
 
 6 หน่วยกิต
 
 Free Elective
 
 
 
 รวมจ านวนหน่วยกิตลงทะเบียนเรียน 6
 
 หน่วยกิต
 
 
 
 
 
 ปีที่ 4 ภาคการศึกษาที่ 2
 
 หน่วยกิต
 
 CP 424 785 สหกิจศึกษาทางความมั่นคงปลอดภัยไซเบอร์
 
 6 หน่วยกิต
 
 Co-Operative Education in Cybersecurity
 
 
 
 รวมจ านวนหน่วยกิตลงทะเบียนเรียน 6
 
 หน่วยกิต"
ใน Cyber หมวดวิชาเลือกเสรี ต้องเรียนกี่หน่วยกิต,"3.1.3.3 หมวดวิชาเลือกเสรี (Free Elective Courses)
 
 ให้นักศึกษาลงทะเบียนเรียนรายวิชาเลือกเสรีที่เปิดสอนในมหาวิทยาลัยขอนแก่น โดยได้รับความเห็นชอบจากคณะ
 
 กรรมการบริหารหลักสูตร จ านวนไม่น้อยกว่า 6 หน่วยกิต"
ใน Cyber ต้องเก็บหน่วยกิต หมวดวิชาเลือกสาขกี่หน่วยกิต,"(2.7) หมวดวิชาเลือกสาขา (Elective Courses) ไม่น้อยกว่า 21 หน่วยกิต
 
 ให้นักศึกษาเลือกเรียนรายวิชาในกลุ่มย่อยใด ๆ จ านวนไม่น้อยกว่า 21 หน่วยกิต และสามารถเลือกเรียนในรายวิชาอื่น
 
 ๆ ของหลักสูตรที่มีการเปิดสอนเพิ่มเติมในภายหลัง โดยความเห็นชอบของคณะกรรมการบริหารหลักสูตร"
ใน Cyber จำนวนหน่วยกิตตลอดหลักสูตรเป็นเท่าไหร่,"3. หลักสูตรและอาจารย์ผู้สอน
 
 3.1 หลักสูตร
 
 3.1.1 จ านวนหน่วยกิต รวมตลอดหลักสูตร 124 หน่วยกิต
 
 3.1.2 โครงสร้างหลักสูตร"
ใน Cyber ขอดูแผนของ โครงงาน กับ สหกิจหน่อย,"แบบเลือกเรียนวิชาโครงงาน (1)
 ปีที่ 3 ภาคการศึกษาที่ 1
 หน่วยกิต
 CP 423 XXX วิชาเลือก หรือ ชุดวิชา
 21 หน่วยกิต
 Elective Course or Module Course
 
 รวมจ านวนหน่วยกิตลงทะเบียนเรียน 21
 หน่วยกิต
 
 ปีที่ 3 ภาคการศึกษาที่ 2
 หน่วยกิต
 CP 423 151 มาตรฐานวิชาชีพขั้นพื้นฐานด้านวิทยาการค านวณ
 1(1-0-2)
 Computing Career Professional Standards
 
 CP 423 131 มาตรฐานวิชาชีพขั้นพื้นฐานด้านความมั่นคงปลอดภัยไซเบอร์
 2(2-0-4)
 Cybersecurity Career Professional Standards
 
 CP 423 132 มาตรฐานวิชาชีพชั้นสูงด้านความมั่นคงปลอดภัยไซเบอร์
 3(3-0-6)
 Advance Cybersecurity Career Professional Standards
 
 *รายวิชา CP 423 151, CP 423 131, CP 423 132 หลักสูตรจะจัดท าการเรียนการสอนในยุคใหม่แบบ On-
 Demand Self Paced Learning
 CP 423 741 ระเบียบวิธีวิจัยและสัมมนาเชิงปฏิบัติการด้านความมั่นคงปลอดภัยไซเบอร์
 3(3-0-6)
 Cybersecurity Research Methodology, Workshop and Seminar
 
 รวมจ านวนหน่วยกิตลงทะเบียนเรียน 9
 หน่วยกิต
 
 ปีที่ 4 ภาคการศึกษาที่ 1
 หน่วยกิต
 CP 424 731 โครงงานทางความมั่นคงปลอดภัยไซเบอร์ 1
 3(0-9-6)
 
 Cybersecurity Project I
 
 XXX XXX วิชาเลือกเสรี
 6 หน่วยกิต
 Free Elective
 
 รวมจ านวนหน่วยกิตลงทะเบียนเรียน 9
 หน่วยกิต
 
 ปีที่ 4 ภาคการศึกษาที่ 2
 หน่วยกิต
 CP 424 732 โครงงานทางความมั่นคงปลอดภัยไซเบอร์ 2
 3(0-9-6)
 Cybersecurity Project II
 
 รวมจ านวนหน่วยกิตลงทะเบียนเรียน 3
 หน่วยกิต
 
 ===========================================================================
 แบบเลือกเรียนวิชาสหกิจศึกษา (2)
 ปีที่ 3 ภาคการศึกษาที่ 1
 หน่วยกิต
 CP 423 XXX วิชาเลือก หรือ ชุดวิชา
 21 หน่วยกิต
 Elective Course or Module Course
 
 รวมจ านวนหน่วยกิตลงทะเบียนเรียน 21
 หน่วยกิต
 
 ปีที่ 3 ภาคการศึกษาที่ 2
 หน่วยกิต
 CP 423 151 มาตรฐานวิชาชีพขั้นพื้นฐานด้านวิทยาการค านวณ
 1(1-0-2)
 Computing Career Professional Standards
 
 CP 423 131 มาตรฐานวิชาชีพขั้นพื้นฐานด้านความมั่นคงปลอดภัยไซเบอร์
 2(2-0-4)
 Cybersecurity Career Professional Standards
 
 CP 423 132 มาตรฐานวิชาชีพชั้นสูงด้านความมั่นคงปลอดภัยไซเบอร์
 3(3-0-6)
 Advance Cybersecurity Career Professional Standards
 
 *รายวิชา CP 423 151, CP 423 131, CP 423 132 หลักสูตรจะจัดท าการเรียนการสอนในยุคใหม่แบบ On-
 Demand Self Paced Learning
 CP 423 741 ระเบียบวิธีวิจัยและสัมมนาเชิงปฏิบัติการด้านความมั่นคงปลอดภัยไซเบอร์
 3(3-0-6)
 Cybersecurity Research Methodology, Workshop and Seminar
 
 รวมจ านวนหน่วยกิตลงทะเบียนเรียน 9
 หน่วยกิต
 
 ปีที่ 4 ภาคการศึกษาที่ 1
 หน่วยกิต
 CP 002 001 การเตรียมความพร้อมก่อนปฏิบัติงานส าหรับนักศึกษาวิทยาลัยการ
 คอมพิวเตอร์
 1(0-2-1)
 (ไม่นับหน่วยกิต)
 Orientation to Co-Operative Education for Computing Students
 
 XXX XXX วิชาเลือกเสรี
 6 หน่วยกิต
 Free Elective
 
 รวมจ านวนหน่วยกิตลงทะเบียนเรียน 6
 หน่วยกิต
 
 ปีที่ 4 ภาคการศึกษาที่ 2
 หน่วยกิต
 CP 424 785 สหกิจศึกษาทางความมั่นคงปลอดภัยไซเบอร์
 6 หน่วยกิต
 Co-Operative Education in Cybersecurity
 
 รวมจ านวนหน่วยกิตลงทะเบียนเรียน 6
 หน่วยกิต"
ใน Cyber หน่วยกิตของ หมวดวิชาพื้นฐานหรือวิชาแกนมีทั้งหมดกี่หน่วยกิต,"3.1.3.2 หมวดวิชาเฉพาะ (Core Courses) 94 หน่วยกิต
 
 (1) หมวดวิชาพื้นฐานหรือวิชาแกน 16 หน่วยกิต
 
 (1.1) คณิตศาสตร์และสถิติส าหรับความมั่นคงปลอดภัยไซเบอร์
 
 **SC 002 104 วิทยาศาสตร์กายภาพ
 
 3(3-0-6)
 
 Physical Science
 
 
 
 **SC 602 005 ความน่าจะเป็นและสถิติ
 
 3(3-0-6)
 
 Probability and Statistics
 
 
 
 **SC 401 201 แคลคูลัสส าหรับวิทยาศาสตร์กายภาพ 1
 
 3(3-0-6)
 
 Calculus for Physical Science I
 
 
 
 **SC 402 401 วิยุตคณิตและการประยุกต์
 
 3(3-0-6)
 
 
 
 Discrete Mathematics and Applications
 
 
 
 (1.2) พื้นฐานด้านความมั่นคงปลอดภัยไซเบอร์
 
 *CP 422 001 กฏหมายและจริยธรรมด้านความมั่นคงปลอดภัยไซเบอร์
 
 3(3-0-6)
 
 Cybersecurity Law and Ethic
 
 
 
 *CP 421 011 ความบันดาลใจในวิชาชีพความมั่นคงปลอดภัยไซเบอร์
 
 1(0-2-1)
 
 Inspiration in Cybersecurity Career"
ใน Cyber ต้องเก็บหน่วยกิตของหมวดวิชาศึกษาทั่วไปกี่หน่วยกิต,"3.1.3.1 หมวดวิชาศึกษาทั่วไป (General Education Courses)
 
 24 หน่วยกิต
 
 (1) กลุ่มวิชาภาษา
 
 12 หน่วยกิต
 
 **LI 101 001 ภาษาอังกฤษ 1
 
 3(3-0-6)
 
 English I
 
 
 
 **LI 101 002 ภาษาอังกฤษ 2
 
 3(3-0-6)
 
 English II
 
 
 
 **LI 102 003 ภาษาอังกฤษ 3
 
 3(3-0-6)
 
 English III
 
 
 
 ** LI 102 004 ภาษาอังกฤษ 4
 
 3(3-0-6)
 
 
 
 English IV
 
 
 
 (2) กลุ่มวิชามนุษยศาสตร์และสังคมศาสตร์ 6 หน่วยกิต
 
 **GE 363 789 ผู้ประกอบการสร้างสรรค์
 
 3(3-0-6)
 
 Creative Entrepreneurs
 
 
 
 **GE 151 144 พหุวัฒนธรรม
 
 3(3-0-6)
 
 Multiculturalism
 
 
 
 (3) กลุ่มวิชาคณิตศาสตร์และวิทยาศาสตร์ 6 หน่วยกิต
 
 *GE 341 511 การคิดเชิงค านวณและเชิงสถิติส าหรับเอบีซีดี
 
 3(3-0-6)
 
 Computational & Statistical Thinking for ABCD
 
 
 
 *CP 001 001 เอบีซีดีส าหรับทุกวิชาชีพ
 
 3(3-0-6)
 
 ABCD for All Professions"
ใน CS นักศึกษาชั้นปีที่ 1 ภาคเรียนที่ 1 ต้องลงทะเบียนรายวิชาใด,"ปีที่ 1 ภาคการศึกษาที่ 1
 หน่วยกิต
 
 **LI 101 001 ภาษาอังกฤษ 1
 3(3-0-6)
 
 English I
 
 *GE 341 511 การคิดเชิงค านวณและเชิงสถิติส าหรับเอบีซีดี
 3(2-2-5)
 
 Computational & Statistical Thinking for ABCD
 
 **GE 321 415 ทักษะการเรียนรู้
 3(3-0-6)
 
 Learning Skills
 
 **SC 401 201 แคลคูลัสส าหรับวิทยาศาสตร์กายภาพ 1
 3(3-0-6)
 
 Calculus for Physical Science I
 
 **CP 351 001 วิทยาการคอมพิวเตอร์หลักมูล
 3(2-2-5)
 
 Fundamental Computer Science
 
 **CP 351 002 การเขียนโปรแกรมเชิงโครงสร้างส าหรับวิทยาการคอมพิวเตอร์
 3(2-2-5)
 
 Structure Programming Languages for Computer Science
 
 รวมจ านวนหน่วยกิตลงทะเบียนเรียน 18
 หน่วยกิต"
ใน CS ตอนปี 1 เทอม 2 เราต้องลงอะไรบ้างอะ,"ปีที่ 1 ภาคการศึกษาที่ 2
 หน่วยกิต
 
 **LI 101 002 ภาษาอังกฤษ 2
 3(3-0-6)
 
 English II
 
 *GE 341 512 เอบีซีดีส าหรับทุกวิชาชีพ
 3(2-2-5)
 
 ABCD for All Professions
 
 **SC 401 202 แคลคูลัสส าหรับวิทยาศาสตร์กายภาพ 2
 3(3-0-6)
 
 Calculus for Physical Science II
 
 **SC 002 104 วิทยาศาสตร์กายภาพ
 3(3-0-6)
 
 Physical Science
 
 **CP 351 003 การเขียนโปรแกรมเชิงวัตถุ
 3(2-2-5)
 
 Object Oriented Programming
 
 **CP 351 004 สถาปัตยกรรมคอมพิวเตอร์
 3(3-0-6)
 
 Computer Architecture
 CP 3XX XXX วิชาเลือกเฉพาะทาง
 3 หน่วยกิต
 
 Specialized Electives
 
 รวมจ านวนหน่วยกิตลงทะเบียนเรียน 21 หน่วยกิต"
ใน CS ขอแผนการเรียนปี 2 เทอม 1 พร้อมกับวิชาเลือกเฉพาะทางด้วย,"ปีที่ 2 ภาคการศึกษาที่ 1
 หน่วยกิต
 
 **LI 102 003 ภาษาอังกฤษ 3
 3(3-0-6)
 
 English III
 
 **GE 363 789 ผู้ประกอบการสร้างสรรค์
 3(3-0-6)
 
 Creative Entrepreneurs
 
 **SC 402 101 พีชคณิตเชิงเส้น 1
 3(3-0-6)
 
 Linear Algebra I
 
 **SC 602 005 ความน่าจะเป็นและสถิติ
 3(3-0-6)
 
 Probability and Statistics
 
 **CP 352 001 โครงสร้างข้อมูล
 3(2-2-5)
 
 Data Structures
 
 **CP 352 002 การออกแบบประสบการณ์ผู้ใช้
 3(2-2-5)
 
 User Experience Design
 
 CP 35X XXX วิชาเลือกเฉพาะทาง
 3 หน่วยกิต
 
 Specialized Electives
 
 รวมจ านวนหน่วยกิตลงทะเบียนเรียน 21 หน่วยกิต
 
 รวมจ านวนหน่วยกิตสะสม 60 หน่วยกิต
 
 วิชาเลือกเพิ่มเติมที่สามารถลงได้:
 - CP 352 101 Introduction to Data Science
 - CP 352 201 Web Design Technologies
 - CP 352 203 Computer Game Development
 - CP 352 301 Script Programming
 - SC 362 301 Digital Logic and Embedded Systems
 - CP 351 203 Web Programming and Application"
ใน CS ขอแผนการเรียนของปี 3 ภาคการศึกษาที่ 2 พร้อมกับวิชาเลือกเฉพาะทางด้วยหน่อย,"ปีที่ 3 ภาคการศึกษาที่ 2
 หน่วยกิต
 
 **GE 142 145 ภาวะผู้น าและการจัดการ
 3(3-0-6)
 
 Leadership and Management
 
 **CP 353 004 วิศวกรรมซอฟต์แวร์
 3(2-2-5)
 
 Software Engineering
 
 **CP 353 005 ทฤษฎีการค านวณ
 3(3-0-6)
 
 Theory of Computation
 
 **CP 353 764 ระเบียบวิธีวิจัย
 3(3-0-6)
 
 Research Methodology
 
 *CP 353 796 การฝึกงานทางวิทยาการคอมพิวเตอร์
 3(0-9-5)*
 
 Internship in Computer Science
 (ไม่นับหน่วยกิต)
 
 CP 35X XXX วิชาเลือกเฉพาะทาง
 6 หน่วยกิต
 
 Specialized Electives
 รวมจ านวนหน่วยกิตลงทะเบียนเรียน 18 หน่วยกิต
 
 รวมจ านวนหน่วยกิตสะสม 116 หน่วยกิต
 
 ส าหรับนักศึกษาที่จะเลือกแผนสหกิจศึกษาให้ลงเพิ่มอีก 1 รายวิชา
 
 **CP 002 001 การเตรียมความพร้อมก่อนปฏิบัติงานสหกิจศึกษาส าหรับนักศึกษา
 วิทยาลัยการคอมพิวเตอร์
 1(0-2-2)*
 (ไม่นับหน่วยกิต)
 
 วิชาเลือกเพิ่มเติมที่สามารถลงได้:
 - CP 353 112 Big Data Analytics
 - CP 353 205 Geo-Informatics Application Development
 - CP 353 302 Information and Cyber Security
 - SC 363 202 Semantic Web Technology
 - SC 363 305 Cloud Computing and Application
 - CP 352 102 Digital Image Processing
 - CP 352 108 Basics of Data Engineering
 - CP 352 202 Programming for Mobile Application
 - CP 353 109 Natural Language Processing
 - CP 353 111 Quantum Computer Programming
 - SC 310 006 Mobile and Web Application Development"
ใน CS ขอดูแผนการเรียนของปี 4 เทอม 1 และเทอม 2 หน่อย,"ปีที่ 4 ภาคการศึกษาที่ 1
 
 แบบเลือกเรียนวิชาโครงงานทางวิทยาการคอมพิวเตอร์
 แบบเลือกเรียนวิชาสหกิจศึกษา
 **CP 354 771 โครงงานทางวิทยาการ
 คอมพิวเตอร์ 1
 3(0-9-6)
 XXX XXX วิชาเลือกเสรี
 Free Electives
 6 หน่วยกิต
 
 Computer Science
 Project I
 
 XXX XXX วิชาเลือกเสรี
 6 หน่วยกิต
 
 Free Electives
 
 รวมจ านวนหน่วยกิตลงทะเบียนเรียน 9 หน่วยกิต
 รวมจ านวนหน่วยกิตลงทะเบียนเรียน 6 หน่วยกิต
 
 รวมจ านวนหน่วยกิตสะสม 125 หน่วยกิต
 รวมจ านวนหน่วยกิตสะสม 122 หน่วยกิต
 ==================================================================================================================
 ปีที่ 4 ภาคการศึกษาที่ 2
 
 แบบเลือกเรียนวิชาโครงงานทางวิทยาการคอมพิวเตอร์
 แบบเลือกเรียนวิชาสหกิจศึกษา
 **CP 354 772 โครงงานทางวิทยาการ
 คอมพิวเตอร์ 2
 3(0-6-3)
 **CP 354 785
 สหกิจศึกษาทาง
 วิทยาการ
 คอมพิวเตอร์
 6(0-18-9)
 
 Computer Science
 Project II
 
 Co-Operative
 Education in
 Computer
 Science
 
 รวมจ านวนหน่วยกิตลงทะเบียนเรียน 3 หน่วยกิต
 รวมจ านวนหน่วยกิตลงทะเบียนเรียน 6 หน่วยกิต
 
 รวมจ านวนหน่วยกิตสะสม 128 หน่วยกิต
 รวมจ านวนหน่วยกิตสะสม 128 หน่วยกิต
 หมายเหตุ หลักสูตรวิทยาการคอมพิวเตอร์ อาจจะพิจารณาเปิดรายวิชาสหกิจศึกษาทั้งภาคต้นและภาคปลา"
ใน CS วิชา CP 353 201 Software Quality Assurance เราจะลงได้ตอนปีไหน,"ปีที่ 3 ภาคการศึกษาที่ 1
 หน่วยกิต
 
 **GE 362 785 การคิดเชิงสร้างสรรค์และการแก้ปัญหา
 3(3-0-6)
 
 Creative Thinking and Problem Solving
 
 **SC 403 602 วิธีเชิงตัวเลขส าหรับวิทยาการคอมพิวเตอร์
 3(3-0-6)
 
 Numerical Methods for Computer Science
 
 **CP 353 001 ระบบปฏิบัติการและการเขียนโปรแกรมซีสเต็มคอล
 3(2-2-5)
 
 Operating Systems and System Calls Programming
 
 **CP 353 002 หลักการออกแบบพัฒนาซอฟต์แวร์
 3(2-2-5)
 
 Principles of Software Design and Development
 
 **CP 353 003 ปัญญาประดิษฐ์
 3(2-2-5)
 
 Artificial Intelligence
 
 **CP 353 761 สัมมนาทางวิทยาการคอมพิวเตอร์
 1(1-0-2)
 
 Seminar in Computer Science
 
 CP 35X XXX วิชาเลือกเฉพาะทาง
 3 หน่วยกิต
 
 Specialized Electives
 
 รวมจ านวนหน่วยกิตลงทะเบียนเรียน 19 หน่วยกิต
 
 รวมจ านวนหน่วยกิตสะสม 98 หน่วยกิต
 
 วิชาเลือกเพิ่มเติมที่สามารถลงได้:
 - CP 352 101 Introduction to Data Science
 - CP 352 201 Web Design Technologies
 - CP 352 203 Computer Game Development
 - CP 352 301 Script Programming
 - CP 353 102 Introduction to Machine Learning
 - CP 353 103 Data Analytics and Application
 - CP 353 108 Neural Network and Deep Learning
 - CP 353 201 Software Quality Assurance
 - CP 353 301 Internetworking
 - SC 362 301 Digital Logic and Embedded Systems
 - CP 363 205 Data Serialization Languages and Applications
 - CP 351 203 Web Programming and Application"
ใน CS ตอนนี้เรากำลังจะขึ้นปี 3 เราอยากให้ช่วยแนะนำวิชาเฉพาะทางเหมาะกับสาย web หน่อย,"ปีที่ 3 ภาคการศึกษาที่ 1
 หน่วยกิต
 
 **GE 362 785 การคิดเชิงสร้างสรรค์และการแก้ปัญหา
 3(3-0-6)
 
 Creative Thinking and Problem Solving
 
 **SC 403 602 วิธีเชิงตัวเลขส าหรับวิทยาการคอมพิวเตอร์
 3(3-0-6)
 
 Numerical Methods for Computer Science
 
 **CP 353 001 ระบบปฏิบัติการและการเขียนโปรแกรมซีสเต็มคอล
 3(2-2-5)
 
 Operating Systems and System Calls Programming
 
 **CP 353 002 หลักการออกแบบพัฒนาซอฟต์แวร์
 3(2-2-5)
 
 Principles of Software Design and Development
 
 **CP 353 003 ปัญญาประดิษฐ์
 3(2-2-5)
 
 Artificial Intelligence
 
 **CP 353 761 สัมมนาทางวิทยาการคอมพิวเตอร์
 1(1-0-2)
 
 Seminar in Computer Science
 
 CP 35X XXX วิชาเลือกเฉพาะทาง
 3 หน่วยกิต
 
 Specialized Electives
 
 รวมจ านวนหน่วยกิตลงทะเบียนเรียน 19 หน่วยกิต
 
 รวมจ านวนหน่วยกิตสะสม 98 หน่วยกิต
 
 วิชาเลือกเพิ่มเติมที่สามารถลงได้:
 - CP 352 101 Introduction to Data Science
 - CP 352 201 Web Design Technologies
 - CP 352 203 Computer Game Development
 - CP 352 301 Script Programming
 - CP 353 102 Introduction to Machine Learning
 - CP 353 103 Data Analytics and Application
 - CP 353 108 Neural Network and Deep Learning
 - CP 353 201 Software Quality Assurance
 - CP 353 301 Internetworking
 - SC 362 301 Digital Logic and Embedded Systems
 - CP 363 205 Data Serialization Languages and Applications
 - CP 351 203 Web Programming and Application"
ใน CS ตอนนี้เรากำลังจะขึ้นปี 2 เราอยากให้ช่วยแนะนำวิชาเฉพาะทางเหมาะกับสาย data หน่อย,"ปีที่ 2 ภาคการศึกษาที่ 1
 หน่วยกิต
 
 **LI 102 003 ภาษาอังกฤษ 3
 3(3-0-6)
 
 English III
 
 **GE 363 789 ผู้ประกอบการสร้างสรรค์
 3(3-0-6)
 
 Creative Entrepreneurs
 
 **SC 402 101 พีชคณิตเชิงเส้น 1
 3(3-0-6)
 
 Linear Algebra I
 
 **SC 602 005 ความน่าจะเป็นและสถิติ
 3(3-0-6)
 
 Probability and Statistics
 
 **CP 352 001 โครงสร้างข้อมูล
 3(2-2-5)
 
 Data Structures
 
 **CP 352 002 การออกแบบประสบการณ์ผู้ใช้
 3(2-2-5)
 
 User Experience Design
 
 CP 35X XXX วิชาเลือกเฉพาะทาง
 3 หน่วยกิต
 
 Specialized Electives
 
 รวมจ านวนหน่วยกิตลงทะเบียนเรียน 21 หน่วยกิต
 
 รวมจ านวนหน่วยกิตสะสม 60 หน่วยกิต
 
 วิชาเลือกเพิ่มเติมที่สามารถลงได้:
 - CP 352 101 Introduction to Data Science
 - CP 352 201 Web Design Technologies
 - CP 352 203 Computer Game Development
 - CP 352 301 Script Programming
 - SC 362 301 Digital Logic and Embedded Systems
 - CP 351 203 Web Programming and Application"
ใน CS ตอนนี้เราสนใจสาย data อย่าง Big Data Analytics เราจะสามารถลงวิชานี้ได้ตอนไหน,"ปีที่ 3 ภาคการศึกษาที่ 2
 หน่วยกิต
 
 **GE 142 145 ภาวะผู้น าและการจัดการ
 3(3-0-6)
 
 Leadership and Management
 
 **CP 353 004 วิศวกรรมซอฟต์แวร์
 3(2-2-5)
 
 Software Engineering
 
 **CP 353 005 ทฤษฎีการค านวณ
 3(3-0-6)
 
 Theory of Computation
 
 **CP 353 764 ระเบียบวิธีวิจัย
 3(3-0-6)
 
 Research Methodology
 
 *CP 353 796 การฝึกงานทางวิทยาการคอมพิวเตอร์
 3(0-9-5)*
 
 Internship in Computer Science
 (ไม่นับหน่วยกิต)
 
 CP 35X XXX วิชาเลือกเฉพาะทาง
 6 หน่วยกิต
 
 Specialized Electives
 รวมจ านวนหน่วยกิตลงทะเบียนเรียน 18 หน่วยกิต
 
 รวมจ านวนหน่วยกิตสะสม 116 หน่วยกิต
 
 ส าหรับนักศึกษาที่จะเลือกแผนสหกิจศึกษาให้ลงเพิ่มอีก 1 รายวิชา
 
 **CP 002 001 การเตรียมความพร้อมก่อนปฏิบัติงานสหกิจศึกษาส าหรับนักศึกษา
 วิทยาลัยการคอมพิวเตอร์
 1(0-2-2)*
 (ไม่นับหน่วยกิต)
 
 วิชาเลือกเพิ่มเติมที่สามารถลงได้:
 - CP 353 112 Big Data Analytics
 - CP 353 205 Geo-Informatics Application Development
 - CP 353 302 Information and Cyber Security
 - SC 363 202 Semantic Web Technology
 - SC 363 305 Cloud Computing and Application
 - CP 352 102 Digital Image Processing
 - CP 352 108 Basics of Data Engineering
 - CP 352 202 Programming for Mobile Application
 - CP 353 109 Natural Language Processing
 - CP 353 111 Quantum Computer Programming
 - SC 310 006 Mobile and Web Application Development"
ใน CS ขอดูข้อมูลของ วิชา CP 353 201 Software Quality Assurance หน่อย,"CP 353 201 กา ร ประกัน คุณภาพ ซอฟต์แวร์ 
  3 (2-2-5) 
  Software Quality Assurance 
  
  เงื่อนไข ของ รายวิชา : ไม่ มี 
  คุณภาพ ของ ซอฟต์แวร์ ตัว แบบ คุณภาพ ของ ซอฟต์แวร์ การ วัด คุณภาพ ซอฟต์แวร์ และ ตัวจัดการ คุณภาพ ซอฟต์แวร์ กระบวนการ ประกัน คุณภาพ ซอฟต์แวร์ การควบคุม คุณภาพ ซอฟต์แวร์ การ ทดสอบ 
  ซอฟต์แวร์ การ ออกแบบ การ ทดสอบ กลยุทธ์ ใน การ ทดสอบ ซอฟต์แวร์ การ ทดสอบ ซอฟต์แวร์ แบบ อัตโนมัติ 
  การ ทดสอบ ซอฟต์แวร์ แบ บอ ไจ ล์ การพัฒนา ซอฟต์แวร์ ที่ มี การ ทดสอบ เป็นตัว น า การพัฒนา ซอฟต์แวร์ แบบ 
  บูรณาการ และ การ ส่งมอบ ซอฟต์แวร์ อย่าง ต่อเนื่อง (CI/CD) การปรับปรุง กระบวน การพัฒนา ซอฟต์แวร์ 
  มาตรฐาน และ นโยบาย ที่ เกี่ยวข้อง 
  Software quality , software quality models , software quality measurement and metrics , 
  software quality management , software quality assurance processes , software quality control , 
  software testing , test design , software testing strategies , software test automation , Agile 
  testing , test-driven development , continuous integration and continuous delivery (CI/CD), 
  software process improvement , related standards and policies"
ใน CS ขอดูรายละเอียดของ วิชา CP 353 001 Operating Systems and System Calls Programming หน่อย,"**CP 353 001 ระบบปฏิบัติการ และ การเขียน โปรแกรม ซี สเต็ม คอ ล 
  3 (2-2-5) 
  Operating Systems and System Calls Programming 
  
  เงื่อนไข ของ รายวิชา : CP 351 004 หรือ SC 311 004 
  
  ระบบปฏิบัติการ ขั้น แนะ น า กระบวนการ การ จัด ก าหนด การ ซีพียู การ ประสาน เวลา กระบวนการ การ 
  ติด ตาย การ จัดการ หน่วย เก็บ ข้อมูล การ จัดการ หน่วย ความ จ า หน่วย ความ จ า เสมือน การ จัดการ หน่วย เก็บ 
  รอง ระบบ แฟ้ม และ การ อารักขา บท น า เครื่องจักร เสมือน แนวความคิด ของ เครื่องจักร เสมือน กรณีศึกษา ของ 
  เครื่องจักร เสมือน การปฏิบัติ เกี่ยวกับ ระบบปฏิบัติการ การเขียน โปรแกรม เชลล์ การเขียน โปรแกรม ซี สเต็ม 
  คอ ล 
  Introduction to operating system , process , CPU scheduling , process 
  synchronization , deadlock , storage management , memory management , virtual memory , 
  secondary storage management , file and protection system , introduction to Virtual machines , 
  concept of Virtual Machines , case study of virtual machines , Operating System laboratories , 
  shell programming , system calls programming"
ใน CS เราสนใจ วิชา CP 353 306 DevOps Engineering ขอดูรายละเอียดหน่อย,"*CP 353 306 วิ ศว กรรม DevOps 
  3 (2-2-5) 
  DevOps Engineering 
  
  เงื่อนไข ของ รายวิชา : ไม่ มี 
  
  ความรู้พื้นฐาน ด้าน กา รด า เนิน การพัฒนา (DevOps), กระบวนการ DevOps , ลินุกซ์ พื้นฐาน และ การ 
  เขียน สคริปต์ , การ จัดการ ซอร์ส โค้ด , การ จัดการ โครง แบบ , ไปป์ ไลน์ ของ การพัฒนา ซอฟต์แวร์ แบบ บูรณาการ 
  และ การ ส่งมอบ ซอฟต์แวร์ อย่าง ต่อเนื่อง (CI/CD), การ จ า ลอง เสมือน , Containerlization , โครงสร้างพื้นฐาน 
  คอมพิวเตอร์ และ แพลตฟอร์ม การ ปรับ ใช้ , Orchestration การ บันทึก และ การ ตรวจสอบ การ ติดตาม ปัญหา , 
  การ จัดการ แอปพลิเคชัน ตลอด อายุการใช้งาน 
  Fundamental of Development Operation ( DevOps ) , DevOps process , Linux 
  fundamental and scripting , Source code management , Configuration management , 
  Continuous integration and continuous delivery ( CI / CD ) pipeline , Virtualization , 
  Containerlization , Computer infrastructure and deployment platforms , Orchestration , Logging 
  and monitoring , Issue tracking , Application life-time management"
ใน CS ขอดูข้อมูลวิชา แคลคูลัส ทั้งหมดที่มี,"(1) หมวดวิชาพื้นฐานหรือวิชาแกน 25 หน่วยกิต
 (1.1) กลุ่มวิชาบังคับพื้นฐานวิชาชีพ
 
 **SC 002 104 วิทยาศาสตร์กายภาพ
 3(3-0-6)
 Physical Science
 
 **SC 401 201 แคลคูลัสส าหรับวิทยาศาสตร์กายภาพ 1
 3(3-0-6)
 Calculus for Physical Science 1
 
 **SC 401 202 แคลคูลัสส าหรับวิทยาศาสตร์กายภาพ 2
 3(3-0-6)
 Calculus for Physical Science 2
 
 **SC 402 101 พีชคณิตเชิงเส้น 1
 3(3-0-6)
 
 Linear Algebra 1
 
 **SC 402 401 วิยุตคณิตและการประยุกต์
 3(3-0-6)
 
 Discrete Mathematic and Applications
 
 **SC 403 602 วิธีเชิงตัวเลขส าหรับวิทยาการคอมพิวเตอร์
 3(3-0-6)
 
 Numerical Methods for Computer Science
 
 **SC 602 005 ความน่าจะเป็นและสถิติ
 3(3-0-6)
 
 Probability and Statistics
 
 (1.2) กลุ่มวิชาบังคับสัมมนา ระเบียบวิธีวิจัย และฝึกงาน
 **CP 353 761 สัมมนาทางวิทยาการคอมพิวเตอร์
 1(1-0-2)
 
 Seminar in Computer Science
 
 **CP 353 764 ระเบียบวิธีวิจัย
 3(3-0-6)
 
 Research Methodology
 
 *CP 353 796 การฝึกงานทางวิทยาการคอมพิวเตอร์
 3(0-9-5)
 
 Internship in Computer Science
 (ไม่นับหน่วยกิต)
 (2) หมวดวิชาเฉพาะด้าน"
ใน CS วิชา Numerical Methods for Computer Science มีรายละเอียดยังไงบ้าง,"**SC 403 602 วิ ธี เชิงตัวเลข ส า หรับ วิทยาการ คอมพิวเตอร์ 
  3 (3-0-6) 
  Numerical Methods for Computer Science 
  
  เงื่อนไข ของ รายวิชา : SC 401 006 หรือ SC 401 201 
  
  ค่า คลาดเคลื่อน ผล เฉลย ของ สมการ ไม่ เชิงเส้น การประมาณ และ การ ประมาณค่า ใน ช่วง ระเบียบวิธี 
  โดยตรง ส า หรับ การ แก้ ระบบ สมการ เชิงเส้น ระเบียบวิธี ท าซ ้าส า หรับ ระบบ สมการ และ ปัญหา ค่า เฉพาะ การ หา 
  อนุพันธ์ และ ปริพันธ์ เชิงตัวเลข ผล เฉลย เชิงตัวเลข ของ สมการ เชิง อนุพันธ์ สามัญ 
  Errors , solution of nonlinear equations , approximation and interpolation , direct 
  methods for solving linear system , iterative methods for systems of equations and eigenvalue , 
  numerical differentiation and integration , numerical solution of ordinary differential equations"
ใน CS วิชา ความน่าจะเป็น และสถิติ ต้องเรียนอะไรบ้าง,"**SC 602 005 ความ น่าจะเป็น และ สถิติ 
  3 (3-0-6) 
  Probability and Statistics 
  
  เงื่อนไข ของ รายวิชา : ไม่ มี 
  
  แนวคิด พื้นฐาน เกี่ยวกับ ความน่าจะเป็น ตัวแปร เชิง สุ่ม และ การแจกแจง ความน่าจะเป็น การแจกแจง 
  ของ ตัว สถิติ การ ประมาณค่า ช่วง ความเชื่อมั่น การ ทดสอบ สมมติฐาน การ วิเคราะห์ ความ แปรปรวน การ 
  ทดสอบ ไค ก า ลัง สอง การ วิเคราะห์ การ ถดถอย และ สห สัมพันธ์ สถิติ ไม่ อิง พารามิเตอร์ การ วิเคราะห์ ข้อมูล โดย ใช้ 
  โปรแกรม ส าเร็จ รูป ทาง สถิติ 
  Basic concepts of probability , random variable and probability distribution , sampling 
  distribution , estimation , confidence interval , hypothesis testing , analysis of variance , chi- 
  square testing , regression and correlation analysis , nonparametric statistics , data analysis by 
  using statistical package program"
ใน CS ถ้าเราไม่ผ่านวิชา Seminar in Computer Science เราจะยังสามารถเรียนวิชา Research Methodology ได้ไหม,"**CP 353 761 สัมมนา ทาง วิทยาการ คอมพิวเตอร์ 
  1 (1-0-2) 
  Seminar in Computer Science 
  
  เงื่อนไข ของ รายวิชา : ไม่ มี 
  
  การทบทวน วรรณกรรม การ อภิปราย การเขียน รายงาน และ กา รน า เสนอ รายงาน เกี่ยวกับ เทคโนโลยี 
  และ ความก้าวหน้า ใน สาขาวิชา วิทยาการ คอมพิวเตอร์ 
  Literature reviews , discussion , report writing and presentations of the report on 
  technology and progress in computer science 
 ===========================================================
  **CP 353 764 ระเบียบวิธี วิจัย 
  3 (3-0-6) 
  Research Methodology 
  
  เงื่อนไข ของ รายวิชา : ไม่ มี 
  
  การศึกษา ความหมาย ความ ส าคัญ วัตถุประสงค์ การ ตั้ง ค า ถาม และ ประเภท ของ งานวิจัย 
  กระบวน การวิจัย ทางเทคโนโลยี สารสนเทศ ทบทวน วรรณกรรม และ งานวิจัย ที่ เกี่ยวข้อง การเขียน ข้อเสนอ 
  โครงการวิจัย สถิติ เบื้องต้น การทดลอง การ สรุป ผลงานวิจัย การเขียน รายงาน การเขียน บทความ วิจัย การ 
  น า เสนอ การ อ้างอิง และ มารยาท และ จริยธรรม ใน กา รท า วิจัย 
  Study in meaning or semantic significant objective questioning and category for 
  research methodology , review article and related work , research proposal writing , 
  introduction to statistic , experimental study , research summary , report writing , research 
  writing , proposal presentation , reference , and research ethics"
ใน CS เราอยากรู้ว่ากลุ่มวิชาสังคมศาสตร์และการจัดการมีวิชาอะไรบ้าง พร้อมรายละเอียด,"(3.2) กลุ่มวิชาสังคมศาสตร์และการจัดการ
 **LW 011 105 ความรู้เบื้องต้นเกี่ยวกับกฎหมายทั่วไป
 3(3-0-0)
 Introduction to Law
 
 **BS 952 261 หลักการจัดการ
 3(3-0-6)
 Principles of Management
 
 ===========================================================
 
 **LW 011 105 ความ รู้ เบื้องต้น เกี่ยวกับ กฎหมาย ทั่วไป 
  3 (3-0-6) 
  Introduction to Law 
  
  เงื่อนไข ของ รายวิชา : ไม่ มี 
  
  ศึกษา แนว หลักเกณฑ์ พื้นฐาน ของ กฎหมาย โดยทั่วไป การ แยกประเภท ของ กฎหมาย ขอบเขต ที่ 
  กฎหมาย บังคับใช้ ศัพท์ กฎหมาย ที่ ควร รู้ หลัก ส าคัญ ใน การ กระ ท า ผิด ทางอาญา และ กฎหมาย ว่าด้วย 
  ความสัมพันธ์ ของ ครอบครัว ทั้งนี้ เพื่อให้ รู้จัก สิทธิ หน้าที่ และ เสรีภาพ อัน พึง ได้รับ ตามกฎหมาย 
  The study of the concepts , types , and scope of law .
 
 ===========================================================
  **BS 952 261 หลักการ จัดการ 
  3 (3-0-6) 
  Principles of Management 
  
  เงื่อนไข ของ รายวิชา : ไม่ มี 
  
  แนวคิด และ ทฤษฎี การ จัดการ การบริหาร การเปลี่ยนแปลง กลยุทธ์ การเจรจาต่อรอง หน้าที่ ของ การ 
  จัดการ สภาพแวดล้อม ของ ธุรกิจ และ วัฒนธรรม องค์การ การวางแผน กระบวน การตัดสินใจ กระบวนการ 
  วางแผน การ จัด องค์กร การ จัดการ ทรัพยากร มนุษย์ การ สั่งการ และ อ า นวย การ ภาวะ ผู้ น า การจูงใจ มุ่ง ผลงาน 
  คณะ ท า งาน และ การ ร่วมมือ การสื่อสาร เพื่อ การ จัดการ การควบคุม 
  
  Major concepts and management theory , change management , negotiation strategy , 
  functions of management , business environment and organization culture , planning , decision 
  process , planning process , organizing , human resource management , leading , leadership , 
  motivation , team and teamwork , communication for management , controlling"
ใน CS ช่วยสรุปรายละเอียดของวิชา Quantum Computer Programming ให้หน่อย,"*CP 353 111 การเขียน โปรแกรมคอมพิวเตอร์ ควอนตัม 
  3 (2-2-5) 
  Quantum Computer Programming 
  
  เงื่อนไข ของ รายวิชา : CP 352 001 และ SC 402 101 
  
  คณิตศาสตร์ ที่ จ า เป็น , ภาษา โปรแกรม และ เครื่องมือ ส า หรับ คอมพิวเตอร์ ควอนตัม , สถานะ ควอนตัม 
  และ คิว บิท , คิว บิท และ ความยุ่งเหยิง หลาย จุด , โปรโตคอล ควอนตัม และ อัลกอริทึม ควอนตัม , วงจร ควอนตัม , 
  อัลกอริทึม ควอนตัม และ ตัวอย่าง การ ประยุกต์ ใช้งาน 
  Essential Mathematics , Programming Language and Tools for Quantum Computer , 
  Quantum States and Qubits , Multiple Qubits and Entanglement , Quantum Protocols and 
  Quantum Algorithms , Quantum Circuits , Quantum Algorithms and Examples of Applications"
ใน CS กลุ่มย่อย ที่ 1 ปัญญาประดิษฐ์ และ วิทยาการข้อมูล มีวิชาอะไรบ้าง,"ก. กลุ่มย่อย ที่ 1 ปัญญาประดิษฐ์ และ วิทยาการข้อมูล 
  **CP 351 101 วิทยาการ ค านวณ 
  3 (2-2-5) 
  Computational Science 
  
  **CP 352 101 วิทยาการข้อมูล ขั้น แนะ น า 
  3 (2-2-5) 
  Introduction to Data Science 
  
  **CP 352 102 การประมวลผล ภาพ ดิจิทัล 
  3 (2-2-5) 
  Digital Image Processing 
  
  **CP 352 103 การเขียน โปรแกรม เชิง แข่งขัน 
  3 (2-2-5) 
  Competitive Programming 
  
  **CP 352 104 หัวข้อ พิเศษ ทาง ปัญญาประดิษฐ์ และ วิทยาการข้อมูล 
  3 (3-0-6) 
  Special Topics in Artificial Intelligence and Data Science 
  
  **CP 353 101 วิศวกรรม ข้อมูล 
  3 (2-2-5) 
  Data Engineering 
  
  **CP 353 102 เครื่องจักร เรียนรู้ ขั้น น า 
  3 (3-0-6) 
  Introduction to Machine Learning 
  
  *CP 353 103 การ วิเคราะห์ และ การ ประยุกต์ ข้อมูล 
  3 (2-2-5) 
  Data Analytics and Application 
  
  **CP 353 104 หลัก ภาษา โปรแกรม 
  3 (2-2-5) 
  
  Principles of Programming Languages 
  
  **CP 353 105 การ ออกแบบ ภาษา โปรแกรม 
  3 (2-2-5) 
  Programming Language Design 
  
  **CP 353 106 การ ค้น คืน สารสนเทศ 
  3 (2-2-5) 
  
  Information Retrieval 
  
  **CP 353 107 การ จัดการ ความรู้ 
  3 (2-2-5) 
  Knowledge Management 
  
  **CP 353 108 โครงข่าย ประสาท และ การเรียนรู้เชิงลึก 
  3 (2-2-5) 
  
  Neural Network and Deep Learning 
  
  **CP 353 109 การประมวลผล ภาษาธรรมชาติ 
  3 (3-0-6) 
  Natural Language Processing 
  
  *CP 353 110 ปฏิบัติการ ปัญญาประดิษฐ์ 
  3 (2-2-5) 
  
  Artificial Intelligence Workshop 
  
  *CP 353 111 การเขียน โปรแกรมคอมพิวเตอร์ ควอนตัม 
  3 (2-2-5) 
  
  Quantum Computer Programming"
ใน CS ขอดูรายละเอียดของวิชาการพัฒนา เกมคอมพิวเตอร์ กับวิชาคอมพิวเตอร์ แอนิเมชัน หน่อย,"**CP 352 203 กา ร พัฒนา เกม คอมพิวเตอร์ 
  3 (2-2-5) 
  Computer Game Development 
  
  เงื่อนไข ของ รายวิชา : CP 351 003 หรือ SC 311 103 
  
  ความรู้ พื้นฐาน เกี่ยวกับ เกม คอมพิวเตอร์ เครื่องมือ พัฒนา เกม การ วิเคราะห์ และ ออกแบบ เกม การ 
  เขียน โปรแกรม สร้าง เกม แบบ 2 มิติ และ 3 มิติ ภาพเคลื่อนไหว กราฟ ของ ฉาก การควบคุม กล้อง เสียง และ 
  ดนตรี ประกอบ การ จ า ลอง ฟิสิกส์ แนะ น า ปัญญาประดิษฐ์ ส า หรับ เกม ทฤษฎี เกม การ ค้นหา เส้นทาง การ สร้าง 
  เกม ออนไลน์ แบบ หลาย ผู้ เล่น และ การ สร้าง โครงงาน เกม อิสระ 
  Introduction to computer game , game development tools , game analysis and design , 
  2 D and 3 D game programming , animation , scene graphs , camera control , sound effect and 
  music , physics simulation , introduction to artificial intelligence for game , game theory , path 
  finding , creating multiplayer online game , and independent game project 
 
 ==========================================================
 CP 351 201 คอ มพิวเตอร์ แอนิเมชัน 
  3 (2-2-5) 
  Computer Animation 
  
  เงื่อนไข ของ รายวิชา : CP 351 001 หรือ SC 311 001 
  
  หลักการ พื้นฐาน ของ กา รท า แอนิเมชัน ด้วย คอมพิวเตอร์ กระบวนการ แอ นิ เม ชั้น แบบ สอง มิติ การ ใช้ 
  โปรแกรม ส าเร็จ รูปวาด ตัวละคร การ วาด ฉาก ความลึก และ ต า แห น่ง การ จัดการ กล้อง การ จัด โครงกระดูก และ 
  แอนิเมชัน ตัวละคร เส้น เวลา วิ ชว ล เอฟ เฟค เสียง เอฟ เฟค ดนตรี การ ฝึก ทักษะ ใน การ ใช้ เทคโนโลยี เพื่อ การ 
  ผลิต ภาพ คอมพิวเตอร์ แอนิเมชัน 
  Basic principles of computer animation ; 2 D animation processes ; using up-to-date 
  computer applications for character drawing , scene drawing , depth and position , camera 
  management , skeletal posing and character animation , timeline , visual effect , sound effect , 
  music ; hands-on practice by using technologies for computer animation"
ใน CS ถ้าเราไม่ผ่านวิชา SC 402 401 เรายังจะสามารถลงทะเบียนวิชา SC 403 602 ได้ไหม,"SC 403 602 วิ ธี เชิงตัวเลข ส า หรับ วิทยาการ คอมพิวเตอร์ 
  3 (3-0-6) 
  Numerical Methods for Computer Science 
  
  เงื่อนไข ของ รายวิชา : SC 401 006 หรือ SC 401 201 
  
  ค่า คลาดเคลื่อน ผล เฉลย ของ สมการ ไม่ เชิงเส้น การประมาณ และ การ ประมาณค่า ใน ช่วง ระเบียบวิธี 
  โดยตรง ส า หรับ การ แก้ ระบบ สมการ เชิงเส้น ระเบียบวิธี ท าซ ้าส า หรับ ระบบ สมการ และ ปัญหา ค่า เฉพาะ การ หา 
  อนุพันธ์ และ ปริพันธ์ เชิงตัวเลข ผล เฉลย เชิงตัวเลข ของ สมการ เชิง อนุพันธ์ สามัญ 
  Errors , solution of nonlinear equations , approximation and interpolation , direct 
  methods for solving linear system , iterative methods for systems of equations and eigenvalue , 
  numerical differentiation and integration , numerical solution of ordinary differential equations"
ใน CS วิชาพีชคณิตเชิงเส้น 1 ต้องเรียนเกี่ยวกับอะไรบ้าง,"SC 402 101 พี ชค ณิต เชิงเส้น 1 
  3 (3-0-6) 
  Linear Algebra I 
  
  เงื่อนไข ของ รายวิชา : ไม่ มี 
  
  เมทริกซ์ และ ดี เทอร์ มิ แนนท์ ระบบ สมการ เชิงเส้น และ กา รด า เนิน การ ขั้น มูลฐาน ปริภูมิ เวกเตอร์ การ 
  แปลง เชิงเส้น ค่า เฉพาะ และ เวกเตอร์ เฉพาะ และ การ ประยุกต์ 
  Matrices and determinants , system of linear equations and elementary operations , 
  vector spaces , linear transformations , eigenvalues and eigenvectors and applications"
ใน CS วิชาระเบียบวิธีวิจัยมีเนื้อหายังไง,"CP 353 764 ระเบียบวิธี วิจัย 
  3 (3-0-6) 
  Research Methodology 
  
  เงื่อนไข ของ รายวิชา : ไม่ มี 
  
  การศึกษา ความหมาย ความ ส าคัญ วัตถุประสงค์ การ ตั้ง ค า ถาม และ ประเภท ของ งานวิจัย 
  กระบวน การวิจัย ทางเทคโนโลยี สารสนเทศ ทบทวน วรรณกรรม และ งานวิจัย ที่ เกี่ยวข้อง การเขียน ข้อเสนอ 
  โครงการวิจัย สถิติ เบื้องต้น การทดลอง การ สรุป ผลงานวิจัย การเขียน รายงาน การเขียน บทความ วิจัย การ 
  น า เสนอ การ อ้างอิง และ มารยาท และ จริยธรรม ใน กา รท า วิจัย 
  Study in meaning or semantic significant objective questioning and category for 
  research methodology , review article and related work , research proposal writing , 
  introduction to statistic , experimental study , research summary , report writing , research 
  writing , proposal presentation , reference , and research ethics"
ใน CS เราสนใจวิชา CP 353 304 Smart Platform Automation การวางระบบอัตโนมัติแพลตฟอร์มสมาร์ต ช่วยบอกรายละเอียดของวิชานี้หน่อย,"CP 353 304 กา ร วาง ระบบ อัตโนมัติ แพลตฟอร์ม สมาร์ต 
 
  3 (2-2-5) 
 
  Smart Platform Automation 
 
  
 
  เงื่อนไข ของ รายวิชา : ไม่ มี 
 
  
 
  การ วาง โปรแกรม แพลตฟอร์ม สมาร์ต และ การ วาง ระบบ อัตโนมัติ แพลตฟอร์ม สมาร์ต ขั้น แนะ น า การ 
 
  ระบุ ตัวตน สมาร์ต ตัว เซนเซอร์ สภาวะ ล้อมรอบ อุปกรณ์ สมาร์ต บน ฐาน ต า แห น่ง ที่ตั้ง อุปกรณ์ ออ กค า สั่ง ด้วย 
 
  เสียง การตรวจจับ การเคลื่อนไหว การ รู้ จ า ใบหน้า การ รู้ จ า ความรู้สึก โพรโทคอล ไอ โอที ตัวเก็บข้อมูล คลาวด์ 
 
  การควบคุม การ เข้าถึง สมาร์ต ระบบ ความมั่นคง สมาร์ต ระบบ ควบคุม สภาวะ ล้อมรอบ บ้าน สมาร์ต รถยนต์ 
 
  สมาร์ต ฟาร์ม สมาร์ต 
 
  Introduction to smart platform programmability and automation , smart identification , 
 
  ambient sensors , location-based smart devices , voice command devices , motion detection , 
 
  facial recognition , emotion detection , IOT protocols , cloud storage , smart access control , 
 
  smart security system , ambient control system , smart home , smart car , smart farm"
ใน CS ถ้าเราไม่ผ่านวิชา CP 353 003 ปัญญาประดิษฐ์ แล้วเราจะลงวิชาไหนไม่ได้บ้าง,"**CP 353 108 โค รง ข่าย ประสาท และ การเรียนรู้เชิงลึก 
  3 (2-2-5) 
  Neural Network and Deep Learning 
  
  เงื่อนไข ของ รายวิชา : CP 353 003 หรือ SC 313 006 
  
  ทฤษฎี และ การ ประยุกต์ ของ การ ค านวณ แบบ ประสาท ขั้น แนะ น า แบบ การ ค านวณ แบบ ประสาท การ 
  จ าแน กรู ป แบบ การ ประมาณค่า ของ ฟังก์ชัน ขั้นตอนวิธี การเรียนรู้ การเรียนรู้เชิงลึก 
  Introduction to theory and applications of neural computations , computational 
  models of neurons , pattern classifiers , function approximators , learning algorithms , deep 
  learning 
 
 ===========================================================
 CP 353 110 ปฏิ บัติ การ ปัญญาประดิษฐ์ 
  3 (2-2-5) 
  Artificial Intelligence Workshop 
  
  เงื่อนไข ของ รายวิชา : CP 353 003 หรือ SC 313 006 
  
  การเขียน โปรแกรม ไพธอน การ ใช้ แพลตฟอร์ม คลาวด์ และ โปรแกรม ส าเร็จ รูป ส า หรับ 
  แก้ปัญหา โดย ใช้ เทคนิค การเรียนรู้ ของ เครื่อง และ การเรียนรู้เชิงลึก การแก้ปัญหา 
  โครงการ 
  
  Python programming , cloud platforms and software for problem 
  solving using machine learning and deep learning , project solving"
ใน CS ถ้าเราไม่ผ่านวิชา แคลคูลัสสาหรับวิทยาศาสตร์กายภาพ 1 จะลงวิชาไหนไม่ได้บ้าง,"Calculus for Physical Science II 
  
  เงื่อนไข ของ รายวิชา : SC 401 201 
  
  เทคนิค ของ การ หา ปริพันธ์ การ ประยุกต์ ของ ปริพันธ์ ของ ฟังก์ชัน ตัวแปร เดียว ฟังก์ชัน หลาย ตัวแปร 
  ลิมิต และ ความต่อเนื่อง ของ ฟังก์ชัน หลาย ตัวแปร อนุพันธ์ ย่อย ล า ดับ และ อนุกรม อนันต์ ของ จ านวน จริง 
  Techniques of integration , application of integration of variable , functions of several 
  variables , limits and continuity of functions of several variable , partial derivatives , sequence 
  and series of real numbers 
  
 ===========================================================
 SC 402 401 วิ ยุต คณิต และ การ ประยุกต์ 
  3 (3-0-6) 
  Discrete Mathematic and Applications 
  
  เงื่อนไข ของ รายวิชา : SC 401 006 หรือ SC 401 201 
  
  ตรรกศาสตร์ เซต ขั้นตอนวิธี ทางทฤษฎี จ านวน อุปนัย เชิง คณิตศาสตร์ ขั้นตอนวิธี เวียน บังเกิด การ นับ 
  การสับเปลี่ยน และ การ จัด หมู่ ความน่าจะเป็น ค่า คาดหวัง เทคนิค การ นับ ขั้นสูง ขั้นตอนวิธี แบ่งแยก แล้ว 
  เอาชนะ ความสัมพันธ์ แบบ จ า ลอง ทาง กราฟ ต้นไม้ พีชคณิต บู ลี น 
  Logic sets , algorithms of number theory , mathematical induction , recursive algorithm , 
  counting , permutation and combination , probability , expected value , advanced counting 
  techniques , divide-and- conquer algorithm , relations , graph models , tree , Boolean algebra
 ===========================================================
 SC 403 602 วิ ธี เชิงตัวเลข ส า หรับ วิทยาการ คอมพิวเตอร์ 
  3 (3-0-6) 
  Numerical Methods for Computer Science 
  
  เงื่อนไข ของ รายวิชา : SC 401 006 หรือ SC 401 201 
  
  ค่า คลาดเคลื่อน ผล เฉลย ของ สมการ ไม่ เชิงเส้น การประมาณ และ การ ประมาณค่า ใน ช่วง ระเบียบวิธี 
  โดยตรง ส า หรับ การ แก้ ระบบ สมการ เชิงเส้น ระเบียบวิธี ท าซ ้าส า หรับ ระบบ สมการ และ ปัญหา ค่า เฉพาะ การ หา 
  อนุพันธ์ และ ปริพันธ์ เชิงตัวเลข ผล เฉลย เชิงตัวเลข ของ สมการ เชิง อนุพันธ์ สามัญ 
  Errors , solution of nonlinear equations , approximation and interpolation , direct 
  methods for solving linear system , iterative methods for systems of equations and eigenvalue , 
  numerical differentiation and integration , numerical solution of ordinary differential equation"
ใน CS เราสนใจ วิชา CP 352 202 Programming for Mobile Application มันมีเงื่อนไขรายวิชาไหม,"CP 352 202 กา รเขียน โปรแกรม ส า หรับ โมบาย แอปพลิเคชัน 
  3 (2-2-5) 
  Programming for Mobile Application 
  
  เงื่อนไข ของ รายวิชา : ไม่ มี 
  
  พื้นฐาน การเขียน โปรแกรม Kotlin , การ ออกแบบ อิน เทอร์ เฟส , สร้าง เลย์ เอาท์ พื้นฐาน , จัดการ กับ 
  เหตุการณ์ พื้นฐาน , อ่าน ไฟล์ , เชื่อมต่อ RSS service , สร้าง การ แจ้ง เตือน , กราฟิก และ แอนิเมชัน อย่าง ง่าย , เพิ่ม 
  แผนที่ ลง แอปพลิเคชัน 
  Basic of Kotlin programming , interface design , build a basic layout , handle basic event , 
  read file , connect RSS service , create notifications , graphics and basic animations , add maps 
  to application"
ใน CS วิชา CP 353 204 การพัฒนาโปรแกรมประยุกต์บนเว็บ มีเงื่อนไขรายวิชาไหม,"CP 353 204 การพัฒนา โปรแกรม ประยุกต์ บน เว็บ 
  3 (2-2-5) 
  Web Application Development 
  
  เงื่อนไข ของ รายวิชา : CP 351 003 หรือ SC 311 003 
  
  การพัฒนา โปรแกรม ประยุกต์ บน เว็บ เต็ม รูปแบบ ภาษา โปรแกรม และ ไล บรา รี่ ส า หรับ การพัฒนา เว็บ 
  ส่วน หน้าบ้าน , ภาษา โปรแกรม และ ไล บรา รี่ ส า หรับ การพัฒนา เว็บ ส่วน หลังบ้าน มาตรฐาน การ เรียก ใช้ และ 
  สร้าง บริการ บน เว็บ การ จัดการ เว็บ เซิร์ฟเวอร์ การใช้งาน ระบบ ฐานข้อมูล แนะ น า การรักษา ความปลอดภัย 
  ส า หรับ เว็บ และ สร้าง โครงงาน พัฒนา โปรแกรม ประยุกต์ บน เว็บ อิสระ 
  Full stack web application development , programming languages and libraries for 
  frontend development , programming languages and libraries for backend development , web 
  service standard , web server management , using database system , introduction to web 
  security and independent web application development project"
ใน CS ขอดูเงื่อนไขของวิชา CP 353 108 กับวิชา CP 353 109 หน่อย,"**CP 353 108 โค รง ข่าย ประสาท และ การเรียนรู้เชิงลึก 
  3 (2-2-5) 
  Neural Network and Deep Learning 
  
  เงื่อนไข ของ รายวิชา : CP 353 003 หรือ SC 313 006 
  
  ทฤษฎี และ การ ประยุกต์ ของ การ ค านวณ แบบ ประสาท ขั้น แนะ น า แบบ การ ค านวณ แบบ ประสาท การ 
  จ าแน กรู ป แบบ การ ประมาณค่า ของ ฟังก์ชัน ขั้นตอนวิธี การเรียนรู้ การเรียนรู้เชิงลึก 
  Introduction to theory and applications of neural computations , computational 
  models of neurons , pattern classifiers , function approximators , learning algorithms , deep 
  learning 
 ===========================================================
 CP 353 109 กา ร ประมวลผล ภาษาธรรมชาติ 
  3 (3-0-6) 
  Natural Language Processing 
  
  เงื่อนไข ของ รายวิชา : ไม่ มี 
  
  การประมวลผล ภาษาธรรมชาติ ขั้นตอนวิธี กา รส า หรับ การประมวลผลข้อมูล ภาษา การ ค านวณ ของ 
  ภาษาธรรมชาติ วากยสัมพันธ์ โครงสร้าง ประโยค และ การประมวลผล เชิง ความหมาย โมเดล ภาษา เทคนิค 
  การประมวลผล ภาษาธรรมชาติ โดย การ ใช้ คลัง ข้อมูลขนาดใหญ่ แบบ จ า ลอง ทาง สถิติ การ ประยุกต์ ใช้การ 
  ประมวลผล ภาษาธรรมชาติ 
  Introduction to natural language processing , algorithms for the processing of linguistic 
  information , computational of natural languages , morphological , syntactic , and semantic 
  processing , language model , quantitative techniques in NLP using large corpora , statistical 
  models , natural language processing application"
ใน CS ขอดูรายละเอียดของ วิชา CP 352 102 Digital Image Processing กับวิชา CP 353 102 Introduction to Machine Learning หน่อย,"**CP 352 102 กา ร ประมวลผล ภาพ ดิจิทัล 
  3 (2-2-5) 
  Digital Image Processing 
  
  เงื่อนไข ของ รายวิชา : CP 351 001 หรือ CP 351 002 หรือ 342 117 หรือ 
  SC 361 002 หรือ SC 311 001 หรือ SC 311 002 
  
  พื้นฐาน ระบบ ภาพ ดิจิทัล การ แปลง ความ เข้ม และ การกรอง ภาพ ใน เชิง พื้นที่ การกรอง ภาพ ใน เชิง 
  ความถี่ การฟื้นฟู ภาพ การประมวลผล ภาพ เชิง สัณฐาน วิทยา การ แบ่ง ย่อย ภาพ การ ประยุกต์ การ 
  ประมวลผล ภาพ ทางการแพทย์ การปฏิบัติ การประมวลผล ภาพ 
  Digital image fundamentals , intensity transformations and spatial filtering , filtering 
  in the frequency domain , image restoration , morphological image processing , image 
  segmentation , applications of medical image processing , image processing laboratory 
 ===========================================================
  **CP 353 102 เค รื่อง จักร เรียนรู้ ขั้น น า 
  3 (3-0-6) 
  Introduction to Machine Learning 
  
  เงื่อนไข ของ รายวิชา : ไม่ มี 
  
  แนวคิด และ กลไก พื้นฐาน ของ วิธี การเรียนรู้ ส า หรับ เครื่องจักร เรียนรู้ ที่ รู้ มีชื่อเสียง และ ประยุกต์ใช้ 
  แพร่หลาย วิธี เค - มีนส์ วิธี ฟัซ ซี่ - มีนส์ การ จัดระเบียบ ตนเอง เครื่องจักร เรียนรู้ เอ็กซ์ ท รีม โครงข่าย ประสาท 
  เทียม แบบ คอน โว ลู ชัน ตัว เข้ารหัส อัตโนมัติ เชิง ลึก เครื่องจักร บ็อลทซ์ มัน เชิง ลึก เครื่องจักร เรียนรู้ แบบ ต้นไม้ 
  การ ส่งเสริม ป่า แบบ สุ่ม เทคนิค การ หา ค า ตอบ ที่ หมา ะสม การ ประยุกต์ 
  The basic concepts and mechanisms of several well-known and well-applied machine 
  learning approaches , k-means , fuzzy c-means , self-organization , extreme learning machine , 
  convolutional neural network , deep auto-encoder , deep Boltzmann machine , tree-based 
  machines , boosting , random forest , optimization techniques , applications"
ใน CS อยากรู้รายละเอียดของวิชา CP 353 101 Data Engineering กับวิชา CP 353 103 Data Analytics and Application หน่อย,"CP 353 101 วิ ศว กรรม ข้อมูล 
  3 (2-2-5) 
  Data Engineering 
  
  เงื่อนไข ของ รายวิชา : CP 352 003 และ CP 352 004 หรือ SC 312 003 และ 
  SC 312 004 
  
  นิยาม และ ขอบเขต ของ วิศวกรรม ข้อมูล ขอบ ข่ายงาน ที่ รับผิดชอบ ของ ผู้เชี่ยวชาญ ทาง ด้าน ข้อมูล 
  นิยาม ของ ข้อมูล ลักษณะ ของ ข้อมูล การ กระ ท า กับ ข้อมูล เครื่องมือ ภาษา โปรแกรม แพลตฟอร์ม ที่ ใช้ ใน การ 
  ท า วิ ศก รร ม ข้อมูล ไปป์ ไลน์ ข้อมูล / วัฏจักร ข้อมูล : การ เลือก แหล่งข้อมูล , ช่อง ทางการ เชื่อมต่อ , การ รวบรวม 
  ข้อมูล , กา รท า ความสะอาด ข้อมูล , การ จัดการ รูปแบบ ของ ข้อมูล , การ จัดเก็บ ข้อมูล และ การ แสดงผล ข้อมูล 
  การประมวลผล แบบ กลุ่ม เมฆ ที่ เกี่ยวข้อง กับ วิศวกรรม ข้อมูล 
  Definition and scope of data engineering , responsibility of data expert , definition and 
  characteristic of data , working with data , tools , programming language and platform for data 
  engineering , data Pipeline /data Lifecycle : source of data , data API , collecting data , cleansing 
  data , transforming data , storing data , visualizing data , cloud computing which related with 
  data engineering 
 ===========================================================
 CP 353 103 กา รวิ เคราะห์ และ การ ประยุกต์ ข้อมูล 
  3 (2-2-5) 
  Data Analytics and Application 
  
  เงื่อนไข ของ รายวิชา : CP 352 003 และ CP 352 004 หรือ SC 312 003 และ 
  SC 312 004 
  
  ข้อมูล การ เตรียม ข้อมูล กระบวนการ ค้นพบ ความรู้ ใน การ วิเคราะห์ ข้อมูล กา รท า เหมือง ข้อมูล การ 
  วิเคราะห์ ข้อมูล เครื่องมือ และ ภาษา ที่ ใช้ ใน การ วิเคราะห์ ข้อมูล กา รท า เหมือง กฎ ความสัมพันธ์ การ จ าแนก 
  ประเภท และ การ พยากรณ์ ข้อมูล การ จัดกลุ่ม ข้อมูล การ สร้างภาพ นามธรรม ความ ท้าทาย ส า หรับ การ 
  วิเคราะห์ ข้อมูลขนาดใหญ่ และ การ ประยุกต์ใช้ 
  Data , data pre-processing , knowledge discovery in databases process , data mining , data 
  analytics , tools and languages for data analytics , association rule mining , classification and 
  prediction data , clustering data , data visualization , challenges for big data analytics , and 
  applications"
ใน CS ถ้าเราไม่ผ่านวิชา CP 351 003 Object Oriented Programming จะไม่สามารถลงวิชาไหนได้บ้าง,"**CP 352 203 กา ร พัฒนา เกม คอมพิวเตอร์ 
  3 (2-2-5) 
  Computer Game Development 
  
  เงื่อนไข ของ รายวิชา : CP 351 003 หรือ SC 311 103 
  
  ความรู้ พื้นฐาน เกี่ยวกับ เกม คอมพิวเตอร์ เครื่องมือ พัฒนา เกม การ วิเคราะห์ และ ออกแบบ เกม การ 
  เขียน โปรแกรม สร้าง เกม แบบ 2 มิติ และ 3 มิติ ภาพเคลื่อนไหว กราฟ ของ ฉาก การควบคุม กล้อง เสียง และ 
  ดนตรี ประกอบ การ จ า ลอง ฟิสิกส์ แนะ น า ปัญญาประดิษฐ์ ส า หรับ เกม ทฤษฎี เกม การ ค้นหา เส้นทาง การ สร้าง 
  เกม ออนไลน์ แบบ หลาย ผู้ เล่น และ การ สร้าง โครงงาน เกม อิสระ 
  Introduction to computer game , game development tools , game analysis and design , 
  2 D and 3 D game programming , animation , scene graphs , camera control , sound effect and 
  music , physics simulation , introduction to artificial intelligence for game , game theory , path 
  finding , creating multiplayer online game , and independent game project 
 
 ===========================================================
 
  *CP 353 203 กา ร พัฒนา โปรแกรม ประยุกต์ เสมือน จริง 
  3 (2-2-5) 
  Virtual Reality Application Development 
  
  เงื่อนไข ของ รายวิชา : CP 351 003 หรือ SC 311 003 
  
  เทคโนโลยี โลก เสมือน ความเป็นจริงเสมือน ความเป็นจริง เสริม และ ความเป็นจริง ผสม อุปกรณ์ 
  ส า หรับ สร้าง ความเป็นจริงเสมือน การ ออกแบบ และ พัฒนา โปรแกรม ประยุกต์ เสมือน จริง ความปลอดภัย การ 
  ใช้งาน แนะ น า ปัญญาประดิษฐ์ ส า หรับ เทคโนโลยี โลก เสมือน โลก เสมือน แบบ ผู้ใช้ หลาย คน เกม เสมือน จริง 
  และ สร้าง โครงงาน อิสระ ด้วย เทคโนโลยี โลก เสมือน จริง 
  Virtual world technology , virtual reality , augmented reality and mixed reality , virtual 
  reality devices , design and development of virtual reality application , use safety , introduction 
  to artificial intelligence for virtual world technology , multi-users virtual world , virtual reality 
  game and independent virtual reality project .
 
 ===========================================================
 CP 353 204 การพัฒนา โปรแกรม ประยุกต์ บน เว็บ 
  3 (2-2-5) 
  Web Application Development 
  
  เงื่อนไข ของ รายวิชา : CP 351 003 หรือ SC 311 003 
  
  การพัฒนา โปรแกรม ประยุกต์ บน เว็บ เต็ม รูปแบบ ภาษา โปรแกรม และ ไล บรา รี่ ส า หรับ การพัฒนา เว็บ 
  ส่วน หน้าบ้าน , ภาษา โปรแกรม และ ไล บรา รี่ ส า หรับ การพัฒนา เว็บ ส่วน หลังบ้าน มาตรฐาน การ เรียก ใช้ และ 
  สร้าง บริการ บน เว็บ การ จัดการ เว็บ เซิร์ฟเวอร์ การใช้งาน ระบบ ฐานข้อมูล แนะ น า การรักษา ความปลอดภัย 
  ส า หรับ เว็บ และ สร้าง โครงงาน พัฒนา โปรแกรม ประยุกต์ บน เว็บ อิสระ 
  Full stack web application development , programming languages and libraries for 
  frontend development , programming languages and libraries for backend development , web 
  service standard , web server management , using database system , introduction to web 
  security and independent web application development project"
ใน CS ถ้าเราไม่ผ่านวิชา CP 352 001 Data Structure จะไม่สามารถลงวิชาไหนได้บ้าง,"CP 352 006 กา รวิ เคราะห์ ขั้นตอนวิธี 
  3 (3-0-6) 
  Analysis of Algorithms 
  
  เงื่อนไข ของ รายวิชา : CP 352 001 หรือ SC 312 001 
  
  การ วิเคราะห์ ขั้นตอนวิธี เชิงเส้น ก า กับ ทฤษฎีบท หลัก ปัญหา กราฟ ขั้นตอนวิธี เชิง ละโมบ เทคนิค การ 
  แบ่งแยก และ เอาชนะ การ โปรแกรม แบบ พลวัต การ ค้น ใน ปริภูมิ สถานะ ขั้นตอน วิธีการ ย้อนรอย การ ขยาย 
  และ จ า กัด เขต ปัญหา เอ็น พี สมบูรณ์ 
  Asymptotic analysis of algorithm ; master theorem ; graph problems ; greedy algorithm ; 
  divide and conquer algorithm ; dynamic programming ; state space search ; backtracking 
  algorithm ; branch-and-bound algorithm ; NP completeness 
 ===========================================================
 CP 352 103 กา ร เขียน โปรแกรม เชิง แข่งขัน 
  3 (2-2-5) 
  
  Competitive Programming 
  
  เงื่อนไข ของ รายวิชา : CP 352 001 หรือ CP 352 006 หรือ SC 312 001 หรือ 
  SC 312 006 
  
  หลักการ พื้นฐาน โครงสร้าง ข้อมูล และ ขั้นตอนวิธี โดย ใช้ ไลบรารี เทมเพลต มาตรฐาน การเขียน 
  โปรแกรม แบบ ไดนามิก หรือ เชิง พลวัต ขั้นตอนวิธี แบ่งแยก และ เอาชนะ ขั้นตอนวิธี ของ กราฟ การท่อง หา เชิง 
  แนว ลึก การท่อง หา เชิง แนว กว้าง การ หา เส้นทาง ที่ สั้น ที่สุด ขั้นตอนวิธี ของ ได ก์ส ตรา ขั้นตอนวิธี ของ ฟลอยด์ - 
  วอร์ แช ล ต้นไม้ แบบ ทอด ข้า มต ่า สุด ขั้นตอนวิธี ของ พ ริม ขั้นตอนวิธี ของ ครู สกา ลการ ฝึก เขียน โปรแกรม 
  คอมพิวเตอร์ เพื่อ แก้ปัญหา โจทย์ 
  
  Fundamental Concepts , Data structure and Algorithms using Standard Template 
  Library , Dynamic Programming , Divide and Conquer , Graph Algorithms Depth-First Search 
  Breadth-First Search Shortest Path Dijkstra 's algorithm Floyd –Warshall algorithm Minimum 
  Spanning Tree Prim 's algorithm Kruskal ’s algorithm , computer programming practice for 
  problem solving
 ===========================================================
 CP 353 005 ทฤษฎี การ ค านวณ 
  3 (3-0-6) 
  Theory of Computation 
  
  เงื่อนไข ของ รายวิชา : CP 351 002 หรือ CP 352 001 หรือ SC 311 002 หรือ 
  SC 312 001 
  
  คณิตศาสตร์ และ สัญลักษณ์ ที่ เกี่ยวข้อง แนวคิด พื้นฐาน ของ ภาษา ไวยากรณ์ ออ โต มาตา ไฟ ไนท์ ออ โต 
  มาตา ภาษา ปกติ ไวยากรณ์ ปกติ นิพจน์ ปกติ วิธี ปั้ม ปิ้ง เลมม่าส า หรับ ภาษา ปกติ ภาษา ไม่ พึ่ง บริบท ไวยากรณ์ ไม่ 
  พึ่ง บริบท วิธี ปั้ม ปิ้ง เลมม่าส า หรับ ภาษา ไม่ พึ่ง บริบท การ แปลง ไวยากรณ์ ออ โต มาตา แบบ กด ลง เครื่อง ทัวริ่ง 
  ข้อ จ า กัด ของ การ ค านวณ แบบ ขั้นตอนวิธี 
  Mathematical preliminaries , notation , and basic concepts languages , grammar , 
  automata , finite automata , regular languages , regular grammars , regular expressions , pumping lemma for regular languages , context-free languages , context-free grammar , pumping lemma 
  for context-free languages , transforming grammar , pushdown automata , Turing machine , 
  limits of algorithmic computation
 ===========================================================
 CP 353 111 การเขียน โปรแกรมคอมพิวเตอร์ ควอนตัม 
  3 (2-2-5) 
  Quantum Computer Programming 
  
  เงื่อนไข ของ รายวิชา : CP 352 001 และ SC 402 101 
  
  คณิตศาสตร์ ที่ จ า เป็น , ภาษา โปรแกรม และ เครื่องมือ ส า หรับ คอมพิวเตอร์ ควอนตัม , สถานะ ควอนตัม 
  และ คิว บิท , คิว บิท และ ความยุ่งเหยิง หลาย จุด , โปรโตคอล ควอนตัม และ อัลกอริทึม ควอนตัม , วงจร ควอนตัม , 
  อัลกอริทึม ควอนตัม และ ตัวอย่าง การ ประยุกต์ ใช้งาน 
  Essential Mathematics , Programming Language and Tools for Quantum Computer , 
  Quantum States and Qubits , Multiple Qubits and Entanglement , Quantum Protocols and 
  Quantum Algorithms , Quantum Circuits , Quantum Algorithms and Examples of Applications"
ใน CS ถ้าเราไม่ผ่านวิชา CP 351 001 Fundamental Computer Science จะไม่สามารถลงวิชาไหนได้บ้าง,"CP 351 003 กา ร เขียน โปรแกรม เชิงวัตถุ 
 
  3 (2-2-5) 
 
  Object Oriented Programming 
 
  
 
  เงื่อนไข ของ รายวิชา : CP 351 001 หรือ SC 311 001 
 
  
 
  แนะ น า กระบวนทัศน์ ของ ภาษา โปรแกรม ข้อมูล นามธรรม กระบวน งาน นามธรรม ชนิด ข้อมูล 
 
  นามธรรม วัตถุ คลาส คอน สทรัคเตอร์ ดี สทรัคเตอร์ การ ห่อหุ้ม การซ่อน สารสนเทศ การ ส่งข่าวสาร การ 
 
  ประกอบ การ รวมกัน อา เรย์ วัตถุ ความสามารถ ใน การ มองเห็น การ ทับ ซ้อน ตัว ด า เนิน การ การสืบทอด ภาวะ 
 
  พหุ สัณฐาน คลาส นามธรรม อิน เทอร์ เฟส การ โปรแกรม แบบ โครงร่าง ร่วม การ จัด ห่อ ของ คลาส 
 
  Introduction to paradigm of programming languages , Data abstraction , procedural 
 
  abstraction , abstract data type , object , class , constructor , destructor , encapsulation , 
 
  information hiding , message passing , composition , aggregation , array of objects , visibility , 
 
  operator overloading , inheritance , polymorphism , abstract class , interface , generic 
 
  programming , class package 
 
 ===========================================================
 
 CP 351 201 คอ มพิวเตอร์ แอนิเมชัน 
 
  3 (2-2-5) 
 
  Computer Animation 
 
  
 
  เงื่อนไข ของ รายวิชา : CP 351 001 หรือ SC 311 001 
 
  
 
  หลักการ พื้นฐาน ของ กา รท า แอนิเมชัน ด้วย คอมพิวเตอร์ กระบวนการ แอ นิ เม ชั้น แบบ สอง มิติ การ ใช้ 
 
  โปรแกรม ส าเร็จ รูปวาด ตัวละคร การ วาด ฉาก ความลึก และ ต า แห น่ง การ จัดการ กล้อง การ จัด โครงกระดูก และ 
 
  แอนิเมชัน ตัวละคร เส้น เวลา วิ ชว ล เอฟ เฟค เสียง เอฟ เฟค ดนตรี การ ฝึก ทักษะ ใน การ ใช้ เทคโนโลยี เพื่อ การ 
 
  ผลิต ภาพ คอมพิวเตอร์ แอนิเมชัน 
 
  Basic principles of computer animation ; 2 D animation processes ; using up-to-date 
 
  computer applications for character drawing , scene drawing , depth and position , camera 
 
  management , skeletal posing and character animation , timeline , visual effect , sound effect , 
 
  music ; hands-on practice by using technologies for computer animation 
 
 ===========================================================
 
 CP 352 001 โค รง สร้าง ข้อมูล 
 
  3 (2-2-5) 
 
  Data Structure 
 
  
 
  เงื่อนไข ของ รายวิชา : CP 351 001 หรือ SC 311 001 
 
  
 
  พื้นฐาน ของ ขั้นตอนวิธี โครงสร้าง ข้อมูล แบบ เชิงเส้น แถว ล า ดับ สแต๊ค คิว ลิงก์ ลิสต์ ทางเดียว ลิงก์ ลิสต์ 
 
  วงกลม ลิงก์ ลิสต์ สอง ทาง โครงสร้าง ข้อมูล ไม่ เชิงเส้น โครงสร้าง รูป ต้นไม้ และ กราฟ เทคนิค การเรียง ล า ดับ และ 
 
  การ ค้นหา ข้อมูล 
 
  Fundamental of algorithms , linear data structure , arrays , stacks , queues , single linked 
 
  lists , circular lists , doubly linked lists , non-linear data structures , tree structure and graphs , 
 
  sorting and searching techniques 
 
 ===========================================================
 
 CP 352 002 กา รอ อก แบบ ประสบการณ์ ผู้ใช้ 
 
  3 (2-2-5) 
 
  User Experience Design 
 
  
 
  เงื่อนไข ของ รายวิชา : CP 351 001 หรือ SC 311 001 
 
  
 
  หลักการ และ แนวคิด การโต้ตอบ ระหว่าง คอมพิวเตอร์ กับ ผู้ใช้งาน ขั้นพื้นฐาน ความ ส าคัญ ของ การ 
 
  ออกแบบ ประสบการณ์ ผู้ใช้ ทฤษฎี พื้นฐาน ของ การ ออกแบบ ระบบ การ ติดต่อ โต้ตอบ วงจร การ ออกแบบ 
 
  ประสบการณ์ ผู้ใช้ ปัจจัย ที่ ส่งผล ต่อ ประสบการณ์ ผู้ใช้ ประเด็น ที่ เกี่ยวกับ การ ออกแบบ ประสบการณ์ ผู้ใช้ ใน 
 
  ปัจจุบัน การ วิเคราะห์ พฤติกรรม ผู้ใช้ การยศาสตร์ การ ฝึก ทักษะ ใน การ ใช้ เทคโนโลยี เพื่อ การ ออกแบบ 
 
  ประสบการณ์ ผู้ใช้ 
 
  Principles and concepts of the basic interaction between computers and users ; the 
 
  importance of user experience design ; basic theories of interactive system design ; user 
 
  experience design cycle ; factors in user experience design ; current issues of user experience 
 
  design ; user behavior analysis ; ergonomics ; hands-on practice by using technologies for user 
 
  experience design 
 
 ===========================================================
 
 CP 352 102 กา ร ประมวลผล ภาพ ดิจิทัล 
 
  3 (2-2-5) 
 
  Digital Image Processing 
 
  
 
  เงื่อนไข ของ รายวิชา : CP 351 001 หรือ CP 351 002 หรือ 342 117 หรือ 
 
  SC 361 002 หรือ SC 311 001 หรือ SC 311 002 
 
  
 
  พื้นฐาน ระบบ ภาพ ดิจิทัล การ แปลง ความ เข้ม และ การกรอง ภาพ ใน เชิง พื้นที่ การกรอง ภาพ ใน เชิง 
 
  ความถี่ การฟื้นฟู ภาพ การประมวลผล ภาพ เชิง สัณฐาน วิทยา การ แบ่ง ย่อย ภาพ การ ประยุกต์ การ 
 
  ประมวลผล ภาพ ทางการแพทย์ การปฏิบัติ การประมวลผล ภาพ 
 
  Digital image fundamentals , intensity transformations and spatial filtering , filtering 
 
  in the frequency domain , image restoration , morphological image processing , image 
 
  segmentation , applications of medical image processing , image processing laboratory"
ใน CS เปรียบเทียบรายละเอียดของ วิชา CP 353 101 Data Engineering กับวิชา CP 353 103 Data Analytics and Application ให้หน่อย,"CP 353 101 วิ ศว กรรม ข้อมูล 
  3 (2-2-5) 
  Data Engineering 
  
  เงื่อนไข ของ รายวิชา : CP 352 003 และ CP 352 004 หรือ SC 312 003 และ 
  SC 312 004 
  
  นิยาม และ ขอบเขต ของ วิศวกรรม ข้อมูล ขอบ ข่ายงาน ที่ รับผิดชอบ ของ ผู้เชี่ยวชาญ ทาง ด้าน ข้อมูล 
  นิยาม ของ ข้อมูล ลักษณะ ของ ข้อมูล การ กระ ท า กับ ข้อมูล เครื่องมือ ภาษา โปรแกรม แพลตฟอร์ม ที่ ใช้ ใน การ 
  ท า วิ ศก รร ม ข้อมูล ไปป์ ไลน์ ข้อมูล / วัฏจักร ข้อมูล : การ เลือก แหล่งข้อมูล , ช่อง ทางการ เชื่อมต่อ , การ รวบรวม 
  ข้อมูล , กา รท า ความสะอาด ข้อมูล , การ จัดการ รูปแบบ ของ ข้อมูล , การ จัดเก็บ ข้อมูล และ การ แสดงผล ข้อมูล 
  การประมวลผล แบบ กลุ่ม เมฆ ที่ เกี่ยวข้อง กับ วิศวกรรม ข้อมูล 
  Definition and scope of data engineering , responsibility of data expert , definition and 
  characteristic of data , working with data , tools , programming language and platform for data 
  engineering , data Pipeline /data Lifecycle : source of data , data API , collecting data , cleansing 
  data , transforming data , storing data , visualizing data , cloud computing which related with 
  data engineering 
 ===========================================================
 CP 353 103 กา รวิ เคราะห์ และ การ ประยุกต์ ข้อมูล 
  3 (2-2-5) 
  Data Analytics and Application 
  
  เงื่อนไข ของ รายวิชา : CP 352 003 และ CP 352 004 หรือ SC 312 003 และ 
  SC 312 004 
  
  ข้อมูล การ เตรียม ข้อมูล กระบวนการ ค้นพบ ความรู้ ใน การ วิเคราะห์ ข้อมูล กา รท า เหมือง ข้อมูล การ 
  วิเคราะห์ ข้อมูล เครื่องมือ และ ภาษา ที่ ใช้ ใน การ วิเคราะห์ ข้อมูล กา รท า เหมือง กฎ ความสัมพันธ์ การ จ าแนก 
  ประเภท และ การ พยากรณ์ ข้อมูล การ จัดกลุ่ม ข้อมูล การ สร้างภาพ นามธรรม ความ ท้าทาย ส า หรับ การ 
  วิเคราะห์ ข้อมูลขนาดใหญ่ และ การ ประยุกต์ใช้ 
  Data , data pre-processing , knowledge discovery in databases process , data mining , data 
  analytics , tools and languages for data analytics , association rule mining , classification and 
  prediction data , clustering data , data visualization , challenges for big data analytics , and 
  applications"
ใน CS เปรียบเทียบรายละเอียดของ วิชา CP 352 102 Digital Image Processing กับวิชา CP 353 102 Introduction to Machine Learning ให้หน่อย,"**CP 352 102 กา ร ประมวลผล ภาพ ดิจิทัล 
  3 (2-2-5) 
  Digital Image Processing 
  
  เงื่อนไข ของ รายวิชา : CP 351 001 หรือ CP 351 002 หรือ 342 117 หรือ 
  SC 361 002 หรือ SC 311 001 หรือ SC 311 002 
  
  พื้นฐาน ระบบ ภาพ ดิจิทัล การ แปลง ความ เข้ม และ การกรอง ภาพ ใน เชิง พื้นที่ การกรอง ภาพ ใน เชิง 
  ความถี่ การฟื้นฟู ภาพ การประมวลผล ภาพ เชิง สัณฐาน วิทยา การ แบ่ง ย่อย ภาพ การ ประยุกต์ การ 
  ประมวลผล ภาพ ทางการแพทย์ การปฏิบัติ การประมวลผล ภาพ 
  Digital image fundamentals , intensity transformations and spatial filtering , filtering 
  in the frequency domain , image restoration , morphological image processing , image 
  segmentation , applications of medical image processing , image processing laboratory 
 ===========================================================
  **CP 353 102 เค รื่อง จักร เรียนรู้ ขั้น น า 
  3 (3-0-6) 
  Introduction to Machine Learning 
  
  เงื่อนไข ของ รายวิชา : ไม่ มี 
  
  แนวคิด และ กลไก พื้นฐาน ของ วิธี การเรียนรู้ ส า หรับ เครื่องจักร เรียนรู้ ที่ รู้ มีชื่อเสียง และ ประยุกต์ใช้ 
  แพร่หลาย วิธี เค - มีนส์ วิธี ฟัซ ซี่ - มีนส์ การ จัดระเบียบ ตนเอง เครื่องจักร เรียนรู้ เอ็กซ์ ท รีม โครงข่าย ประสาท 
  เทียม แบบ คอน โว ลู ชัน ตัว เข้ารหัส อัตโนมัติ เชิง ลึก เครื่องจักร บ็อลทซ์ มัน เชิง ลึก เครื่องจักร เรียนรู้ แบบ ต้นไม้ 
  การ ส่งเสริม ป่า แบบ สุ่ม เทคนิค การ หา ค า ตอบ ที่ หมา ะสม การ ประยุกต์ 
  The basic concepts and mechanisms of several well-known and well-applied machine 
  learning approaches , k-means , fuzzy c-means , self-organization , extreme learning machine , 
  convolutional neural network , deep auto-encoder , deep Boltzmann machine , tree-based 
  machines , boosting , random forest , optimization techniques , applications"
ใน CS แสดงการเปรียบเทียบ ระหว่าง วิชา CP 353 203 Virtual Reality Application Development กับวิชา CP 353 204 Web Application Development,"CP 353 203 กา ร พัฒนา โปรแกรม ประยุกต์ เสมือน จริง 
  3 (2-2-5) 
  Virtual Reality Application Development 
  
  เงื่อนไข ของ รายวิชา : CP 351 003 หรือ SC 311 003 
  
  เทคโนโลยี โลก เสมือน ความเป็นจริงเสมือน ความเป็นจริง เสริม และ ความเป็นจริง ผสม อุปกรณ์ 
  ส า หรับ สร้าง ความเป็นจริงเสมือน การ ออกแบบ และ พัฒนา โปรแกรม ประยุกต์ เสมือน จริง ความปลอดภัย การ 
  ใช้งาน แนะ น า ปัญญาประดิษฐ์ ส า หรับ เทคโนโลยี โลก เสมือน โลก เสมือน แบบ ผู้ใช้ หลาย คน เกม เสมือน จริง 
  และ สร้าง โครงงาน อิสระ ด้วย เทคโนโลยี โลก เสมือน จริง 
  Virtual world technology , virtual reality , augmented reality and mixed reality , virtual 
  reality devices , design and development of virtual reality application , use safety , introduction 
  to artificial intelligence for virtual world technology , multi-users virtual world , virtual reality 
  game and independent virtual reality project .
 
 ===========================================================
 CP 353 204 การพัฒนา โปรแกรม ประยุกต์ บน เว็บ 
  3 (2-2-5) 
  Web Application Development 
  
  เงื่อนไข ของ รายวิชา : CP 351 003 หรือ SC 311 003 
  
  การพัฒนา โปรแกรม ประยุกต์ บน เว็บ เต็ม รูปแบบ ภาษา โปรแกรม และ ไล บรา รี่ ส า หรับ การพัฒนา เว็บ 
  ส่วน หน้าบ้าน , ภาษา โปรแกรม และ ไล บรา รี่ ส า หรับ การพัฒนา เว็บ ส่วน หลังบ้าน มาตรฐาน การ เรียก ใช้ และ 
  สร้าง บริการ บน เว็บ การ จัดการ เว็บ เซิร์ฟเวอร์ การใช้งาน ระบบ ฐานข้อมูล แนะ น า การรักษา ความปลอดภัย 
  ส า หรับ เว็บ และ สร้าง โครงงาน พัฒนา โปรแกรม ประยุกต์ บน เว็บ อิสระ 
  Full stack web application development , programming languages and libraries for 
  frontend development , programming languages and libraries for backend development , web 
  service standard , web server management , using database system , introduction to web 
  security and independent web application development project"
ใน CS แสดงการเปรียบเทียบของวิชา Computer Animation กับวิชา Computer Game Development ให้ดูหน่อย,"CP 351 201 คอ มพิวเตอร์ แอนิเมชัน 
  3 (2-2-5) 
  Computer Animation 
  
  เงื่อนไข ของ รายวิชา : CP 351 001 หรือ SC 311 001 
  
  หลักการ พื้นฐาน ของ กา รท า แอนิเมชัน ด้วย คอมพิวเตอร์ กระบวนการ แอ นิ เม ชั้น แบบ สอง มิติ การ ใช้ 
  โปรแกรม ส าเร็จ รูปวาด ตัวละคร การ วาด ฉาก ความลึก และ ต า แห น่ง การ จัดการ กล้อง การ จัด โครงกระดูก และ 
  แอนิเมชัน ตัวละคร เส้น เวลา วิ ชว ล เอฟ เฟค เสียง เอฟ เฟค ดนตรี การ ฝึก ทักษะ ใน การ ใช้ เทคโนโลยี เพื่อ การ 
  ผลิต ภาพ คอมพิวเตอร์ แอนิเมชัน 
  Basic principles of computer animation ; 2 D animation processes ; using up-to-date 
  computer applications for character drawing , scene drawing , depth and position , camera 
  management , skeletal posing and character animation , timeline , visual effect , sound effect , 
  music ; hands-on practice by using technologies for computer animation 
 ===========================================================
 CP 352 203 กา ร พัฒนา เกม คอมพิวเตอร์ 
  3 (2-2-5) 
  Computer Game Development 
  
  เงื่อนไข ของ รายวิชา : CP 351 003 หรือ SC 311 103 
  
  ความรู้ พื้นฐาน เกี่ยวกับ เกม คอมพิวเตอร์ เครื่องมือ พัฒนา เกม การ วิเคราะห์ และ ออกแบบ เกม การ 
  เขียน โปรแกรม สร้าง เกม แบบ 2 มิติ และ 3 มิติ ภาพเคลื่อนไหว กราฟ ของ ฉาก การควบคุม กล้อง เสียง และ 
  ดนตรี ประกอบ การ จ า ลอง ฟิสิกส์ แนะ น า ปัญญาประดิษฐ์ ส า หรับ เกม ทฤษฎี เกม การ ค้นหา เส้นทาง การ สร้าง 
  เกม ออนไลน์ แบบ หลาย ผู้ เล่น และ การ สร้าง โครงงาน เกม อิสระ 
  Introduction to computer game , game development tools , game analysis and design , 
  2 D and 3 D game programming , animation , scene graphs , camera control , sound effect and 
  music , physics simulation , introduction to artificial intelligence for game , game theory , path 
  finding , creating multiplayer online game , and independent game project"
ใน CS เรากำลังจะลง วิชาสังคมศาสตร์และการจัดการแต่เราไม่รู้จะเอาวิชาไหนดี ทำการเปรียบเทียบให้หน่อย,"(3.2) กลุ่มวิชาสังคมศาสตร์และการจัดการ
 **LW 011 105 ความรู้เบื้องต้นเกี่ยวกับกฎหมายทั่วไป
 3(3-0-0)
 Introduction to Law
 
 **BS 952 261 หลักการจัดการ
 3(3-0-6)
 Principles of Management
 
 ===========================================================
 
 **LW 011 105 ความ รู้ เบื้องต้น เกี่ยวกับ กฎหมาย ทั่วไป 
  3 (3-0-6) 
  Introduction to Law 
  
  เงื่อนไข ของ รายวิชา : ไม่ มี 
  
  ศึกษา แนว หลักเกณฑ์ พื้นฐาน ของ กฎหมาย โดยทั่วไป การ แยกประเภท ของ กฎหมาย ขอบเขต ที่ 
  กฎหมาย บังคับใช้ ศัพท์ กฎหมาย ที่ ควร รู้ หลัก ส าคัญ ใน การ กระ ท า ผิด ทางอาญา และ กฎหมาย ว่าด้วย 
  ความสัมพันธ์ ของ ครอบครัว ทั้งนี้ เพื่อให้ รู้จัก สิทธิ หน้าที่ และ เสรีภาพ อัน พึง ได้รับ ตามกฎหมาย 
  The study of the concepts , types , and scope of law .
 
 ===========================================================
  **BS 952 261 หลักการ จัดการ 
  3 (3-0-6) 
  Principles of Management 
  
  เงื่อนไข ของ รายวิชา : ไม่ มี 
  
  แนวคิด และ ทฤษฎี การ จัดการ การบริหาร การเปลี่ยนแปลง กลยุทธ์ การเจรจาต่อรอง หน้าที่ ของ การ 
  จัดการ สภาพแวดล้อม ของ ธุรกิจ และ วัฒนธรรม องค์การ การวางแผน กระบวน การตัดสินใจ กระบวนการ 
  วางแผน การ จัด องค์กร การ จัดการ ทรัพยากร มนุษย์ การ สั่งการ และ อ า นวย การ ภาวะ ผู้ น า การจูงใจ มุ่ง ผลงาน 
  คณะ ท า งาน และ การ ร่วมมือ การสื่อสาร เพื่อ การ จัดการ การควบคุม 
  
  Major concepts and management theory , change management , negotiation strategy , 
  functions of management , business environment and organization culture , planning , decision 
  process , planning process , organizing , human resource management , leading , leadership , 
  motivation , team and teamwork , communication for management , controlling"
"ใน CS เปรียบเทียบวิชา Wireless and Mobile Communication Networks , Internetworking และ Cryptography and Network Security ให้หน่อย","CP 352 302 เค รือ ข่าย สื่อสาร ไร้สาย และ เคลื่อนที่ 
  3 (2-2-5) 
  Wireless and Mobile Communication Networks 
  
  เงื่อนไข ของ รายวิชา : ไม่ มี 
  
  เทคโนโลยี เคลื่อนที่ ขั้น แนะ น า พื้นฐาน เครือข่าย ไร้สาย เครือข่าย ไร้สาย แบบ เฉพาะที่ เครือข่าย ไร้สาย 
  แบบ ส่วนตัว อินเทอร์เน็ต ของ สรรพสิ่ง เครือข่าย เซนเซอร์ เครือข่าย แอด ฮอค เครือข่าย เซ ลลูลาร์ เทคโนโลยี 
  อินเทอร์เน็ต บน เครือข่าย ไร้สาย ที ซี พี ใน เครือข่าย ไร้สาย พื้นฐาน ด้าน กายภาพ ความมั่นคง ปลอดภัย บน 
  เครือข่าย ไร้สาย ขั้น แนะ น า 
  Introduction to mobile technology , wireless networking basic , wireless local area 
  networks , wireless personal area networks , internet of thing , sensor networks , ad hoc 
  networks , cellular networks , internet technology in wireless networks , TCP in wireless 
  networks , fundamental to physical , introduction to wireless network security 
 ===========================================================
 CP 353 301 กา ร เชื่อมต่อ อินเทอร์เน็ต 
  3 (2-2-5) 
  Internetworking 
  
  เงื่อนไข ของ รายวิชา : CP 352 005 หรือ SC 312 005 
  
  เครือข่าย คอมพิวเตอร์ และ อินเทอร์เน็ต โพ ร โต คอ ล ที่ ใช้ เลือก เส้นทาง การ เลือก เส้นทาง แบบ มัลติ คาสต์ 
  และ การควบคุม ความแออัด บน อินเทอร์เน็ต การ หลีกเลี่ยง ความหนาแน่น การ จัดการ แถว คอย การควบคุม 
  การ ยอมให้ เข้า และ โพ ร โต คอ ล ควบคุม การ ส่ง ข้อมูล การ สนับสนุน สื่อผสม บน อินเทอร์เน็ต โพ ร โต คอ ล แบบ 
  ทันที และ โพ ร โต คอ ลส า หรับ การ จอง ทรัพยากร หัวข้อ ขั้นสูง ด้าน เครือข่าย คอมพิวเตอร์ 
  Computer networks and internet , routing protocols , multicast routing , congestion 
  control and congestion avoidance , queue management , admission control , transmission 
  control protocol , multimedia support on internet , real- time protocol and resource 
  reservation protocol , advanced topics in computer networks 
 ===========================================================
 CP 353 303 วิ ทยา การเข้ารหัส ลับ และ ความมั่นคง ระบบเครือข่าย 
  3 (2-2-5) 
  Cryptography and Network Security 
  
  เงื่อนไข ของ รายวิชา : CP 352 005 หรือ SC 312 005 
  
  ความรู้ พื้นฐาน ด้าน ความมั่นคง วิทยา การเข้ารหัส ลับ และ วิธีการ ถอดรหัส ทฤษฎี จ านวน ขั้น แนะ น า 
  การเข้ารหัส แบบ สมมาตร การเข้ารหัส แบบ สตรีม การเข้ารหัส แบบ บล็อก รูปแบบ กา รด า เนิน การ การเข้ารหัส 
  แบบ อสมมาตร ฟังก์ชัน แฮ ช เข้ารหัส รหัส การ ตรวจสอบ ข้อความ ลายเซ็น ดิจิทัล การ สร้าง คีย์ และ การแจกจ่าย 
  คีย์ โครงสร้างพื้นฐาน กุญแจ สาธารณะ การ ระบุ และ การ ยืนยัน ตัวจริง โปรโตคอล การเข้ารหัส การพิสูจน์ โดย 
  ความรู้ เป็น ศูนย์ การเข้ารหัส ควอนตัม ขั้น แนะ น า 
  Security fundamentals , cryptography and cryptanalysis , introduction to number theory , 
  symmetric cryptography , stream ciphers , block ciphers , mode of operations , asymmetric 
  cryptography , cryptographic hash functions , message authentication code , digital signatures , 
  key establishment and key distribution , Public Key Infrastructures (PKIs), identification and 
  authentication , cryptographic protocols , zero-knowledge proof , introduction to quantum 
  cryptography"
ใน CS วิชาปฏิบัติการปัญญาประดิษฐ์ กับวิชาการเขียนโปรแกรมคอมพิวเตอร์ควอนตัม ต่างกันยังไง,"CP 353 110 ปฏิ บัติ การ ปัญญาประดิษฐ์ 
  3 (2-2-5) 
  Artificial Intelligence Workshop 
  
  เงื่อนไข ของ รายวิชา : CP 353 003 หรือ SC 313 006 
  
  การเขียน โปรแกรม ไพธอน การ ใช้ แพลตฟอร์ม คลาวด์ และ โปรแกรม ส าเร็จ รูป ส า หรับ 
  แก้ปัญหา โดย ใช้ เทคนิค การเรียนรู้ ของ เครื่อง และ การเรียนรู้เชิงลึก การแก้ปัญหา 
  โครงการ 
  
  Python programming , cloud platforms and software for problem 
  solving using machine learning and deep learning , project solving 
 ===========================================================
 CP 353 111 การเขียน โปรแกรมคอมพิวเตอร์ ควอนตัม 
  3 (2-2-5) 
  Quantum Computer Programming 
  
  เงื่อนไข ของ รายวิชา : CP 352 001 และ SC 402 101 
  
  คณิตศาสตร์ ที่ จ า เป็น , ภาษา โปรแกรม และ เครื่องมือ ส า หรับ คอมพิวเตอร์ ควอนตัม , สถานะ ควอนตัม 
  และ คิว บิท , คิว บิท และ ความยุ่งเหยิง หลาย จุด , โปรโตคอล ควอนตัม และ อัลกอริทึม ควอนตัม , วงจร ควอนตัม , 
  อัลกอริทึม ควอนตัม และ ตัวอย่าง การ ประยุกต์ ใช้งาน 
  Essential Mathematics , Programming Language and Tools for Quantum Computer , 
  Quantum States and Qubits , Multiple Qubits and Entanglement , Quantum Protocols and 
  Quantum Algorithms , Quantum Circuits , Quantum Algorithms and Examples of Applications"
ใน CS เราต้องเก็บวิชา กลุ่มวิชาคณิตศาสตร์และวิทยาศาสตร์กี่หน่วยกิต,"(3) กลุ่มวิชาคณิตศาสตร์และวิทยาศาสตร์ 15 หน่วยกิต
 **GE 321 415 ทักษะการเรียนรู้
 3(3-0-6)
 Learning Skills
 
 **GE 362 785 การคิดเชิงสร้างสรรค์และการแก้ปัญหา
 3(3-0-6)
 Creative Thinking and Problem Solving
 
 **GE 363 789 ผู้ประกอบการสร้างสรรค์
 3(3-0-6)
 Creative Entrepreneurs
 
 *GE 341 511 การคิดเชิงค านวณและเชิงสถิติส าหรับเอบีซีดี
 3(2-2-5)
 Computational & Statistical Thinking for ABCD
 
 *GE 341 512 เอบีซีดีส าหรับทุกวิชาชีพ
 3(2-2-5)
 ABCD for All Professions"
ใน CS เราจะได้ทำโครงงานปีไหน,"ปีที่ 4 ภาคการศึกษาที่ 1
 
 แบบเลือกเรียนวิชาโครงงานทางวิทยาการคอมพิวเตอร์
 แบบเลือกเรียนวิชาสหกิจศึกษา
 **CP 354 771 โครงงานทางวิทยาการ
 คอมพิวเตอร์ 1
 3(0-9-6)
 XXX XXX วิชาเลือกเสรี
 Free Electives
 6 หน่วยกิต
 
 Computer Science
 Project I
 
 XXX XXX วิชาเลือกเสรี
 6 หน่วยกิต
 
 Free Electives
 
 รวมจ านวนหน่วยกิตลงทะเบียนเรียน 9 หน่วยกิต
 รวมจ านวนหน่วยกิตลงทะเบียนเรียน 6 หน่วยกิต
 
 รวมจ านวนหน่วยกิตสะสม 125 หน่วยกิต
 รวมจ านวนหน่วยกิตสะสม 122 หน่วยกิต
 ===========================================================
 ปีที่ 4 ภาคการศึกษาที่ 2
 
 แบบเลือกเรียนวิชาโครงงานทางวิทยาการคอมพิวเตอร์
 แบบเลือกเรียนวิชาสหกิจศึกษา
 **CP 354 772 โครงงานทางวิทยาการ
 คอมพิวเตอร์ 2
 3(0-6-3)
 **CP 354 785
 สหกิจศึกษาทาง
 วิทยาการ
 คอมพิวเตอร์
 6(0-18-9)
 
 Computer Science
 Project II
 
 Co-Operative
 Education in
 Computer
 Science
 
 รวมจ านวนหน่วยกิตลงทะเบียนเรียน 3 หน่วยกิต
 รวมจ านวนหน่วยกิตลงทะเบียนเรียน 6 หน่วยกิต
 
 รวมจ านวนหน่วยกิตสะสม 128 หน่วยกิต
 รวมจ านวนหน่วยกิตสะสม 128 หน่วยกิต
 หมายเหตุ หลักสูตรวิทยาการคอมพิวเตอร์ อาจจะพิจารณาเปิดรายวิชาสหกิจศึกษาทั้งภาคต้นและภาคปลาย"
ใน CS ตอนนี้เราอยู่ปี 3 ถ้าเลือกแผนสหกิจศึกษาต้องทำยังไงบ้าง,"ปีที่ 3 ภาคการศึกษาที่ 2
 
 หน่วยกิต
 
 
 
 **GE 142 145 ภาวะผู้น าและการจัดการ
 
 3(3-0-6)
 
 
 
 Leadership and Management
 
 
 
 **CP 353 004 วิศวกรรมซอฟต์แวร์
 
 3(2-2-5)
 
 
 
 Software Engineering
 
 
 
 **CP 353 005 ทฤษฎีการค านวณ
 
 3(3-0-6)
 
 
 
 Theory of Computation
 
 
 
 **CP 353 764 ระเบียบวิธีวิจัย
 
 3(3-0-6)
 
 
 
 Research Methodology
 
 
 
 *CP 353 796 การฝึกงานทางวิทยาการคอมพิวเตอร์
 
 3(0-9-5)*
 
 
 
 Internship in Computer Science
 
 (ไม่นับหน่วยกิต)
 
 
 
 CP 35X XXX วิชาเลือกเฉพาะทาง
 
 6 หน่วยกิต
 
 
 
 Specialized Electives
 
 รวมจ านวนหน่วยกิตลงทะเบียนเรียน 18 หน่วยกิต
 
 
 
 รวมจ านวนหน่วยกิตสะสม 116 หน่วยกิต
 
 
 
 ส าหรับนักศึกษาที่จะเลือกแผนสหกิจศึกษาให้ลงเพิ่มอีก 1 รายวิชา
 
 
 
 **CP 002 001 การเตรียมความพร้อมก่อนปฏิบัติงานสหกิจศึกษาส าหรับนักศึกษา
 
 วิทยาลัยการคอมพิวเตอร์
 
 1(0-2-2)*
 
 (ไม่นับหน่วยกิต)
 
 
 
 วิชาเลือกเพิ่มเติมที่สามารถลงได้:
 
 - CP 353 112 Big Data Analytics
 
 - CP 353 205 Geo-Informatics Application Development
 
 - CP 353 302 Information and Cyber Security
 
 - SC 363 202 Semantic Web Technology
 
 - SC 363 305 Cloud Computing and Application
 
 - CP 352 102 Digital Image Processing
 
 - CP 352 108 Basics of Data Engineering
 
 - CP 352 202 Programming for Mobile Application
 
 - CP 353 109 Natural Language Processing
 
 - CP 353 111 Quantum Computer Programming
 
 - SC 310 006 Mobile and Web Application Development"
ใน CS ขอดูแผนของ โครงงาน กับ สหกิจหน่อย,"ปีที่ 4 ภาคการศึกษาที่ 1
 
 
 
 แบบเลือกเรียนวิชาโครงงานทางวิทยาการคอมพิวเตอร์
 
 แบบเลือกเรียนวิชาสหกิจศึกษา
 
 **CP 354 771 โครงงานทางวิทยาการ
 
 คอมพิวเตอร์ 1
 
 3(0-9-6)
 
 XXX XXX วิชาเลือกเสรี
 
 Free Electives
 
 6 หน่วยกิต
 
 
 
 Computer Science
 
 Project I
 
 
 
 XXX XXX วิชาเลือกเสรี
 
 6 หน่วยกิต
 
 
 
 Free Electives
 
 
 
 รวมจ านวนหน่วยกิตลงทะเบียนเรียน 9 หน่วยกิต
 
 รวมจ านวนหน่วยกิตลงทะเบียนเรียน 6 หน่วยกิต
 
 
 
 รวมจ านวนหน่วยกิตสะสม 125 หน่วยกิต
 
 รวมจ านวนหน่วยกิตสะสม 122 หน่วยกิต
 
 ===========================================================
 
 ปีที่ 4 ภาคการศึกษาที่ 2
 
 
 
 แบบเลือกเรียนวิชาโครงงานทางวิทยาการคอมพิวเตอร์
 
 แบบเลือกเรียนวิชาสหกิจศึกษา
 
 **CP 354 772 โครงงานทางวิทยาการ
 
 คอมพิวเตอร์ 2
 
 3(0-6-3)
 
 **CP 354 785
 
 สหกิจศึกษาทาง
 
 วิทยาการ
 
 คอมพิวเตอร์
 
 6(0-18-9)
 
 
 
 Computer Science
 
 Project II
 
 
 
 Co-Operative
 
 Education in
 
 Computer
 
 Science
 
 
 
 รวมจ านวนหน่วยกิตลงทะเบียนเรียน 3 หน่วยกิต
 
 รวมจ านวนหน่วยกิตลงทะเบียนเรียน 6 หน่วยกิต
 
 
 
 รวมจ านวนหน่วยกิตสะสม 128 หน่วยกิต
 
 รวมจ านวนหน่วยกิตสะสม 128 หน่วยกิต
 
 หมายเหตุ หลักสูตรวิทยาการคอมพิวเตอร์ อาจจะพิจารณาเปิดรายวิชาสหกิจศึกษาทั้งภาคต้นและภาคปลาย"
ใน CS หมวดวิชาพื้นฐานหรือวิชาแกนต้องเก็บหน่วยกิต กี่หน่วยกิต,"3.1.3.2 หมวดวิชาเฉพาะ (Core Courses)
 (1) หมวดวิชาพื้นฐานหรือวิชาแกน 25 หน่วยกิต
 (1.1) กลุ่มวิชาบังคับพื้นฐานวิชาชีพ
 
 **SC 002 104 วิทยาศาสตร์กายภาพ
 3(3-0-6)
 Physical Science
 
 **SC 401 201 แคลคูลัสส าหรับวิทยาศาสตร์กายภาพ 1
 3(3-0-6)
 Calculus for Physical Science 1
 
 **SC 401 202 แคลคูลัสส าหรับวิทยาศาสตร์กายภาพ 2
 3(3-0-6)
 Calculus for Physical Science 2
 
 **SC 402 101 พีชคณิตเชิงเส้น 1
 3(3-0-6)
 
 Linear Algebra 1
 
 **SC 402 401 วิยุตคณิตและการประยุกต์
 3(3-0-6)
 
 Discrete Mathematic and Applications
 
 **SC 403 602 วิธีเชิงตัวเลขส าหรับวิทยาการคอมพิวเตอร์
 3(3-0-6)
 
 Numerical Methods for Computer Science
 
 **SC 602 005 ความน่าจะเป็นและสถิติ
 3(3-0-6)
 
 Probability and Statistics
 
 (1.2) กลุ่มวิชาบังคับสัมมนา ระเบียบวิธีวิจัย และฝึกงาน
 **CP 353 761 สัมมนาทางวิทยาการคอมพิวเตอร์
 1(1-0-2)
 
 Seminar in Computer Science
 
 **CP 353 764 ระเบียบวิธีวิจัย
 3(3-0-6)
 
 Research Methodology
 
 *CP 353 796 การฝึกงานทางวิทยาการคอมพิวเตอร์
 3(0-9-5)
 
 Internship in Computer Science
 (ไม่นับหน่วยกิต)
 (2) หมวดวิชาเฉพาะด้าน"
ใน CS ต้องเก็บหน่วยกิตของหมวดวิชาศึกษาทั่วไปกี่หน่วยกิต,"3.1.3 รายวิชา
 3.1.3.1 หมวดวิชาศึกษาทั่วไป (General Education Courses) 30 หน่วยกิต
 (1) กลุ่มวิชาภาษา
 12 หน่วยกิต
 **LI 101 001 ภาษาอังกฤษ 1
 3(3-0-6)
 English I
 
 **LI 101 002 ภาษาอังกฤษ2
 3(3-0-6)
 English II
 
 **LI 102 003 ภาษาอังกฤษ3
 3(3-0-6)
 English III
 
 **LI 102 004 ภาษาอังกฤษ4
 3(3-0-6)
 
 English IVปีที่ 3
 
 (2) กลุ่มวิชามนุษยศาสตร์และสังคมศาสตร์ 3 หน่วยกิต
 **GE 142 145 ภาวะผู้น าและการจัดการ
 3(3-0-6)
 Leadership and Management
 
 (3) กลุ่มวิชาคณิตศาสตร์และวิทยาศาสตร์ 15 หน่วยกิต
 **GE 321 415 ทักษะการเรียนรู้
 3(3-0-6)
 Learning Skills
 
 **GE 362 785 การคิดเชิงสร้างสรรค์และการแก้ปัญหา
 3(3-0-6)
 Creative Thinking and Problem Solving
 
 **GE 363 789 ผู้ประกอบการสร้างสรรค์
 3(3-0-6)
 Creative Entrepreneurs
 
 *GE 341 511 การคิดเชิงค านวณและเชิงสถิติส าหรับเอบีซีดี
 3(2-2-5)
 Computational & Statistical Thinking for ABCD
 
 *GE 341 512 เอบีซีดีส าหรับทุกวิชาชีพ
 3(2-2-5)
 ABCD for All Professions"
ใน CS หมวดวิชาเลือกเสรี ต้องเรียนกี่หน่วยกิต,"3.1.3.3 หมวดวิชาเลือกเสรี (Free Elective Courses)
 ให้นักศึกษาลงทะเบียนเรียนรายวิชาเลือกเสรีที่เปิดสอนในมหาวิทยาลัยขอนแก่น โดยได้รับความเห็นชอบจากคณะ
 กรรมการบริหารหลักสูตร จ านวนไม่น้อยกว่า 6 หน่วยกิต"
ใน CS ต้องเก็บหน่วยกิต กลุ่มวิชามนุษยศาสตร์และสังคมศาสตร์กี่หน่วยกิต,"(2) กลุ่มวิชามนุษยศาสตร์และสังคมศาสตร์ 3 หน่วยกิต
 **GE 142 145 ภาวะผู้น าและการจัดการ
 3(3-0-6)
 Leadership and Management"
ใน CS จำนวนหน่วยกิตตลอดหลักสูตรเป็นเท่าไหร่,"3. หลักสูตรและอาจารย์ผู้สอน
 3.1 หลักสูตร
 3.1.1 จ านวนหน่วยกิต รวมตลอดหลักสูตร 128 หน่วยกิต
 3.1.2 โครงสร้างหลักสูตร
 จ านวนหน่วยกิตรวมตลอดหลักสูตร
 หน่วยกิต
 1. หมวดวิชาศึกษาทั่วไป
 หน่วยกิต
 1.1 กลุ่มวิชาภาษา
 หน่วยกิต
 1.2 กลุ่มวิชามนุษยศาสตร์และสังคมศาสตร์
 หน่วยกิต
 1.3 กลุ่มวิชาคณิตศาสตร์และวิทยาศาสตร์
 หน่วยกิต
 2. หมวดวิชาเฉพาะ
 หน่วยกิต
 2.1 วิชาพื้นฐานหรือวิชาแกน
 หน่วยกิต
 2.2 วิชาเฉพาะด้าน
 หน่วยกิต
 2.2.1 กลุ่มประเด็นด้านองค์การและระบบสารสนเทศ
 หน่วยกิต
 2.2.2 กลุ่มเทคโนโลยีเพื่องานประยุกต์
 หน่วยกิต
 2.2.3 กลุ่มเทคโนโลยีและวิธีการทางซอฟต์แวร์
 หน่วยกิต
 2.2.4 กลุ่มโครงสร้างพื้นฐานของระบบ
 หน่วยกิต
 2.2.5 กลุ่มวิชาฮาร์ดแวร์และสถาปัตยกรรม
 หน่วยกิต
 2.2.6 โครงงานหรือสหกิจศึกษา
 หน่วยกิต
 2.3 วิชาเลือก
 หน่วยกิต
 3. หมวดวิชาเลือกเสรี
 หน่วยกิต"
ใน AI นักศึกษาชั้นปีที่ 1 ภาคเรียนที่ 1 ต้องลงทะเบียนรายวิชาใด,"ปีที่ 1 ภาคการศึกษาที่ 1
 
 หน่วยกิต
 
 
 
 **LI 101 001 ภาษาอังกฤษ 1
 
 3(3-0-6)
 
 
 
 English I
 
 
 
 **GE 341 511 การคิดเชิงค านวณและเชิงสถิติส าหรับเอบีซีดี
 
 3(3-0-6)
 
 
 
 Computational & Statistical Thinking for ABCD
 
 
 
 SC 401 201* แคลคูลัสส าหรับวิทยาศาสตร์กายภาพ 1
 
 3(3-0-6)
 
 
 
 (เปลี่ยนแปลง) Calculus for Physical Science I
 
 
 
 SC 602 005* ความน่าจะเป็นและสถิติ
 
 3(3-0-6)
 
 
 
 (เปลี่ยนแปลง) Probability and Statistics
 
 
 
 *CP 411 105 ระบบคอมพิวเตอร์
 
 3(3-0-6)
 
 
 
 Computer Systems
 
 
 
 *CP 411 106 การเขียนโปรแกรมส าหรับการเรียนรู้ของเครื่อง
 
 3(2-2-5)
 
 
 
 Programming for Machine Learning
 
 
 
 *CP 411 701 แรงบันดาลใจของปัญญาประดิษฐ์
 
 2(2-0-4)
 
 
 
 Artificial Intelligence inspiration
 
 
 
 รวมจ านวนหน่วยกิตลงทะเบียนเรียน 20 หน่วยกิต"
ใน AI ตอนปี 1 เทอม 2 เราต้องลงอะไรบ้างอะ,"ปีที่ 1 ภาคการศึกษาที่ 2
 หน่วยกิต
 
 **LI 101 002 ภาษาอังกฤษ 2
 3(3-0-6)
 
 English II
 
 *CP 411 001 ปัญญาประดิษฐ์
 3(2-2-5)
 
 Artificial Intelligence
 
 SC 402 101* พีชคณิตเชิงเส้น 1
 3(3-0-6)
 
 (เปลี่ยนแปลง) Linear Algebra I
 
 *CP 411 108 ระบบจัดการฐานข้อมูล
 3(2-2-5)
 
 Database management system
 
 *CP 001 001 เอ บี ซี ดี ส าหรับทุกวิชาชีพ
 3(3-0-6)
 
 ABCD for All Professions
 
 
 รวมจ านวนหน่วยกิตลงทะเบียนเรียน 18 หน่วยกิต"
ใน AI ขอแผนการเรียนปี 2 เทอม 1 หน่อยครับ,"ปีที่ 2 ภาคการศึกษาที่ 1
 หน่วยกิต
 
 **GE 142 145 ภาวะผู้น าและการจัดการ
 3(3-0-6)
 
 Leadership and Management
 
 **LI 102 003 ภาษาอังกฤษ 3
 3(3-0-6)
 
 English III
 
 *CP 412 002 การเรียนรู้ของเครื่อง
 3(2-2-5)*
 
 Machine Learning
 
 (เปลี่ยนแปลง)
 
 *CP 412 003 วิทยาศาสตร์ข้อมูล
 3(2-2-5)
 
 Data Science
 
 *CP 411 107 โครงสร้างข้อมูลและขั้นตอนวิธี
 3(3-0-6)
 
 Data Structures and Algorithms
 
 *CP 412 703 การฝึกปฏิบัติงานปัญญาประดิษฐ์ 1
 1(0-2-1)
 
 Artificial Intelligence Workshop I
 
 รวมจ านวนหน่วยกิตลงทะเบียนเรียน 19 หน่วยกิต"
ใน AI ปี 3 เทอม 1 เลือกเรียนวิชาอะไรได้บ้าง,"ปีที่ 3 ภาคการศึกษาที่ 1
 
 หน่วยกิต
 
 
 
 *CP 413 008 วิศวกรรมการเรียนรู้ของเครื่องส าหรับการผลิต
 
 3(2-2-5)
 
 
 
 Machine Learning Engineering for Production
 
 
 
 *CP 413 705 การฝึกปฏิบัติงานปัญญาประดิษฐ์ 3
 
 1(0-2-1)
 
 
 
 Artificial Intelligence Workshop III
 
 
 
 *CP 413 706 ระเบียบวิธีวิจัย
 
 3(3-0-6)
 
 
 
 Research Methodology
 
 
 
 *CP 41X XXX วิชาการประยุกต์ใช้ปัญญาประดิษฐ์ข้ามสาขาวิชา
 
 3 หน่วยกิต
 
 
 
 Cross-Disciplinary Applications of Artificial Intelligence
 
 
 
 *CP 41X XXX วิชาเลือกเฉพาะทางด้านคอมพิวเตอร์
 
 6 หน่วยกิต
 
 
 
 Specialized Electives
 
 
 
 **GE 363 789 ผู้ประกอบการสร้างสรรค์
 
 3(3-0-6)
 
 
 
 Creative Entrepreneurs
 
 
 
 รวมจ านวนหน่วยกิตลงทะเบียนเรียน 19 หน่วยกิต"
ใน AI ขอดูแผนการเรียนของปี 3 เทอม 2 ของทุกแบบ,"แบบเลือกเรียนวิชาโครงงาน
 
 ปีที่ 3 ภาคการศึกษาที่ 2
 หน่วยกิต
 
 *CP 413 110 วิศวกรรมซอฟต์แวร์ส าหรับปัญญาประดิษฐ์
 3(2-2-5)
 
 Software Engineering for Artificial Intelligence
 
 *CP 41X XXX วิชาการประยุกต์ใช้ปัญญาประดิษฐ์ข้ามสาขาวิชา
 7 หน่วยกิต
 
 Cross-Disciplinary Applications of Artificial Intelligence
 
 *CP 41X XXX วิชาเลือกเฉพาะทางด้านคอมพิวเตอร์
 3 หน่วยกิต
 
 Specialized Electives
 
 *CP 414 781 โครงงานทางปัญญาประดิษฐ์ 1
 3(0-9-5)
 
 Research Project in Artificial Intelligence I
 
 XXX XXX วิชาเลือกเสรี
 3 หน่วยกิต
 
 Free Electives
 
 รวมจ านวนหน่วยกิตลงทะเบียนเรียน 19 หน่วยกิต
 
 ปีที่ 4 ภาคการศึกษาที่ 1
 หน่วยกิต
 
 *CP 414 782 โครงงานทางปัญญาประดิษฐ์ 2
 3(0-9-5)
 
 Research Project in Artificial Intelligence II
 
 XXX XXX วิชาเลือกเสรี
 3 หน่วยกิต
 
 Free Electives
 
 รวมจ านวนหน่วยกิตลงทะเบียนเรียน 6 หน่วยกิต
 
 ปีที่ 4 ภาคการศึกษาที่ 2
 
 *CP 41X XXX วิชาเลือกเฉพาะทางด้านคอมพิวเตอร์
 6 หน่วยกิต
 
 Specialized Electives
 
 รวมจ านวนหน่วยกิตลงทะเบียนเรียน 6 หน่วยกิต
 ===========================================================
 แบบเลือกเรียนวิชาสหกิจศึกษา
 
 ปีที่ 3 ภาคการศึกษาที่ 2
 หน่วยกิต
 
 *CP 413 110 วิศวกรรมซอฟต์แวร์ส าหรับปัญญาประดิษฐ์
 3(2-2-5)
 
 Software Engineering for Artificial Intelligence
 
 *CP 41X XXX วิชาการประยุกต์ใช้ปัญญาประดิษฐ์ข้ามสาขาวิชา
 7 หน่วยกิต
 
 Cross-Disciplinary Applications of Artificial Intelligence
 
 *CP 41X XXX วิชาเลือกเฉพาะทางด้านคอมพิวเตอร์
 3 หน่วยกิต
 
 Specialized Electives
 
 *CP 002 001 การเตรียมความพร้อมก่อนปฏิบัติงานส าหรับนักศึกษาวิทยาลัยการ
 คอมพิวเตอร์
 1(0-2-1)
 (ไม่นับหน่วยกิต)
 
 Orientation to Co-Operative Education
 for Computing Students
 
 XXX XXX วิชาเลือกเสรี
 6 หน่วยกิต
 
 Free Electives
 
 รวมจ านวนหน่วยกิตลงทะเบียนเรียน 19 หน่วยกิต
 
 ปีที่ 4 ภาคการศึกษาที่ 1
 หน่วยกิต
 
 *CP 414 785 สหกิจศึกษา
 6(0-18-9)
 
 Co-Operative Education
 
 รวมจ านวนหน่วยกิตลงทะเบียนเรียน 6 หน่วยกิต
 
 ปีที่ 4 ภาคการศึกษาที่ 2
 หน่วยกิต
 
 *CP 41X XXX วิชาเลือกเฉพาะทางด้านคอมพิวเตอร์
 6 หน่วยกิต
 
 Specialized Electives
 
 รวมจ านวนหน่วยกิตลงทะเบียนเรียน 6 หน่วยกิต
 ===========================================================
 แบบเลือกเรียนชุดวิชาการบูรณาการการเรียนรู้กับการท างาน (WIL)
 
 ปีที่ 3 ภาคการศึกษาที่ 2
 หน่วยกิต
 
 *CP 413 110 วิศวกรรมซอฟต์แวร์ส าหรับปัญญาประดิษฐ์
 3(2-2-5)
 
 Software Engineering for Artificial Intelligence
 
 *CP 41X XXX วิชาการประยุกต์ใช้ปัญญาประดิษฐ์ข้ามสาขาวิชา
 7 หน่วยกิต
 
 Cross-Disciplinary Applications of Artificial Intelligence
 
 *CP 41X XXX วิชาเลือกเฉพาะทางด้านคอมพิวเตอร์
 3 หน่วยกิต
 
 Specialized Electives
 
 *CP 002 001 การเตรียมความพร้อมก่อนปฏิบัติงานส าหรับนักศึกษาวิทยาลัยการ
 คอมพิวเตอร์
 1(0-2-1)
 (ไม่นับหน่วยกิต)
 
 Orientation to Co-Operative Education
 for Computing Students
 
 XXX XXX วิชาเลือกเสรี
 6 หน่วยกิต
 
 Free Electives
 
 รวมจ านวนหน่วยกิตลงทะเบียนเรียน 19 หน่วยกิต
 
 ปีที่ 4 ภาคการศึกษาที่ 1
 หน่วยกิต
 
 *CP 414 786 ชุดวิชาการบูรณาการการเรียนรู้กับการท างาน 1
 6(0-36-18)
 
 Work-Integrated Learning I
 
 รวมจ านวนหน่วยกิตลงทะเบียนเรียน 6 หน่วยกิต
 
 ปีที่ 4 ภาคการศึกษาที่ 2
 หน่วยกิต
 
 *CP 414 787 ชุดวิชาการบูรณาการการเรียนรู้กับการท างาน 2
 6(0-36-18)
 
 Work-Integrated Learning II
 
 รวมจ านวนหน่วยกิตลงทะเบียนเรียน 6 หน่วยกิต"
ใน AI ขอดูแผนการเรียนของ ปีที่ 4 ภาคการศึกษาที่ 1 ทุกแบบ,"แบบเลือกเรียนวิชาโครงงาน
 
 ปีที่ 4 ภาคการศึกษาที่ 1
 หน่วยกิต
 
 *CP 414 782 โครงงานทางปัญญาประดิษฐ์ 2
 3(0-9-5)
 
 Research Project in Artificial Intelligence II
 
 XXX XXX วิชาเลือกเสรี
 3 หน่วยกิต
 
 Free Electives
 
 รวมจ านวนหน่วยกิตลงทะเบียนเรียน 6 หน่วยกิต
 
 ===========================================================
 แบบเลือกเรียนวิชาสหกิจศึกษา
 ปีที่ 4 ภาคการศึกษาที่ 1
 หน่วยกิต
 
 *CP 414 785 สหกิจศึกษา
 6(0-18-9)
 
 Co-Operative Education
 
 รวมจ านวนหน่วยกิตลงทะเบียนเรียน 6 หน่วยกิต
 
 ===========================================================
 แบบเลือกเรียนชุดวิชาการบูรณาการการเรียนรู้กับการท างาน (WIL)
 
 CP 414 786 ชุดวิชาการบูรณาการการเรียนรู้กับการท างาน 1
 6(0-36-18)
 
 Work-Integrated Learning I
 
 รวมจ านวนหน่วยกิตลงทะเบียนเรียน 6 หน่วยกิต"
ใน AI เราจะได้เรียนวิชา CP 412 005 ตอนปีไหน,"ปีที่ 2 ภาคการศึกษาที่ 2
 
 หน่วยกิต
 
 
 
 *CP 412 005 การประมวลผลภาพและคอมพิวเตอร์วิทัศน์
 
 3(2-2-5)*
 
 
 
 Image Processing and Computer Vision
 
 (เปลี่ยนแปลง)
 
 
 
 *CP 412 006 การประมวลผลสัญญาณดิจิทัล
 
 3(2-2-5)*
 
 
 
 Digital Signal Processing
 
 (เปลี่ยนแปลง)
 
 
 
 *CP 412 007 การประมวลผลภาษาธรรมชาติ
 
 3(2-2-5)*
 
 
 
 Natural Language Processing
 
 (เปลี่ยนแปลง)
 
 
 
 *CP 412 109 วิศวกรรมข้อมูล
 
 3(2-2-5)*
 
 
 
 Data Engineering
 
 (เปลี่ยนแปลง)
 
 
 
 *CP 412 702 สัมมนาปัญญาประดิษฐ์
 
 3(3-0-6)
 
 
 
 Seminar in Artificial Intelligence
 
 (เปลี่ยนแปลง)
 
 
 
 *CP 412 704 การฝึกปฏิบัติงานปัญญาประดิษฐ์ 2
 
 1(0-2-1)
 
 
 
 Artificial Intelligence Workshop II
 
 
 
 **LI 203 010 ภาษาอังกฤษส าหรับวิทยาศาสตร์และเทคโนโลยี
 
 3(3-0-6)
 
 
 
 English for Science and Technology
 
 
 
 รวมจ านวนหน่วยกิตลงทะเบียนเรียน 19 หน่วยกิต"
ใน AI วิชา CP 413 706 ระเบียบวิธีวิจัย ลงได้ตอนปีไหน,"ปีที่ 3 ภาคการศึกษาที่ 1
 
 หน่วยกิต
 
 
 
 *CP 413 008 วิศวกรรมการเรียนรู้ของเครื่องส าหรับการผลิต
 
 3(2-2-5)
 
 
 
 Machine Learning Engineering for Production
 
 
 
 *CP 413 705 การฝึกปฏิบัติงานปัญญาประดิษฐ์ 3
 
 1(0-2-1)
 
 
 
 Artificial Intelligence Workshop III
 
 
 
 *CP 413 706 ระเบียบวิธีวิจัย
 
 3(3-0-6)
 
 
 
 Research Methodology
 
 
 
 *CP 41X XXX วิชาการประยุกต์ใช้ปัญญาประดิษฐ์ข้ามสาขาวิชา
 
 3 หน่วยกิต
 
 
 
 Cross-Disciplinary Applications of Artificial Intelligence
 
 
 
 *CP 41X XXX วิชาเลือกเฉพาะทางด้านคอมพิวเตอร์
 
 6 หน่วยกิต
 
 
 
 Specialized Electives
 
 
 
 **GE 363 789 ผู้ประกอบการสร้างสรรค์
 
 3(3-0-6)
 
 
 
 Creative Entrepreneurs
 
 
 
 รวมจ านวนหน่วยกิตลงทะเบียนเรียน 19 หน่วยกิต"
ใน AI วิชา CP 002 001 สามารถลงได้ตอนไหน,"แบบเลือกเรียนวิชาสหกิจศึกษา
 
 
 
 ปีที่ 3 ภาคการศึกษาที่ 2
 
 หน่วยกิต
 
 
 
 *CP 413 110 วิศวกรรมซอฟต์แวร์ส าหรับปัญญาประดิษฐ์
 
 3(2-2-5)
 
 
 
 Software Engineering for Artificial Intelligence
 
 
 
 *CP 41X XXX วิชาการประยุกต์ใช้ปัญญาประดิษฐ์ข้ามสาขาวิชา
 
 7 หน่วยกิต
 
 
 
 Cross-Disciplinary Applications of Artificial Intelligence
 
 
 
 *CP 41X XXX วิชาเลือกเฉพาะทางด้านคอมพิวเตอร์
 
 3 หน่วยกิต
 
 
 
 Specialized Electives
 
 
 
 *CP 002 001 การเตรียมความพร้อมก่อนปฏิบัติงานส าหรับนักศึกษาวิทยาลัยการ
 
 คอมพิวเตอร์
 
 1(0-2-1)
 
 (ไม่นับหน่วยกิต)
 
 
 
 Orientation to Co-Operative Education
 
 for Computing Students
 
 
 
 XXX XXX วิชาเลือกเสรี
 
 6 หน่วยกิต
 
 
 
 Free Electives
 
 
 
 รวมจ านวนหน่วยกิตลงทะเบียนเรียน 19 หน่วยกิต"
ใน AI วิชา CP 412 005 Image Processing and Computer Vision คือวิชาอะไร,"CP 412 005 การประมวลผลภาพและคอมพิวเตอร์วิทัศน์
 3(2-2-5)
 Image Processing and Computer vision
 เงื่อนไขของรายวิชา : CP 411 103# หรือ SC 402 101# หรือ CP 412 104# หรือ SC
 401 201# หรือ CP 412 004# หรือ CP 412 002#
 (เปลี่ยนแปลง
 เงื่อนไขรายวิชา
 และหน่วยกิต)
 พื้นฐานของการประมวลผลภาพดิจิทัล การด าเนินการกับจุด การประมวลผลภาพไบนารี การประมวลผลภาพ
 ระดับสีเทา การประมวลผลภาพสี การประมวลผลภาพเชิงสัณฐานวิทยา การกรองภาพ การปรับปรุงภาพให้ดีขึ้น การการคืน
 สภาพรูปภาพ การสกัดคุณลักษณะ การรู้จ ารูปแบบ การจ าแนกประเภทของภาพ การแบ่งส่วนรูปภาพ การตรวจหาวัตถุ การ
 วิเคราะห์วีดีโอ เรขาคณิตหลายมุมมอง การประยุกต์การเรียนรู้เชิงลึกในคอมพิวเตอร์วิทัศน์
 Fundamentals of digital image processing, point operations, binary image processing, gray-
 level image processing, color image processing, morphological image processing, image filtering, image
 enhancement, feature extraction, fundamentals of pattern recognition, pattern classification principles,
 pattern recognition methods, image restoration, image classification, image segmentation, object detection,
 video analytics, multiple-view geometry, applications of deep learning in computer vision"
ใน AI ขอดูรายละเอียดวิชา CP 412 007 Natural Language Processing หน่อย,"CP 412 007 การประมวลผลภาษาธรรมชาติ
 
 3(2-2-5)
 
 Natural Language Processing
 
 เงื่อนไขของรายวิชา CP 411 103# หรือ SC 402 101# หรือ CP 412 104# หรือ SC
 
 401 201#: หรือ CP 412 004# หรือ CP 412 002#
 
 (เปลี่ยนแปลง
 
 เงื่อนไขรายวิชา
 
 และหน่วยกิต)
 
 การประมวลผลภาษาธรรมชาติ ขั้นตอนวิธีการส าหรับการประมวลผลข้อมูลภาษา การค านวณของ
 
 ภาษาธรรมชาติ วากยสัมพันธ์ โครงสร้างประโยค และการประมวลผลเชิงความหมาย โมเดลภาษา เทคนิคการประมวลผล
 
 ภาษาธรรมชาติโดยการใช้คลังข้อมูลขนาดใหญ่ แบบจ าลองทางสถิติ การประยุกต์ใช้การประมวลผลภาษาธรรมชาติ การเรียนรู้
 
 ของเครื่องจักรและการเรียนรู้เชิงลึกส าหรับการประมวลผลภาษาธรรมชาติ
 
 Introduction to natural language processing, algorithms for the processing of linguistic
 
 information, computational of natural languages, morphological, syntactic, and semantic processing,
 
 language model, quantitative techniques in NLP using large corpora, statistical models, natural language
 
 processing application, machine learning and deep learning for NLP"
ใน AI วิชา CP 413 110 Software Engineering for Artificial Intelligence คือวิชาอะไรอะ,"CP 413 110 วิศวกรรมซอฟต์แวร์ส าหรับปัญญาประดิษฐ์
 
 3(2-2-5)
 
 Software Engineering for Artificial Intelligence
 
 เงื่อนไขของรายวิชา : CP 411 106#
 
 
 
 การพัฒนาระบบที่รองรับปัญญาประดิษฐ์ กระบวนการพัฒนาซอฟต์แวร์ที่มีการประสานปัญญาประดิษฐ์ การ
 
 ออกแบบสถาปัตยกรรมซอฟต์แวร์ให้รองรับปัญญาประดิษฐ์ การผสาน/การส่งมอบซอฟต์แวร์อย่างต่อเนื่องและสายการผลิต
 
 แบบอัตโนมัติ MLOPs การประกันคุณภาพระบบที่รองรับปัญญาประดิษฐ์ การจัดการความเปลี่ยนแปลงและการวิวัฒนาการ
 
 อย่างต่อเนื่องของระบบที่รองรับปัญญาประดิษฐ์
 
 Development of AI-enabled systems, AI-integrated software process, AI-supported software
 
 architectural design, Continuous Integration/Continuous Delivery (CI/CD) and automation pipeline, MLOPs,
 
 Quality assurance for AI-enabled systems, Change management and continuous evolution of AI- enabled
 
 system."
ใน AI วิชา CP 413 008 Machine Learning Engineering for Production คือวิชาอะไร,"CP 413 008 วิศวกรรมการเรียนรู้ของเครื่องส าหรับการผลิต
 
 3(2-2-5)
 
 Machine Learning Engineering for Production
 
 เงื่อนไขของรายวิชา : ไม่มี
 
 
 
 แนวทางปฏิบัติของ MLO เพื่อให้ระบบท างานต่อไป วงจรชีวิตและการติดตั้ง ML การนิยามข้อมูลและบรรทัด
 
 ฐาน การประเมินคุณภาพข้อมูล การรวบรวม การติดฉลาก และการตรวจสอบความถูกต้องของข้อมูล เส้นทางของข้อมูลและ
 
 การจัดเก็บข้อมูล วิธีการติดฉลากข้อมูลขั้นสูง การวิเคราะห์แบบจ าลอง เทคนิคการจัดการทรัพยากรแบบจ าลอง การตีความ
 
 รูปแบบการให้บริการและโครงสร้างพื้นฐาน การควบคุมเวอร์ชัน การจัดการแบบจ าลองและการส่งมอบ การติดตามตรวจสอบ
 
 แบบจ าลองและการบันทึกเหตุการณ์
 
 MLOps practices to keep production system running, ML lifecycle and deployment, data
 
 definition and baseline, assessing data quality, collecting, labeling, and validating data, data journey and data
 
 storage, advanced data labeling methods, model analysis, model resource management techniques,
 
 interpretability, model serving patterns and infrastructures, model management and delivery, model
 
 monitoring and logging"
ใน AI วิชา CP 410 809 Quantum Computing มันคือวิชาอะไร,"CP 410 809 การค านวณเชิงควอนตัม
 
 3(3-0-6)
 
 Quantum Computing
 
 
 
 เงื่อนไขของรายวิชา : CP 411 101# หรือ SC 402 401# หรือ CP 411 102# หรือ SC
 
 602 005# หรือ CP 411 103# หรือ SC 402 101# หรือ CP 412 104# หรือ SC 401
 
 201#
 
 (เปลี่ยนแปลง
 
 เงื่อนไขรายวิชา)
 
 พื้นฐานของการค านวณเชิงควอนตัมหลักการสารสนเทศเชิงควอนตัมขั้นตอนวิธีเชิงควอนตัมทฤษฎีสารสนเทศ
 
 เชิงควอนตัมเทคโนโลยีเชิงควอนตัมควอนตัมคอมพิวเตอร์เชิงกายภาพ
 
 Foundations of quantum computation, principles of quantum information, quantum
 
 algorithms, quantum information theory, quantum technologies, physical quantum computers"
ใน AI วิชา CP 410 805 คือวิชาอะไร,"CP 410 805 การพัฒนาโปรแกรมประยุกต์บนเว็บ
 
 3(2-2-5)
 
 Web Application Development
 
 
 
 เงื่อนไขของรายวิชา : CP 411 106#
 
 
 
 การพัฒนาโปรแกรมประยุกต์บนเว็บเต็มรูปแบบ ภาษาโปรแกรมและไลบรารี่ส าหรับการพัฒนาเว็บส่วนหน้า
 
 บ้าน ภาษาโปรแกรมและไลบรารี่ส าหรับการพัฒนาเว็บส่วนหลังบ้าน มาตรฐานการเรียกใช้และสร้างบริการบนเว็บ การจัดการ
 
 เว็บเซิร์ฟเวอร์ การใช้งานระบบฐานข้อมูล การแนะน าการรักษาความปลอดภัยส าหรับเว็บ และสร้างโครงงานพัฒนาโปรแกรม
 
 ประยุกต์บนเว็บอิสระ
 
 Full stack web application development, programming languages and libraries for frontend
 
 development, programming languages and libraries for backend development, web service standard, web
 
 server management, using database system, introduction to web security and independent web application
 
 development project."
ใน AI วิชา Advanced Calculus for Physical Science I คือวิชาอะไร,"CP 413 201 คณิตศาสตร์ขั้นสูงส าหรับการคอมพิวเตอร์
 
 3(3-0-6)
 
 Advanced Calculus for Physical Science I
 
 เงื่อนไขของรายวิชา : ไม่มี
 
 
 
 แนวคิดพื้นฐานเกี่ยวกับแคลคูลัสเชิงเวกเตอร์และเมทริกซ์ เมทริกซ์แบบจาโคเบียน เมทริกซ์แบบเฮสเซียน
 
 ปัญหาการหาค่าเหมาะสมที่สุด การหาค่าที่เหมาะสมที่สุดเชิงคณิตศาสตร์ การแปลงทางคณิตศาสตร์ อนุกรมเทย์เลอร์ อนุกรม
 
 ฟูเรียร์ การแปลงฟูเรียร์ การแปลงลาปลาซ การแปลงแบบแซด
 
 Vector and matrix calculus concepts, Jacobian matrix, Hessian matrix, optimization problem,
 
 mathematical optimization, mathematical transforms, Taylor series, Fourier series, Fourier transform, Laplace
 
 transform Z-transform"
ใน AI วิชา CP 413 601 Application of Artificial Intelligence in Public Affairs เรียนเกี่ยวกับอะไร,"CP 413 601 การประยุกต์ใช้งานปัญญาประดิษฐ์ในกิจการสาธารณะ
 
 7(5-4-12)
 
 Application of Artificial Intelligence in Public Affairs
 
 เงื่อนไขของรายวิชา : CP 413 600#
 
 
 
 นักศึกษาจะได้เรียนรู้การใช้ AI ในปัญหาทางธุรกิจผ่านการเรียนรู้แบบโครงงาน ซึ่งประกอบไปด้วย การใช้
 
 ปัญญาประดิษฐ์ในมิติต่าง ๆ ปัญญาประดิษฐ์ในการแปรเปลี่ยนองค์กรสาธารณะ ปัญญาประดิษฐ์ส าหรับการตัดสินใจเชิงกล
 
 ยุทธ์ การเรียนรู้ของเครื่องในการบริการสาธารณะ แอปพลิเคชันในการบริการสาธารณะส าหรับการเรียนรู้ของเครื่อง การ
 
 ประมวลผลภาษาธรรมชาติในการบริการสาธารณะ หุ่นยนต์และแอปพลิเคชันของหุ่นยนต์ในการบริการสาธารณะ การใช้
 
 ปัญญาประดิษฐ์ในทางกฎหมายสาธารณะ ผลกระทบของปัญญาประดิษฐ์ต่อการท างานและสังคมในอนาคต การออกแบบแผน
 
 ที่น าทางในการใช้ปัญญาประดิษฐ์ในองค์กรสาธารณะ
 
 The students will learn to apply AI in business problems though the project-based learning
 
 including applications of AI in global trend; the use of different kinds of intelligence; AI in public organizational
 
 transformation; AI for strategic decision-making; machine learning in public services, public service application
 
 for machine learning; natural language processing in public services; robotics and its applications in public
 
 services; the use of AI in public law; the impact of AI on the future of work and society; roadmap design for
 
 the use of AI in public organizations"
ใน AI วิชา Fundamentals of Business คือวิชาอะไร,"CP 413 500 หลักมูลธุรกิจ
 
 2(2-0-4)
 
 Fundamentals of Business
 
 เงื่อนไขของรายวิชา : ไม่มี
 
 
 
 รายวิชานี้เป็นวิชาพื้นฐานที่ช่วยใช้ผู้เรียนมีความเข้าใจอย่างคลอบคลุมเกี่ยวกับธุรกิจและการจัดการร่วมสมัย
 
 ผู้เรียนจะได้ศึกษาหัวข้อกว้าง ๆ ที่เกี่ยวกับแนวคิดทางจัดการธุรกิจ การตลาด การบัญชีและการเงิน เช่น การจูงใจคนในการ
 
 ท างาน การดึงดูดลูกค้า การประเมินการลงทุน ผลกระทบของวิกฤติต่อการท าธุรกิจ การตลาดแบบเฉพาะบุคคล การบริหาร
 
 พอร์ตลงทุนวิธีการที่ปัญญาร่วมกันของคนและคอมพิวเตอร์ร่วมกันสามารถแก้ปัญหาทางธุรกิจ ประเด็นทางศีลธรรมในการด า
 
 เดินธุรกิจ และจริยธรรมและความเสี่ยงของ AI ในการจัดการธุรกิจ
 
 This introductory module offers students a comprehensive view of contemporary business
 
 and management. The students will explore a broad range of topics in business management, marketing,
 
 accounting and finance thinking: motivating people to work; customer attraction; investment appraisal,
 
 personalized marketing, portfolio management, the effect of economic crises on businesses, How the
 
 collective intelligence of people and computers together can solve business problems, and ethical issues in
 
 businesses and ethics and risks of AI in business management."
ใน AI วิชา CP 413 401 Artificial Intelligence Application in Agriculture เรียนเกี่ยวกับอะไร,"CP 413 401 การประยุกต์ใช้งานปัญญาประดิษฐ์ในการเกษตร
 
 7(5-4-12)
 
 Artificial Intelligence Application in Agriculture
 
 เงื่อนไขของรายวิชา : CP 413 400#
 
 
 
 การพัฒนาและแนวโน้มของเทคโนโลยีฟาร์มอัจฉริยะ การติดตามตรวจสอบพืชผลและดิน การตรวจจับโรค
 
 ของแมลงและพืช การตรวจสอบสุขภาพปศุสัตว์ การฉีดพ่นอัจฉริยะและการก าจัดวัชพืชอัตโนมัติ การส ารวจและการถ่ายภาพ
 
 ทางอากาศ การคัดเกรดและการคัดแยกการผลิต การตรวจจับความผิดปกติที่ชาญฉลาดในระบบเซ็นเซอร์ การวิเคราะห์ราคา
 
 และการพยากรณ์
 
 Development and trends in smart farm technology, crop and soil monitoring, insect and plant
 
 disease detection, livestock health monitoring, intelligent spraying and automatic weeding, aerial survey and
 
 imaging, produce grading and sorting, smart anomaly detection in sensor systems, price analysis and
 
 forecasting"
ใน AI วิชา CP 413 300 Fundamentals of Medicine and Healthcare คือวิชาอะไร,"CP 413 300 หลักมูลฐานทางการแพทย์และบริการสุขภาพ
 2(2-0-4)
 Fundamentals of Medicine and Healthcare
 เงื่อนไขของรายวิชา : ไม่มี
 
 โครงสร้างของระบบบริการสุขภาพ ลักษณะทั่วไปและการด าเนินงานของโรงพยาบาล ความรู้ทางการแพทย์
 พื้นฐานเกี่ยวกับค าศัพท์ทางการแพทย์ ขั้นตอนการตรวจวินิจฉัยทางการแพทย์ ได้แก่ การซักประวัติ การตรวจร่างกาย การส่ง
 ตรวจทางห้องปฏิบัติการ ภาพถ่ายทางรังสีชนิดต่าง ๆ ภาพจากคลื่นเสียงสะท้อนความถี่สูง สัญญาณจากเครื่องมือทาง
 การแพทย์ชนิดต่าง ๆ ความรู้พื้นฐานทางพันธุกรรม เชื้อก่อโรคชนิดต่าง ๆ เช่น แบคทีเรีย ไวรัส รา ปรสิต พฤติกรรมสุขภาพ
 โรคที่พบบ่อยในระบบต่าง ได้แก่ ระบบหัวใจร่วมหลอดเลือด ระบบโครงร่างและกล้ามเนื้อ ระบบประสาท ระบบโลหิต ระบบ
 ทางเดินอาหาร ระบบต่อมไร้ท่อ ระบบทางเดินหายใจ ระบบปัสสาวะ ระบบสืบพันธุ์ ความรู้พื้นฐานและข้อก าหนดเกี่ยวกับการ
 สั่งยา การไม่ระบุตัวตน
 Overview of healthcare system includes structure and workflow. Basic medical knowledge
 about medical terminology, steps of medical diagnosis including history taking, physical examination,
 laboratory investigations, radiography, ultrasonography, medical sensors, basic genetics, causative organisms
 such as bacteria, virus, fungus, parasite, health behavior, common problems in cardiovascular,
 musculoskeletal, nervous, hematologic, gastrointestinal, endocrine, respiratory, genitourinary, reproductive
 system, basic knowledge of medication prescription, and data privacy issues."
ใน AI วิชา CP 412 109 Data Engineering คือวิชาอะไร,"CP 412 109 วิศวกรรมข้อมูล
 
 3(2-2-5)
 
 Data Engineering
 
 เงื่อนไขของรายวิชา : CP 411 108#
 
 
 
 นิยามและขอบเขตของวิศวกรรมข้อมูล ขอบข่ายงานที่รับผิดชอบของผู้เชี่ยวชาญทางด้านข้อมูล นิยามของ
 
 ข้อมูล ลักษณะของข้อมูล การกระท ากับข้อมูล เครื่องมือ ภาษาโปรแกรม แพลตฟอร์มที่ใช้ในการท าวิศกรรมข้อมูลและข้อมูล
 
 ขนาดใหญ่ ไปป์ไลน์ข้อมูล/วัฏจักรข้อมูล: การเลือกแหล่งข้อมูล ช่องทางการเชื่อมต่อ การรวบรวมข้อมูล การท าความสะอาด
 
 ข้อมูล การจัดการรูปแบบของข้อมูล การจัดเก็บข้อมูลและการแสดงผลข้อมูล การประมวลผลแบบกลุ่มเมฆที่เกี่ยวข้องกับ
 
 วิศวกรรมข้อมูล
 
 Definition and scope of data engineering, responsibility of data expert, definition and
 
 characteristic of data, working with data, tools, programming language and platform for data engineering and
 
 big data, data Pipeline/data Lifecycle: source of data, data API, collecting data, cleansing data, transforming
 
 data, storing data, visualizing data, cloud computing which related with data engineering"
ใน AI วิชา GE 142 145 Leadership and Management คือวิชาอะไร,"GE 142 145 ภาวะผู้น าและการจัดการ
 
 3(3-0-6)
 
 
 
 Leadership and Management
 
 
 
 เงื่อนไขของรายวิชา : ไม่มี
 
 
 
 แนวคิดและทฤษฎีเกี่ยวกับภาวะผู้น า บุคลิกภาพ ลักษณะ และบทบาทผู้น า การสร้างทีมงานและการท างาน
 
 เป็นทีม หลักการและทฤษฎีการจัดการ การจัดการตัวเอง การจัดการภาวะวิกฤต การจัดการการเปลี่ยนแปลง การจัดการความ
 
 ขัดแย้ง การจัดการเชิงกลยุทธ์ แนวทางการพัฒนาภาวะผู้น าและการจัดการ
 
 Concepts and theories of leadership, personalities, characteristics and roles of Leadership,
 
 team building and team working, principle and theories ofmanagement, self-management, crisis
 
 management, change management, conflict management, strategic management, development of
 
 leadership and management"
ใน AI วิชา LI 102 003 English III เรียนเกี่ยวกับอะไรครับ,"LI 102 003 ภาษาอังกฤษ 3
 
 3(3-0-6)
 
 English III
 
 
 
 เงื่อนไขของรายวิชา : 000 102 หรือ LI 101 002 หรือ เทียบเท่า#
 
 
 
 ทักษะการฟัง พูด อ่าน เขียน เชิงวิชาการ การน าเสนอ การอภิปราย การแสดงความคิดเห็น การตีความ การ
 
 เข้าใจความหมายจากบริบท การจับใจความส าคัญ (โดยรวมเนื้อหาระดับ 3 ถึงระดับ 7)
 
 Academic English skills in listening, speaking, reading, writing, presentation, discussion,
 
 expressing ideas, interpretation, understanding context clues, finding main ideas (Level 3 to 7)"
ใน AI วิชา LI 203 010 คือวิชาอะไร,"LI 203 010 ภาษาอังกฤษส าหรับวิทยาศาสตร์และเทคโนโลยี
 
 3(3-0-6)
 
 English for Science and Technology
 
 
 
 เงื่อนไขของรายวิชา : 000 103 หรือ LI 102 003 หรือ เทียบเท่า#
 
 
 
 โครงสร้างภาษาอังกฤษ ค าศัพท์ หลักการอ่าน การฟัง การพูด การเขียน การน าเสนอ การค้นคว้าและการ
 
 วิเคราะห์ข้อมูลภาษาอังกฤษเพื่อใช้ในการท างานในระดับสูง โดยเน้นบริบททางด้านวิทยาศาสตร์และเทคโนโลยี
 
 Advanced English language structures, vocabulary, principles of reading, listening, speaking,
 
 writing, presenting, researching and analyzing of English information for prestigious careers, focusing on
 
 scientific and technological contexts."
ใน AI ขอดููข้อมูลของวิชา Artificial Intelligence Application in Business หน่อย,"CP 413 501 การประยุกต์ใช้งานปัญญาประดิษฐ์ในธุรกิจ
 8(6-4-14)
 Artificial Intelligence Application in Business
 เงื่อนไขของรายวิชา : CP 413 500#
 
 นักศึกษาจะได้เรียนรู้การใช้ AI ในปัญหาทางธุรกิจผ่านการเรียนรู้แบบโครงงาน ซึ่งประกอบไปด้วยการสกัด
 ความเข้าใจลึกซึ้งจากข้อมูลออกมาตามโดเมนธุรกิจ การแบ่งส่วน การวิเคราะห์ความรู้สึก ระบบการแนะน า การตรวจจับและ
 ป้องกันการฉ้อโกง การท านายการเลิกรา และการคาดการณ์ ซึ่งน าไปใช้ในการจัดการธุรกิจ การตลาด การบัญชีและการเงิน
 The students will learn to apply AI in business problems though the project-based learning
 including extracting the insight from data based on specific business domain, segmentation, sentiment
 analysis, recommendation system, fraud detection and prevention, churn prediction, and forecasting; which
 apply in business management, marketing, accounting and finance"
ใน AI รายวิชา CP 413 301 Artificial Intelligence Application in Medical Records คือวิชาอะไร,"CP 413 301 การประยุกต์ใช้งานปัญญาประดิษฐ์ในบันทึกทางการแพทย์
 
 2(1-2-3)
 
 Artificial Intelligence Application in Medical Records
 
 เงื่อนไขของรายวิชา : CP 413 300#
 
 
 
 มาตรฐานการเก็บรวบรวมและบันทึกข้อมูลในสถานพยาบาล ความรู้พื้นฐานในระบบสารสนเทศข้อมูล เวช
 
 ระเบียนอิเล็กทรอนิกส์ จริยธรรมในการใช้ข้อมูล การวิเคราะห์ข้อมูลเวชระเบียนอิเล็กทรอนิกส์ด้วยปัญญาประดิษฐ์ การ
 
 ประมวลผลข้อมูล (Data processing) กรณีศึกษาการจักกลุ่มผู้ป่วยที่มีอาการคล้ายคลึงกัน กรณีศึกษาการใช้ปัญญาประดิษฐ์
 
 ช่วยในการประเมินข้อมูลต่อเนื่อง (Regression) กรณีศึกษาการใช้ปัญญาประดิษฐ์ช่วยในการวินิจฉัยแบบจ าแนกประเภท
 
 (Classification) กรณีศึกษาการใช้ปัญญาประดิษฐ์ช่วยประเมินความส าคัญของปัจจัยที่ส่งผลต่อการวินิจฉัย (Feature
 
 important) และการวิเคราะห์สาเหตุที่ท าให้เกิดอาการด้วยการวิเคราะห์เชิงสาเหตุ (Causal analysis)
 
 Standard of the medical record, health information technology, and electronic medical
 
 record (EMR) in a hospital. Ethics about data privacy and using health data, artificial intelligence (AI) in EMR,
 
 data processing. Case studies in clustering, prediction, classification, features engineering, and causal analysis
 
 techniques."
ใน AI ขอดูรายละเอียดของวิชา Neural Network and Deep Learning หน่อย,"CP 412 004 เครือข่ายประสาทเทียมและการเรียนรู้เชิงลึก
 
 3(2-2-5)
 
 Neural Network and Deep Learning
 
 เงื่อนไขของรายวิชา : CP 411 102# หรือ SC 602 005# หรือ CP 412 104# หรือ SC
 
 401 201#
 
 (เปลี่ยนแปลง
 
 เงื่อนไขรายวิชา
 
 และหน่วยกิต)
 
 ทฤษฎีและการประยุกต์ของการค านวณแบบประสาท สถาปัตยกรรมโครงข่ายประสาทเทียม ขั้นตอนวิธีการ
 
 เรียนรู้ การฝึกแบบกระจาย ฟังก์ชันกระตุ้นและฟังก์ชันความสูญเสีย ความเอนเอียงและความแปรปรวน การท าให้เป็น
 
 มาตรฐาน การเรียนรู้เชิงลึก โครงข่ายประสาทแบบคอนโวลูชัน โครงข่ายประสาทแบบวนซ ้า โครงข่ายประสาทก่อก าเนิดแบบมี
 
 คู่ปรปักษ์ ตัวเข้ารหัสอัตโนมัติ ตัวแปลง ตัวแบบเรียนรู้แบบเสริมก าลัง การถ่ายโอนองค์ความรู้
 
 Theory and applications of neural computations, learning algorithms, distributed training,
 
 activation and loss functions, bias and variance, regularization, deep learning, artificial neural network
 
 architectures, convolutional neural network, recurrent neural network, generative adversarial networks,
 
 autoencoders, transformer, reinforcement learning model, transfered learning"
ใน AI ขอดูรายละเอียดของวิชา CP 411 106 Programming for Machine Learning หน่อย,"CP 411 106 การเขียนโปรแกรมส าหรับการเรียนรู้ของเครื่อง
 
 3(2-2-5)
 
 Programming for Machine Learning
 
 เงื่อนไขของรายวิชา : ไม่มี
 
 
 
 หลักการการเขียนโปรแกรมคอมพิวเตอร์ขั้นพื้นฐาน ผังงาน อัลกอริทึม การคิดเชิงตรรก ชนิดข้อมูล ตัว
 
 ด าเนินการและนิพจน์ ค าสั่งการควบคุมสายงาน อาเรย์ ฟังก์ชัน การน าเข้าและแสดงผล การจัดการไฟล์ การแก้จุดบกพร่อง
 
 การจัดการความผิดปรกติ แนวคิดการเขียนโปรแกรมเชิงวัตถุ การเขียนโปรแกรมเชิงเหตุการณ์ แนวคิดการเขียนโปรแกรมเชิง
 
 ฟังก์ชัน การฝึกเขียนโปรแกรมส าหรับการเรียนรู้ของเครื่อง
 
 Basic concepts of computer programming, flowchart, algorithm, logical thinking, data types,
 
 operators and expressions, control flow statements, array, function, I/O handling, file handling, debugging,
 
 exception handling, object- oriented programming concepts, event- driven programming, functional
 
 programming concepts, programming practice for machine learning"
ใน AI วิชา CP 413 302 Artificial Intelligence Application in Medical Imaging มีเงื่อนไขรายวิชาไหม,"CP 413 302 การประยุกต์ใช้งานปัญญาประดิษฐ์ในภาพถ่ายทางการแพทย์
 
 2(1-2-3)
 
 Artificial Intelligence Application in Medical Imaging
 
 เงื่อนไขของรายวิชา : CP 413 300#
 
 
 
 ความรู้เกี่ยวกับภาพทางการแพทย์ เช่น ภาพทางรังสีวิทยา ภาพถ่ายผู้ป่วยหรือส่วนใดส่วนหนึ่งของผู้ป่วย
 
 ภาพทางพยาธิวิทยา ความรู้เกี่ยวกับการเก็บรวบรวมภาพทางการแพทย์ เช่น Picture archiving and communication
 
 system (PACS) วิธีการจัดการรูปภาพเพื่อน าไปใช้ประโยชน์ในรูปแบบต่าง ๆ จริยธรรมในการใช้ข้อมูล กรณีศึกษาการสร้าง
 
 ปัญญาประดิษฐ์เพื่อวินิจฉัยโดยการพิจารณาภาพทั้งภาพ กรณีศึกษาการสร้างปัญญาประดิษฐ์เพื่อการวินิจฉัยโดยการพิจารณา
 
 องค์ประกอบที่ปรากฏในภาพด้วยวิธีทางคอมพิวเตอร์ปริทัศและการเรียนรู้เชิงลึก
 
 Basic understanding of medical imaging such as radiologic image, photograph of the patients,
 
 and pathologic image and how these images can be achieved within the Picture archiving and communication
 
 system (PACS). Knowledge about image preparation by analytic tools. Case studies in artificial intelligence
 
 for classification of abnormality using deep learning."
ใน AI วิชา CP 413 401 Artificial Intelligence Application in Agriculture มีเงื่อนไขรายวิชาไหม,"CP 413 401 การประยุกต์ใช้งานปัญญาประดิษฐ์ในการเกษตร
 
 7(5-4-12)
 
 Artificial Intelligence Application in Agriculture
 
 เงื่อนไขของรายวิชา : CP 413 400#
 
 
 
 การพัฒนาและแนวโน้มของเทคโนโลยีฟาร์มอัจฉริยะ การติดตามตรวจสอบพืชผลและดิน การตรวจจับโรค
 
 ของแมลงและพืช การตรวจสอบสุขภาพปศุสัตว์ การฉีดพ่นอัจฉริยะและการก าจัดวัชพืชอัตโนมัติ การส ารวจและการถ่ายภาพ
 
 ทางอากาศ การคัดเกรดและการคัดแยกการผลิต การตรวจจับความผิดปกติที่ชาญฉลาดในระบบเซ็นเซอร์ การวิเคราะห์ราคา
 
 และการพยากรณ์
 
 Development and trends in smart farm technology, crop and soil monitoring, insect and plant
 
 disease detection, livestock health monitoring, intelligent spraying and automatic weeding, aerial survey and
 
 imaging, produce grading and sorting, smart anomaly detection in sensor systems, price analysis and
 
 forecasting"
ใน AI วิชา CP 413 303 Artificial Intelligence Application in Medical Sensors มีเงื่อนไขรายวิชาไหม,"CP 413 303 การประยุกต์ใช้งานปัญญาประดิษฐ์ในสัญญาณทางการแพทย์
 
 2(1-2-3)
 
 Artificial Intelligence Application in Medical Sensors
 
 เงื่อนไขของรายวิชา : CP 413 300#
 
 
 
 ความรู้พื้นฐานเกี่ยวกับเซนเซอร์ที่ท าการตรวจวัดการเปลี่ยนแปลงสัญญาณต่าง ๆ ในร่างกาย การเก็บรวบรวม
 
 และการดึงข้อมูลสัญญาณต่าง ๆ จากเซนเซอร์ การเตรียมตัวข้อมูลสัญญาณก่อนการวิเคราะห์ ตัวอย่างการใช้งานเซนเซอร์ด้วย
 
 เทคโนโลยีปัญญาประดิษฐ์ทางการแพทย์ จริยธรรมในการใช้ข้อมูล การประมวลผลข้อมูล (Data processing) กรณีศึกษาการ
 
 ใช้ปัญญาประดิษฐ์ช่วยในการตรวจสอบความผิดปกติของสัญญาณทางการแพทย์ กรณีศึกษาการใช้ปัญญาประดิษฐ์ช่วยในการ
 
 ท านายสัญญาณทางการแพทย์ล่วงหน้า กรณีศึกษาการใช้ปัญญาประดิษฐ์ช่วยในการวินิจฉัยจากข้อมูลสัญญาณ
 
 Basic knowledge of sensors that measure changes in signals in the body and extraction of
 
 signal data from sensors; preparation of signal data before analysis; Examples of sensor applications with
 
 medical artificial intelligence technology. Data Ethics and data processing. A case study of the use of artificial
 
 intelligence to help detect abnormalities in medical signals and to diagnose based on sensor data"
ใน AI วิชา CP 413 304 Artificial Intelligence Application in Medical Bioinformatics มีเงื่อนไขรายวิชาหรือไม่,"CP 413 304 การประยุกต์ใช้งานปัญญาประดิษฐ์ในชีวสารสนเทศศาสตร์ทางการแพทย์
 
 2(1-2-3)
 
 Artificial Intelligence Application in Medical Bioinformatics
 
 เงื่อนไขของรายวิชา : CP 413 300#
 
 
 
 การน าปัญญาประดิษฐ์วิเคราะห์ข้อมูลขนาดใหญ่และซับซ้อนทางชีวเวชศาสตร์ โดยเฉพาะข้อมูลจากเทคนิค
 
 โอมิกส์ เช่น จีโนมิกส์ ทรานสคริปโตมิกส์ และ โปรตีโอมิกส์ เป็นต้น เพื่อน าข้อมูลดังกล่าวน ามาใช้ในการวินิจฉัย ติดตามการ
 
 รักษา และเป้าหมายในการรักษา กรณีศึกษาการวินิจฉัยโดยพิจารณาจากรูปแบบของข้อมูลโอมิกส์ กรณีศึกษาการวินิจฉัยเชิง
 
 ท านายโดยใช้ข้อมูลโอมิกส์
 
 The application of artificial intelligence in big and sophisticated biomedical datasets,
 
 especially omics datasets, for example, genomics, transcriptomics, and proteomics. Apply the information
 
 from data analysis for diagnosis, follow-up care, and targeted treatment. Case studies on diagnosis and
 
 predictive diagnostics based on the omics datasets."
ใน AI ขอดูข้อมูลวิชา CP 413 300 Fundamentals of Medicine and Healthcare กับวิชา CP 413 400 Fundamentals of Agriculture หน่อย,"CP 413 300 หลักมูลฐานทางการแพทย์และบริการสุขภาพ
 
 2(2-0-4)
 
 Fundamentals of Medicine and Healthcare
 
 เงื่อนไขของรายวิชา : ไม่มี
 
 
 
 โครงสร้างของระบบบริการสุขภาพ ลักษณะทั่วไปและการด าเนินงานของโรงพยาบาล ความรู้ทางการแพทย์
 
 พื้นฐานเกี่ยวกับค าศัพท์ทางการแพทย์ ขั้นตอนการตรวจวินิจฉัยทางการแพทย์ ได้แก่ การซักประวัติ การตรวจร่างกาย การส่ง
 
 ตรวจทางห้องปฏิบัติการ ภาพถ่ายทางรังสีชนิดต่าง ๆ ภาพจากคลื่นเสียงสะท้อนความถี่สูง สัญญาณจากเครื่องมือทาง
 
 การแพทย์ชนิดต่าง ๆ ความรู้พื้นฐานทางพันธุกรรม เชื้อก่อโรคชนิดต่าง ๆ เช่น แบคทีเรีย ไวรัส รา ปรสิต พฤติกรรมสุขภาพ
 
 โรคที่พบบ่อยในระบบต่าง ได้แก่ ระบบหัวใจร่วมหลอดเลือด ระบบโครงร่างและกล้ามเนื้อ ระบบประสาท ระบบโลหิต ระบบ
 
 ทางเดินอาหาร ระบบต่อมไร้ท่อ ระบบทางเดินหายใจ ระบบปัสสาวะ ระบบสืบพันธุ์ ความรู้พื้นฐานและข้อก าหนดเกี่ยวกับการ
 
 สั่งยา การไม่ระบุตัวตน
 
 Overview of healthcare system includes structure and workflow. Basic medical knowledge
 
 about medical terminology, steps of medical diagnosis including history taking, physical examination,
 
 laboratory investigations, radiography, ultrasonography, medical sensors, basic genetics, causative organisms
 
 such as bacteria, virus, fungus, parasite, health behavior, common problems in cardiovascular,
 
 musculoskeletal, nervous, hematologic, gastrointestinal, endocrine, respiratory, genitourinary, reproductive
 
 system, basic knowledge of medication prescription, and data privacy issues.
 
 ===========================================================
 
 CP 413 400 หลักมูลการเกษตร
 
 3(3-0-6)
 
 Fundamentals of Agriculture
 
 เงื่อนไขของรายวิชา : ไม่มี
 
 
 
 บทบาทและความส าคัญของพืชและสัตว์เศรษฐกิจ สรีระวิทยาส าหรับการจ าแนกทางพืชและสัตว์ พันธุ์พืช
 
 และและสัตว์ ปัจจัยฟ้าอากาศกับการผลิตพืชและสัตว์ การจัดการผลิตพืชและสัตว์ การจัดการศัตรูพืชและการจัดการผลผลิต
 
 หลังการเก็บเกี่ยว การป้องกันโรคและพยาธิของสัตว์ คุณภาพและมาตรฐานการผลิต การบัญชีและการตลาดพืชและสัตว์ และ
 
 ห่วงโซ่การผลิตพืชและสัตว์สู่ผู้บริโภค
 
 The important role of economic crops and animals, crops and animals classification, crops
 
 and animals variety, climatic factors for crops and animals, crops and animals production system, pest
 
 management and post-harvest management for crops, disease prevention and parasite control for animals,
 
 quality and production standard, crops and animals accounting and marketing and chain of crops and
 
 animals production to consumer"
ใน AI ขอดูรายละเอียดของวิชา CP 413 304 Artificial Intelligence Application in Medical Bioinformatics หน่อย,"CP 413 304 การประยุกต์ใช้งานปัญญาประดิษฐ์ในชีวสารสนเทศศาสตร์ทางการแพทย์
 
 2(1-2-3)
 
 Artificial Intelligence Application in Medical Bioinformatics
 
 เงื่อนไขของรายวิชา : CP 413 300#
 
 
 
 การน าปัญญาประดิษฐ์วิเคราะห์ข้อมูลขนาดใหญ่และซับซ้อนทางชีวเวชศาสตร์ โดยเฉพาะข้อมูลจากเทคนิค
 
 โอมิกส์ เช่น จีโนมิกส์ ทรานสคริปโตมิกส์ และ โปรตีโอมิกส์ เป็นต้น เพื่อน าข้อมูลดังกล่าวน ามาใช้ในการวินิจฉัย ติดตามการ
 
 รักษา และเป้าหมายในการรักษา กรณีศึกษาการวินิจฉัยโดยพิจารณาจากรูปแบบของข้อมูลโอมิกส์ กรณีศึกษาการวินิจฉัยเชิง
 
 ท านายโดยใช้ข้อมูลโอมิกส์
 
 The application of artificial intelligence in big and sophisticated biomedical datasets,
 
 especially omics datasets, for example, genomics, transcriptomics, and proteomics. Apply the information
 
 from data analysis for diagnosis, follow-up care, and targeted treatment. Case studies on diagnosis and
 
 predictive diagnostics based on the omics datasets."
ใน AI วิชา CP 413 401 Artificial Intelligence Application in Agriculture กับ วิชา CP 413 303 Artificial Intelligence Application in Medical Sensors ต่างกันยังไง,"CP 413 401 การประยุกต์ใช้งานปัญญาประดิษฐ์ในการเกษตร
 
 7(5-4-12)
 
 Artificial Intelligence Application in Agriculture
 
 เงื่อนไขของรายวิชา : CP 413 400#
 
 
 
 การพัฒนาและแนวโน้มของเทคโนโลยีฟาร์มอัจฉริยะ การติดตามตรวจสอบพืชผลและดิน การตรวจจับโรค
 
 ของแมลงและพืช การตรวจสอบสุขภาพปศุสัตว์ การฉีดพ่นอัจฉริยะและการก าจัดวัชพืชอัตโนมัติ การส ารวจและการถ่ายภาพ
 
 ทางอากาศ การคัดเกรดและการคัดแยกการผลิต การตรวจจับความผิดปกติที่ชาญฉลาดในระบบเซ็นเซอร์ การวิเคราะห์ราคา
 
 และการพยากรณ์
 
 Development and trends in smart farm technology, crop and soil monitoring, insect and plant
 
 disease detection, livestock health monitoring, intelligent spraying and automatic weeding, aerial survey and
 
 imaging, produce grading and sorting, smart anomaly detection in sensor systems, price analysis and
 
 forecasting
 
 ===========================================================
 
 CP 413 303 การประยุกต์ใช้งานปัญญาประดิษฐ์ในสัญญาณทางการแพทย์
 
 2(1-2-3)
 
 Artificial Intelligence Application in Medical Sensors
 
 เงื่อนไขของรายวิชา : CP 413 300#
 
 
 
 ความรู้พื้นฐานเกี่ยวกับเซนเซอร์ที่ท าการตรวจวัดการเปลี่ยนแปลงสัญญาณต่าง ๆ ในร่างกาย การเก็บรวบรวม
 
 และการดึงข้อมูลสัญญาณต่าง ๆ จากเซนเซอร์ การเตรียมตัวข้อมูลสัญญาณก่อนการวิเคราะห์ ตัวอย่างการใช้งานเซนเซอร์ด้วย
 
 เทคโนโลยีปัญญาประดิษฐ์ทางการแพทย์ จริยธรรมในการใช้ข้อมูล การประมวลผลข้อมูล (Data processing) กรณีศึกษาการ
 
 ใช้ปัญญาประดิษฐ์ช่วยในการตรวจสอบความผิดปกติของสัญญาณทางการแพทย์ กรณีศึกษาการใช้ปัญญาประดิษฐ์ช่วยในการ
 
 ท านายสัญญาณทางการแพทย์ล่วงหน้า กรณีศึกษาการใช้ปัญญาประดิษฐ์ช่วยในการวินิจฉัยจากข้อมูลสัญญาณ
 
 Basic knowledge of sensors that measure changes in signals in the body and extraction of
 
 signal data from sensors; preparation of signal data before analysis; Examples of sensor applications with
 
 medical artificial intelligence technology. Data Ethics and data processing. A case study of the use of artificial
 
 intelligence to help detect abnormalities in medical signals and to diagnose based on sensor data"
ใน AI วิชา CP 413 304 Artificial Intelligence Application in Medical Bioinformatics กับวิชา CP 413 302 Artificial Intelligence Application in Medical Imaging ต่างกันยังไง,"CP 413 304 การประยุกต์ใช้งานปัญญาประดิษฐ์ในชีวสารสนเทศศาสตร์ทางการแพทย์
 
 2(1-2-3)
 
 Artificial Intelligence Application in Medical Bioinformatics
 
 เงื่อนไขของรายวิชา : CP 413 300#
 
 
 
 การน าปัญญาประดิษฐ์วิเคราะห์ข้อมูลขนาดใหญ่และซับซ้อนทางชีวเวชศาสตร์ โดยเฉพาะข้อมูลจากเทคนิค
 
 โอมิกส์ เช่น จีโนมิกส์ ทรานสคริปโตมิกส์ และ โปรตีโอมิกส์ เป็นต้น เพื่อน าข้อมูลดังกล่าวน ามาใช้ในการวินิจฉัย ติดตามการ
 
 รักษา และเป้าหมายในการรักษา กรณีศึกษาการวินิจฉัยโดยพิจารณาจากรูปแบบของข้อมูลโอมิกส์ กรณีศึกษาการวินิจฉัยเชิง
 
 ท านายโดยใช้ข้อมูลโอมิกส์
 
 The application of artificial intelligence in big and sophisticated biomedical datasets,
 
 especially omics datasets, for example, genomics, transcriptomics, and proteomics. Apply the information
 
 from data analysis for diagnosis, follow-up care, and targeted treatment. Case studies on diagnosis and
 
 predictive diagnostics based on the omics datasets.
 
 ===========================================================
 
 CP 413 302 การประยุกต์ใช้งานปัญญาประดิษฐ์ในภาพถ่ายทางการแพทย์
 
 2(1-2-3)
 
 Artificial Intelligence Application in Medical Imaging
 
 เงื่อนไขของรายวิชา : CP 413 300#
 
 
 
 ความรู้เกี่ยวกับภาพทางการแพทย์ เช่น ภาพทางรังสีวิทยา ภาพถ่ายผู้ป่วยหรือส่วนใดส่วนหนึ่งของผู้ป่วย
 
 ภาพทางพยาธิวิทยา ความรู้เกี่ยวกับการเก็บรวบรวมภาพทางการแพทย์ เช่น Picture archiving and communication
 
 system (PACS) วิธีการจัดการรูปภาพเพื่อน าไปใช้ประโยชน์ในรูปแบบต่าง ๆ จริยธรรมในการใช้ข้อมูล กรณีศึกษาการสร้าง
 
 ปัญญาประดิษฐ์เพื่อวินิจฉัยโดยการพิจารณาภาพทั้งภาพ กรณีศึกษาการสร้างปัญญาประดิษฐ์เพื่อการวินิจฉัยโดยการพิจารณา
 
 องค์ประกอบที่ปรากฏในภาพด้วยวิธีทางคอมพิวเตอร์ปริทัศและการเรียนรู้เชิงลึก
 
 Basic understanding of medical imaging such as radiologic image, photograph of the patients,
 
 and pathologic image and how these images can be achieved within the Picture archiving and communication
 
 system (PACS). Knowledge about image preparation by analytic tools. Case studies in artificial intelligence
 
 for classification of abnormality using deep learning."
ใน AI วิชา Artificial Intelligence Application in Business กับ วิชา Application of Artificial Intelligence in Public Affairs ต่างกันยังไง,"CP 413 501 การประยุกต์ใช้งานปัญญาประดิษฐ์ในธุรกิจ
 
 8(6-4-14)
 
 Artificial Intelligence Application in Business
 
 เงื่อนไขของรายวิชา : CP 413 500#
 
 
 
 นักศึกษาจะได้เรียนรู้การใช้ AI ในปัญหาทางธุรกิจผ่านการเรียนรู้แบบโครงงาน ซึ่งประกอบไปด้วยการสกัด
 
 ความเข้าใจลึกซึ้งจากข้อมูลออกมาตามโดเมนธุรกิจ การแบ่งส่วน การวิเคราะห์ความรู้สึก ระบบการแนะน า การตรวจจับและ
 
 ป้องกันการฉ้อโกง การท านายการเลิกรา และการคาดการณ์ ซึ่งน าไปใช้ในการจัดการธุรกิจ การตลาด การบัญชีและการเงิน
 
 The students will learn to apply AI in business problems though the project-based learning
 
 including extracting the insight from data based on specific business domain, segmentation, sentiment
 
 analysis, recommendation system, fraud detection and prevention, churn prediction, and forecasting; which
 
 apply in business management, marketing, accounting and finance
 
 ===========================================================
 
 CP 413 601 การประยุกต์ใช้งานปัญญาประดิษฐ์ในกิจการสาธารณะ
 
 7(5-4-12)
 
 Application of Artificial Intelligence in Public Affairs
 
 เงื่อนไขของรายวิชา : CP 413 600#
 
 
 
 นักศึกษาจะได้เรียนรู้การใช้ AI ในปัญหาทางธุรกิจผ่านการเรียนรู้แบบโครงงาน ซึ่งประกอบไปด้วย การใช้
 
 ปัญญาประดิษฐ์ในมิติต่าง ๆ ปัญญาประดิษฐ์ในการแปรเปลี่ยนองค์กรสาธารณะ ปัญญาประดิษฐ์ส าหรับการตัดสินใจเชิงกล
 
 ยุทธ์ การเรียนรู้ของเครื่องในการบริการสาธารณะ แอปพลิเคชันในการบริการสาธารณะส าหรับการเรียนรู้ของเครื่อง การ
 
 ประมวลผลภาษาธรรมชาติในการบริการสาธารณะ หุ่นยนต์และแอปพลิเคชันของหุ่นยนต์ในการบริการสาธารณะ การใช้
 
 ปัญญาประดิษฐ์ในทางกฎหมายสาธารณะ ผลกระทบของปัญญาประดิษฐ์ต่อการท างานและสังคมในอนาคต การออกแบบแผน
 
 ที่น าทางในการใช้ปัญญาประดิษฐ์ในองค์กรสาธารณะ
 
 The students will learn to apply AI in business problems though the project-based learning
 
 including applications of AI in global trend; the use of different kinds of intelligence; AI in public organizational
 
 transformation; AI for strategic decision-making; machine learning in public services, public service application
 
 for machine learning; natural language processing in public services; robotics and its applications in public
 
 services; the use of AI in public law; the impact of AI on the future of work and society; roadmap design for
 
 the use of AI in public organizations"
ใน AI วิชา CP 410 863 Artificial Intelligence in Blockchain กับวิชา CP 410 864 Artificial Intelligence in Cyber Security ต่างกันยังไง,"CP 410 863 ปัญญาประดิษฐ์ในบล็อกเชน
 
 3(3-0-6)
 
 Artificial Intelligence in Blockchain
 
 
 
 เงื่อนไขของรายวิชา : CP 411 001# หรือ CP 412 002# หรือ SC 402 401# หรือ SC
 
 602 005#
 
 (เปลี่ยนแปลง
 
 เงื่อนไขรายวิชา)
 
 บล็อกเชนขั้นแนะน า การประมวลผลแบบไร้ศูนย์กลาง โครงสร้างของบล็อกเชน ประเภทของบล็อกเชน
 
 บล็อกเชนแบบส่วนบุคคลและแบบสาธารณะ ทฤษฎีและหลักการการเข้ารหัสข้อมูลส าหรับบล็อกเชน การท าฉันทามติ แนวคิด
 
 และหลักการท างานของบล็อกเชน การเรียนรู้ของเครื่องแบบกระจาย การเรียนรู้เชิงสหพันธ์
 
 Introduction to Blockchain, decentralized computing, blockchain structure, types of
 
 blockchain, private and public blockchain, theories and principles of cryptography for blockchain, concensus,
 
 concept and principle of blockchain, distrubuted machine learning, federeted learning
 
 ===========================================================
 
 CP 410 864 ปัญญาประดิษฐ์ในการรักษาความปลอดภัยทางไซเบอร์
 
 3(3-0-6)
 
 Artificial Intelligence in Cyber Security
 
 
 
 เงื่อนไขของรายวิชา : ไม่มี
 
 
 
 แนวคิด หลักการ ทฤษฎีเกี่ยวกับปัญญาประดิษฐ์ การเรียนรู้ของเครื่อง การเรียนรู้แบบมีผู้สอน การเรียนรู้
 
 แบบไม่มีผู้สอน ระบบผู้เชี่ยวชาญ การค้นหาและการหาค่าที่เหมาะที่สุด การประยุกต์ใช้งานปัญญาประดิษฐ์ในงานรักษาความ
 
 มั่นคงปลอดภัยไซเบอร์
 
 Principles, concepts, and theory of artificial intelligence; Machine learning; Supervised
 
 learning; Unsupervised learning; Expert system; Search and optimization; Applications of artificial intelligence
 
 in cyber security."
ใน AI วิชา Enterprise Application Development กับวิชา Virtual Reality Application Development ต่างกันยังไง,"CP 410 845 การพัฒนาโปรแกรมประยุกต์ส าหรับองค์กร
 
 3(2-2-5)
 
 Enterprise Application Development
 
 
 
 เงื่อนไขของรายวิชา : CP 411 106#
 
 
 
 การพัฒนาโปรแกรมประยุกต์ส าหรับองค์กร สถาปัตยกรรมโปรแกรมประยุกต์ส าหรับองค์กร
 
 สถาปัตยกรรมมัลติเทียร์ สถาปัตยกรรมเอ็มวีซีสถาปัตยกรรมเชิงบริการ สถาปัตยกรรมไมโครเซอร์วิส การ พัฒนาเอพีไอแบบ
 
 เปิดและกรอบงาน รูปแบบเจสันและเอ็กซ์เอ็มแอล การบูรณาการเอพีไอ สื่อสังคมและเอ พีไอแบบเปิดสาธารณะและกรอบงาน
 
 อื่น ๆ ร่วมกับระบบเดิม การเขียนโปรแกรม และติดตั้งโปรแกรม ประยุกต์ส าหรับองค์กรบนแพลตฟอร์มคลาวน์
 
 Enterprise application development, enterprise application architecture, multi- tiered
 
 architecture, MVC architecture, service- oriented architecture, microservice architecture, open API and
 
 framework development, JSON and XML format, integrating a social media API and other public open API
 
 and framework with the rest of the system, programming and deploying enterprise application on the cloud
 
 platforms
 
 ===========================================================
 
 CP 410 846 การพัฒนาโปรแกรมประยุกต์เสมือนจริง
 
 3(2-2-5)
 
 Virtual Reality Application Development
 
 
 
 เงื่อนไขของรายวิชา : CP 411 106#
 
 
 
 เทคโนโลยีโลกเสมือน ความเป็นจริงเสมือน ความเป็นจริงเสริม และความเป็นจริงผสม อุปกรณ์ส าหรับสร้าง
 
 ความเป็นจริงเสมือน การออกแบบและพัฒนาโปรแกรมประยุกต์เสมือนจริง ความปลอดภัยการใช้งาน แนะน าปัญญาประดิษฐ์
 
 ส าหรับเทคโนโลยีโลกเสมือน โลกเสมือนแบบผู้ใช้หลายคน เกมเสมือนจริงและสร้างโครงงานอิสระด้วยเทคโนโลยีโลกเสมือน
 
 จริง
 
 Virtual world technology, virtual reality, augmented reality and mixed reality, virtual reality
 
 devices, design and development of virtual reality application, use safety, introduction to artificial
 
 intelligence for virtual world technology, multi- users virtual world, virtual reality game and independent
 
 virtual reality project."
ใน AI วิชา CP 410 806 กับวิชา CP 410 807 มันต่างกันยังไง,"CP 410 806 การทดสอบซอฟต์แวร์และการประกันคุณภาพ
 
 3(2-2-5)
 
 Software Testing and Quality Assurance
 
 
 
 เงื่อนไขของรายวิชา : ไม่มี
 
 
 
 การแนะน าการทดสอบซอฟต์แวร์เบื้องต้นตัวอย่างปัญหาและการทดสอบซอฟต์แวร์โดยวิธีการ การทดสอบ
 
 ค่าขอบเขต วิธีการทดสอบแบบแบ่งกลุ่มคลาสเท่ากัน วิธีการทดสอบโดยใช้พื้นฐานตารางการตัดสินใจ การทบทวนบทบาทและ
 
 หน้าที่ของการทดสอบซอฟต์แวร์ วิธีการทดสอบแบบมีเส้นทาง วิธีการทดสอบกระแสงานของข้อมูล วิธีการทดสอบโครงสร้าง
 
 วิธีการทดสอบแบบบูรณาการหรือการรวมเข้าด้วยกัน วิธีการทดสอบแบบยอมรับและการสร้างข้อผิดพลาดให้ระบบเครื่องมือใน
 
 การทดสอบและการวางแผนการทดสอบในองค์กร
 
 Introduction to software testing, examples and boundary value testing, equivalence class
 
 testing, decision table-based testing, retrospective on functional testing, path testing, unit&Integration testing,
 
 acceptance testing and mutation testing, organizational approaches to testing, peer reviews, standard
 
 documentation for software testing
 
 
 
 ===========================================================
 
 CP 410 807 การปรับปรุงกระบวนการซอฟต์แวร์
 
 3(2-2-5)
 
 Software Process Improvement
 
 
 
 เงื่อนไขของรายวิชา : ไม่มี
 
 
 
 กระบวนทัศน์การปรับปรุงกระบวนการพัฒนาซอฟต์แวร์กระบวนการพัฒนาซอฟต์แวร์ ระเบียบวิธีการพัฒนา
 
 ซอฟต์แวร์ การจัดการการพัฒนาซอฟต์แวร์ กรอบการปรับปรุงกระบวนกาตามมาตรฐาน CMMI การพัฒนาและการจัดการ
 
 ความต้องการ ปฏิบัติการการพัฒนาความต้องการ และคุณลักษณะของความต้องการซอฟต์แวร์ ปฏิบัติการวางแผนโครงการ
 
 ค าตอบเชิงเทคนิคและการบูรณาการผลิตภัณฑ์ การตรวจสอบความถูกต้องตามข้อก าหนดและการตรวจสอบความต้องการของ
 
 ผู้ใช้งาน การติดตามและการก ากับดูแล การจัดการด้านคุณลักษณะการปฏิบัติงาน การประกันคุณภาพของกระบวนการและ
 
 ผลิตภัณฑ์
 
 Paradigm of software development processimprovement, software development process,
 
 software development methodology, software development management, software process improvement,
 
 CMMI process improvement framework, requirement development and requirement management,
 
 requirement and software requirement specification ( SRS) developmentworkshop, project planning
 
 workshop, technical solution and product integration, verification and validation, project monitoring and
 
 control, configuration management, process and product quality assurance"
ใน AI วิชา CP 410 862 Decision Support System กับวิชา CP 410 861 Recommendation Systems ต่างกันยังไง,"CP 410 862 ระบบสนับสนุนการตัดสินใจ
 
 3(3-0-6)
 
 Decision Support System
 
 
 
 เงื่อนไขของรายวิชา : ไม่มี
 
 
 
 ระบบสนับสนุนการตัดสินใจและการจัดการประเภท การตัดสินใจได้แก่ แบบมีโครงสร้าง กึ่งโครงสร้าง และไม่
 
 มีโครงสร้าง ระบบการตัดสินใจ การสร้างตัวแบบและการวิเคราะห์ การจ าลองปัญหาและการแก้ปัญหา โดยใช้การโปรแกรมเชิง
 
 เส้น ต้นไม้ตัดสินใจพัฒนาการสนับสนุนการตัดสินใจและข่าวกรองธุรกิจ ระบบสนับสนุนการตัดสินใจโดยใช้ความรู้ ระบบ
 
 อัจฉริยะ โดยระบบ ฐานกฎตรรกศาสตร์คลุมเครือ การเรียนรู้เครื่อง โครงข่ายประสาทเทียม ขั้นตอนวิธีเชิงพันธุกรรม การ
 
 ค้นหาความรู้
 
 Management and Decision support system, decision type: structure, semi-structure and
 
 unstructured, decision-making systems, modeling and analysis, problem formulation and problem solving:
 
 linear programming, decision tree business intelligence and decision support development, knowledge-
 
 based decision support systems, intelligence system: rule-based system, uncertainty in rule-based system,
 
 fuzzy logic, machine learning, neural network, genetic algorithm, knowledge discovery
 
 ===========================================================
 
 CP 410 861 ระบบแนะน า
 
 3(2-2-5)
 
 Recommendation Systems
 
 
 
 เงื่อนไขของรายวิชา : CP 411 103# หรือ SC 402 101# หรือ CP 412 104# หรือ SC
 
 401 201#
 
 (เปลี่ยนแปลง
 
 เงื่อนไขรายวิชา)
 
 ความรู้เบื้องต้นเกี่ยวกับระบบแนะน า วิธีการกรองแบบร่วม วิธีการกรองแบบอิงเนื้อหา วิธีการกรองตามองค์
 
 ความรู้ วิธีการกรองตามบริบท ระบบแนะน าแบบบริบท การแนะน าส าหรับกลุ่ม เทคโนโลยีระบบโต้ตอบอัตโนมัติ ระบบโต้ตอบ
 
 ด้วยเมนู ระบบโต้ตอบและการใช้ส าคัญ ระบบโต้ตอบด้วยบริบทและการประยุกต์ใช้ระบบโต้ตอบในระบบแนะน า
 
 Introduction to recommendation system, collaborative filtering, content- based filtering,
 
 knowledge- based recommendations, contextual recommendations, model- based recommendation,
 
 reinforcement learning leaning"
ใน AI วิชาพื้นฐานหรือวิชาแกน มีกี่หน่วยกิต และมีวิชาอะไรบ้าง,"2. หมวดวิชาเฉพาะ (Core Courses) 96 หน่วยกิต
 2.1 วิชาพื้นฐานหรือวิชาแกน 30 หน่วยกิต
 SC 402 101 พีชคณิตเชิงเส้น
 3(3-0-6)
 (CP 411 103)* Linear Algebra
 
 SC 401 201 แคลคูลัสส าหรับวิทยาศาสตร์กายภาพ 1
 3(3-0-6)
 (CP 412 104)* Calculus for Physical Science I
 
 SC 402 401 วิยุตคณิตและการประยุกต์
 3(3-0-6)
 (CP 411 101)* Discrete Mathematics and Applications
 
 SC 602 005 ความน่าจะเป็นและสถิติ
 3(3-0-6)
 (CP 411 102)* Probability and Statistics
 
 *CP 411 105 ระบบคอมพิวเตอร์
 3(3-0-6)
 Computer Systems
 
 *CP 411 106 การเขียนโปรแกรมส าหรับการเรียนรู้ของเครื่อง
 3(2-2-5)
 Programming for Machine Learning
 
 *CP 411 107 โครงสร้างข้อมูลและขั้นตอนวิธี
 3(2-2-5)
 Data Structures and Algorithms
 *CP 411 108 ระบบจัดการฐานข้อมูล
 3(2-2-5)
 Database Management System
 
 *CP 412 109 วิศวกรรมข้อมูล
 3(2-2-5)
 
 Data Engineering
 
 *CP 413 110 วิศวกรรมซอฟต์แวร์ส าหรับปัญญาประดิษฐ์
 3(2-2-5)
 
 Software Engineering for Artificial Intelligence"
ใน AI เราจะได้ทำโครงงานปีไหน,"แบบเลือกเรียนวิชาโครงงาน
 
 ปีที่ 3 ภาคการศึกษาที่ 2
 หน่วยกิต
 
 *CP 413 110 วิศวกรรมซอฟต์แวร์ส าหรับปัญญาประดิษฐ์
 3(2-2-5)
 
 Software Engineering for Artificial Intelligence
 
 *CP 41X XXX วิชาการประยุกต์ใช้ปัญญาประดิษฐ์ข้ามสาขาวิชา
 7 หน่วยกิต
 
 Cross-Disciplinary Applications of Artificial Intelligence
 
 *CP 41X XXX วิชาเลือกเฉพาะทางด้านคอมพิวเตอร์
 3 หน่วยกิต
 
 Specialized Electives
 
 *CP 414 781 โครงงานทางปัญญาประดิษฐ์ 1
 3(0-9-5)
 
 Research Project in Artificial Intelligence I
 
 XXX XXX วิชาเลือกเสรี
 3 หน่วยกิต
 
 Free Electives
 
 รวมจ านวนหน่วยกิตลงทะเบียนเรียน 19 หน่วยกิต
 
 ปีที่ 4 ภาคการศึกษาที่ 1
 หน่วยกิต
 
 *CP 414 782 โครงงานทางปัญญาประดิษฐ์ 2
 3(0-9-5)
 
 Research Project in Artificial Intelligence II
 
 XXX XXX วิชาเลือกเสรี
 3 หน่วยกิต
 
 Free Electives
 
 รวมจ านวนหน่วยกิตลงทะเบียนเรียน 6 หน่วยกิต
 
 ปีที่ 4 ภาคการศึกษาที่ 2
 
 *CP 41X XXX วิชาเลือกเฉพาะทางด้านคอมพิวเตอร์
 6 หน่วยกิต
 
 Specialized Electives
 
 รวมจ านวนหน่วยกิตลงทะเบียนเรียน 6 หน่วยกิต"
ใน AI ตอนนี้เราอยู่ปี 3 ถ้าเลือกแผนสหกิจศึกษาต้องทำยังไงบ้าง,"แบบเลือกเรียนวิชาสหกิจศึกษา
 
 ปีที่ 3 ภาคการศึกษาที่ 2
 หน่วยกิต
 
 *CP 413 110 วิศวกรรมซอฟต์แวร์ส าหรับปัญญาประดิษฐ์
 3(2-2-5)
 
 Software Engineering for Artificial Intelligence
 
 *CP 41X XXX วิชาการประยุกต์ใช้ปัญญาประดิษฐ์ข้ามสาขาวิชา
 7 หน่วยกิต
 
 Cross-Disciplinary Applications of Artificial Intelligence
 
 *CP 41X XXX วิชาเลือกเฉพาะทางด้านคอมพิวเตอร์
 3 หน่วยกิต
 
 Specialized Electives
 
 *CP 002 001 การเตรียมความพร้อมก่อนปฏิบัติงานส าหรับนักศึกษาวิทยาลัยการ
 คอมพิวเตอร์
 1(0-2-1)
 (ไม่นับหน่วยกิต)
 
 Orientation to Co-Operative Education
 for Computing Students
 
 XXX XXX วิชาเลือกเสรี
 6 หน่วยกิต
 
 Free Electives
 
 รวมจ านวนหน่วยกิตลงทะเบียนเรียน 19 หน่วยกิต
 
 ปีที่ 4 ภาคการศึกษาที่ 1
 หน่วยกิต
 
 *CP 414 785 สหกิจศึกษา
 6(0-18-9)
 
 Co-Operative Education
 
 รวมจ านวนหน่วยกิตลงทะเบียนเรียน 6 หน่วยกิต
 
 ปีที่ 4 ภาคการศึกษาที่ 2
 หน่วยกิต
 
 *CP 41X XXX วิชาเลือกเฉพาะทางด้านคอมพิวเตอร์
 6 หน่วยกิต
 
 Specialized Electives
 
 รวมจ านวนหน่วยกิตลงทะเบียนเรียน 6 หน่วยกิต"
ใน AI ขอดูแผนของ โครงงาน กับ สหกิจหน่อย,"แบบเลือกเรียนวิชาโครงงาน
 
 
 
 ปีที่ 3 ภาคการศึกษาที่ 2
 
 หน่วยกิต
 
 
 
 *CP 413 110 วิศวกรรมซอฟต์แวร์ส าหรับปัญญาประดิษฐ์
 
 3(2-2-5)
 
 
 
 Software Engineering for Artificial Intelligence
 
 
 
 *CP 41X XXX วิชาการประยุกต์ใช้ปัญญาประดิษฐ์ข้ามสาขาวิชา
 
 7 หน่วยกิต
 
 
 
 Cross-Disciplinary Applications of Artificial Intelligence
 
 
 
 *CP 41X XXX วิชาเลือกเฉพาะทางด้านคอมพิวเตอร์
 
 3 หน่วยกิต
 
 
 
 Specialized Electives
 
 
 
 *CP 414 781 โครงงานทางปัญญาประดิษฐ์ 1
 
 3(0-9-5)
 
 
 
 Research Project in Artificial Intelligence I
 
 
 
 XXX XXX วิชาเลือกเสรี
 
 3 หน่วยกิต
 
 
 
 Free Electives
 
 
 
 รวมจ านวนหน่วยกิตลงทะเบียนเรียน 19 หน่วยกิต
 
 
 
 ปีที่ 4 ภาคการศึกษาที่ 1
 
 หน่วยกิต
 
 
 
 *CP 414 782 โครงงานทางปัญญาประดิษฐ์ 2
 
 3(0-9-5)
 
 
 
 Research Project in Artificial Intelligence II
 
 
 
 XXX XXX วิชาเลือกเสรี
 
 3 หน่วยกิต
 
 
 
 Free Electives
 
 
 
 รวมจ านวนหน่วยกิตลงทะเบียนเรียน 6 หน่วยกิต
 
 
 
 ปีที่ 4 ภาคการศึกษาที่ 2
 
 
 
 *CP 41X XXX วิชาเลือกเฉพาะทางด้านคอมพิวเตอร์
 
 6 หน่วยกิต
 
 
 
 Specialized Electives
 
 
 
 รวมจ านวนหน่วยกิตลงทะเบียนเรียน 6 หน่วยกิต
 
 ===========================================================
 
 แบบเลือกเรียนวิชาสหกิจศึกษา
 
 
 
 ปีที่ 3 ภาคการศึกษาที่ 2
 
 หน่วยกิต
 
 
 
 *CP 413 110 วิศวกรรมซอฟต์แวร์ส าหรับปัญญาประดิษฐ์
 
 3(2-2-5)
 
 
 
 Software Engineering for Artificial Intelligence
 
 
 
 *CP 41X XXX วิชาการประยุกต์ใช้ปัญญาประดิษฐ์ข้ามสาขาวิชา
 
 7 หน่วยกิต
 
 
 
 Cross-Disciplinary Applications of Artificial Intelligence
 
 
 
 *CP 41X XXX วิชาเลือกเฉพาะทางด้านคอมพิวเตอร์
 
 3 หน่วยกิต
 
 
 
 Specialized Electives
 
 
 
 *CP 002 001 การเตรียมความพร้อมก่อนปฏิบัติงานส าหรับนักศึกษาวิทยาลัยการ
 
 คอมพิวเตอร์
 
 1(0-2-1)
 
 (ไม่นับหน่วยกิต)
 
 
 
 Orientation to Co-Operative Education
 
 for Computing Students
 
 
 
 XXX XXX วิชาเลือกเสรี
 
 6 หน่วยกิต
 
 
 
 Free Electives
 
 
 
 รวมจ านวนหน่วยกิตลงทะเบียนเรียน 19 หน่วยกิต
 
 
 
 ปีที่ 4 ภาคการศึกษาที่ 1
 
 หน่วยกิต
 
 
 
 *CP 414 785 สหกิจศึกษา
 
 6(0-18-9)
 
 
 
 Co-Operative Education
 
 
 
 รวมจ านวนหน่วยกิตลงทะเบียนเรียน 6 หน่วยกิต
 
 
 
 ปีที่ 4 ภาคการศึกษาที่ 2
 
 หน่วยกิต
 
 
 
 *CP 41X XXX วิชาเลือกเฉพาะทางด้านคอมพิวเตอร์
 
 6 หน่วยกิต
 
 
 
 Specialized Electives
 
 
 
 รวมจ านวนหน่วยกิตลงทะเบียนเรียน 6 หน่วยกิต"
ใน AI หากเราเรียนแบบสหกิจเราสามารถลงทะเบียนกลุ่มวิชาเลือกเฉพาะทางด้านคอมพิวเตอร์ได้กี่หน่วยกิต,"2.3.2 กลุ่มวิชาเลือกเฉพาะทางด้านคอมพิวเตอร์ 3-9 หน่วยกิต
 
 ให้นักศึกษาเลือกเรียนรายวิชาในกลุ่มวิชาเลือกเฉพาะทางด้านคอมพิวเตอร์ หรือรายวิชาอื่นของสาขาวิชา
 
 ที่มีการเปิดสอนเพิ่มเติมภายหลัง โดยได้รับความเห็นชอบจากคณะกรรมการบริหารหลักสูตร โดยแบบเรียนโครงงานและ
 
 แบบเรียน สหกิจศึกษา สามารถเลือกลงทะเบียนแบบคละกลุ่มได้ จ านวน 9 หน่วยกิต และแบบเรียนชุดวิชาการบูร
 
 ณาการการเรียนรู้กับการท างาน เลือกลงทะเบียนจ านวน 6 หน่วยกิต"
ใน AI ต้องเก็บหน่วยกิตของหมวดวิชาศึกษาทั่วไปกี่หน่วยกิต,"1. หมวดวิชาศึกษาทั่วไป (General Education Courses) 24 หน่วยกิต
 
 (1) กลุ่มวิชาภาษา
 
 12 หน่วยกิต
 
 **LI 101 001 ภาษาอังกฤษ 1
 
 3(3-0-6)
 
 English I
 
 
 
 **LI 101 002 ภาษาอังกฤษ 2
 
 3(3-0-6)
 
 English II
 
 
 
 **LI 102 003 ภาษาอังกฤษ 3
 
 3(3-0-6)
 
 English III
 
 
 
 **LI 203 010 ภาษาอังกฤษส าหรับวิทยาศาสตร์และเทคโนโลยี
 
 3(3-0-6)
 
 
 
 English for Science and Technology
 
 
 
 (2) กลุ่มวิชามนุษยศาสตร์และสังคมศาสตร์ 6 หน่วยกิต
 
 **GE 142 145 ภาวะผู้น าและการจัดการ
 
 3(3-0-6)
 
 Leadership and Management
 
 
 
 **GE 363 789 ผู้ประกอบการสร้างสรรค์
 
 3(3-0-6)
 
 Creative Entrepreneurs
 
 
 
 (3) กลุ่มวิชาคณิตศาสตร์และวิทยาศาสตร์ 6 หน่วยกิต
 
 *CP 001 001 เอ บี ซี ดี ส าหรับทุกวิชาชีพ
 
 3(3-0-6)
 
 ABCD for All Professions
 
 
 
 **GE 341 511 การคิดเชิงค านวณและเชิงสถิติส าหรับเอบีซีดี
 
 3(3-0-6)
 
 Computational & Statistical Thinking for ABCD"
ใน AI หมวดวิชาเลือกเสรี ต้องเรียนกี่หน่วยกิต,"3. หมวดวิชาเลือกเสรี (Free Elective Courses) 6 หน่วยกิต
 
 ให้นักศึกษาลงทะเบียนเรียนรายวิชาเลือกเสรีที่เปิดสอนในมหาวิทยาลัยขอนแก่น โดยได้รับความเห็นชอบจากคณะ
 
 กรรมการบริหารหลักสูตร จ านวน 6 หน่วยกิต"
ใน AI ในวิชาเลือกเฉพาะทางกลุ่มวิชาการประยุกต์ใช้ปัญญาประดิษฐ์ข้ามสาขาวิชา มีกี่กลุ่มและแต่ละกลุ่มมีวิชาอะไรบ้าง,"2.3.1 กลุ่มวิชาการประยุกต์ใช้ปัญญาประดิษฐ์ข้ามสาขาวิชา 10 หน่วยกิต
 
 (1) กลุ่มวิชาการวิจัยและประยุกต์ใช้ทางคอมพิวเตอร์
 
 *CP 413 201 คณิตศาสตร์ขั้นสูงส าหรับการคอมพิวเตอร์
 
 3(3-0-6)
 
 Advanced Calculus for Physical Science I
 
 
 
 *CP 413 202 การค านวณอัจฉริยะ
 
 4(3-2-7)
 
 Intelligent Computing
 
 
 
 *CP 413 203 หัวข้อพิเศษในการคอมพิวเตอร์ขั้นสูง
 
 3(3-0-6)
 
 Special Topic in Advanced Computing
 
 
 
 (2) กลุ่มวิชาการประยุกต์ใช้ปัญญาประดิษฐ์ด้านการแพทย์
 
 *CP 413 300 หลักมูลฐานทางการแพทย์และบริการสุขภาพ
 
 2(2-0-4)
 
 Fundamentals of Medicine and Healthcare
 
 
 
 *CP 413 301 การประยุกต์ใช้งานปัญญาประดิษฐ์ในบันทึกทางการแพทย์
 
 2(1-2-3)
 
 Artificial Intelligence Application in Medical Records
 
 
 
 *CP 413 302 การประยุกต์ใช้งานปัญญาประดิษฐ์ในภาพถ่ายทางการแพทย์
 
 2(1-2-3)
 
 Artificial Intelligence Application in Medical Imaging
 
 
 
 *CP 413 303 การประยุกต์ใช้งานปัญญาประดิษฐ์ในสัญญาณทางการแพทย์
 
 2(1-2-3)
 
 Artificial Intelligence Application in Medical Sensors
 
 
 
 *CP 413 304 การประยุกต์ใช้งานปัญญาประดิษฐ์ในชีวสารสนเทศศาสตร์ทาง
 
 การแพทย์
 
 2(1-2-3)
 
 Artificial Intelligence Application in Medical
 
 Bioinformatics
 
 
 
 (3) กลุ่มวิชาการประยุกต์ใช้ปัญญาประดิษฐ์ด้านการเกษตร
 
 *CP 413 400 หลักมูลการเกษตร
 
 3(3-0-6)
 
 Fundamentals of Agriculture
 
 
 
 *CP 413 401 การประยุกต์ใช้งานปัญญาประดิษฐ์ในการเกษตร
 
 7(5-4-12)
 
 Artificial Intelligence Application in Agriculture
 
 
 
 (4) กลุ่มวิชาการประยุกต์ใช้ปัญญาประดิษฐ์ด้านธุรกิจและการบัญชี
 
 *CP 413 500 หลักมูลธุรกิจ
 
 2(2-0-4)
 
 Fundamentals of Business
 
 
 
 *CP 413 501 การประยุกต์ใช้งานปัญญาประดิษฐ์ในธุรกิจ
 
 8(6-4-14)
 
 Artificial Intelligence Application in Business
 
 (5) กลุ่มวิชาการประยุกต์ใช้ปัญญาประดิษฐ์ด้านการบริหารกิจการสาธารณะ
 
 *CP 413 600 หลักมูลการบริการสาธารณะ
 
 3(3-0-6)
 
 Fundamental of Public Affairs
 
 
 
 *CP 413 601 การประยุกต์ใช้งานปัญญาประดิษฐ์ในกิจการสาธารณะ
 
 7(5-4-12)
 
 Application of Artificial Intelligence in Public Affairs"
ใน AI จำนวนหน่วยกิตตลอดหลักสูตรเป็นเท่าไหร่,"3.1 จ านวนหน่วยกิต
 
 
 
 จ านวนหน่วยกิตรวมตลอดหลักสูตร
 
 
 
 126 หน่วยกิต"
ใน IT นักศึกษาชั้นปีที่ 1 ภาคเรียนที่ 1 ต้องลงทะเบียนรายวิชาใด,"ปีที่ 1 ภาคการศึกษาที่ 1
 
 หน่วยกิต
 
 
 
 **LI 101 001 ภาษาอังกฤษ 1
 
 3(3-0-6)
 
 
 
 English I
 
 
 
 **GE 141 166 ศาสตร์ของความสุข
 
 3(3-0-6)
 
 
 
 Science of Happiness
 
 
 
 **GE 151 144 พหุวัฒนธรรม
 
 3(3-0-6)
 
 
 
 Multiculturalism
 
 
 
 **GE 321 415 ทักษะการเรียนรู้
 
 3(3-0-6)
 
 
 
 Learning Skills
 
 
 
 **SC 361 001 ความบันดาลใจในวิชาชีพเทคโนโลยีสารสนเทศ
 
 1(0-2-1)
 
 
 
 Inspiration in IT Career
 
 
 
 **SC 361 002 การเขียนโปรแกรมเชิงโครงสร้างส าหรับเทคโนโลยีสารสนเทศ
 
 3(2-2-5)
 
 
 
 Structured Programming for Information Technology
 
 
 
 **SC 602 001 สถิติขั้นต้น
 
 3(3-0-6)
 
 
 
 Introduction to Statistics
 
 
 
 รวมจ านวนหน่วยกิตลงทะเบียนเรียน 19
 
 หน่วยกิต"
ใน IT ตอนปี 1 เทอม 2 เราต้องลงอะไรบ้างอะ,"ปีที่ 1 ภาคการศึกษาที่ 2
 
 หน่วยกิต
 
 
 
 **LI 101 002 ภาษาอังกฤษ 2
 
 3(3-0-6)
 
 
 
 English II
 
 
 
 **SC 002 104 วิทยาศาสตร์กายภาพ
 
 3(3-0-6)
 
 
 
 Physical Science
 
 
 
 **SC 401 006 คณิตศาสตร์ทั่วไป
 
 3(3-0-6)
 
 
 
 General Mathematics
 
 
 
 **GE 153 158 วิถีชีวิตชุมชนและการเรียนรู้ชุมชน
 
 3(1-6-4)
 
 
 
 Community Ways of Life and Community Learning
 
 
 
 **SC 361 003 แนวคิดและการเขียนโปรแกรมเชิงวัตถุ
 
 3(2-2-5)
 
 
 
 Object Oriented Concepts and Programming
 
 
 
 **SC 361 004 การโต้ตอบระหว่างมนุษย์กับคอมพิวเตอร์
 
 3(2-2-5)
 
 
 
 Human-Computer Interaction
 
 
 
 **SC 361 005 องค์ประกอบและสถาปัตยกรรมคอมพิวเตอร์ขั้นแนะน า
 
 3(2-2-5)
 
 
 
 Introduction to Computer Organization and
 
 Architecture
 
 
 
 รวมจ านวนหน่วยกิตลงทะเบียนเรียน 21 หน่วยกิต"
ใน IT ขอแผนการเรียนปี 2 เทอม 1 หน่อยครับ,"ปีที่ 2 ภาคการศึกษาที่ 1
 หน่วยกิต
 
 **LI 102 003 ภาษาอังกฤษ 3
 3(3-0-6)
 
 English III
 
 **SC 362 001 ระบบปฏิบัติการ
 3(2-2-5)
 
 Operating Systems
 
 **SC 362 002 ขั้นตอนวิธีและโครงสร้างข้อมูล
 3(2-2-5)
 
 Algorithms and Data Structures
 **SC 362 003 เครือข่ายคอมพิวเตอร์ขั้นแนะน า
 3(2-2-5)
 
 Introduction to Computer Networking
 
 **SC 362 004 การเขียนโปรแกรมประยุกต์บนเว็บ
 3(2-2-5)
 
 Web Application Programming
 
 **SC 362 005 การวิเคราะห์และออกแบบฐานข้อมูล
 3(2-2-5)
 
 Database Analysis and Design
 
 SC 36X XXX วิชาเลือก
 3 หน่วยกิต
 
 Elective Course
 
 รวมจ านวนหน่วยกิตลงทะเบียนเรียน 21 หน่วยกิต"
ใน IT ขอแผนการเรียนของปี 3 ภาคการศึกษาที่ 1 หน่อย,"ปีที่ 3 ภาคการศึกษาที่ 1
 
 หน่วยกิต
 
 
 
 **GE 363 789 ผู้ประกอบการสร้างสรรค์
 
 3(2-2-5)
 
 
 
 Creative Entrepreneurs
 
 
 
 **SC 363 762 ระเบียบวิธีวิจัย
 
 3(3-0-6)
 
 
 
 Research Methodology
 
 
 
 **SC 363 001 การวิเคราะห์และออกแบบระบบ
 
 3(2-2-5)
 
 
 
 System Analysis and Design
 
 
 
 **SC 363 002 การจัดการเชิงกลยุทธ์เทคโนโลยีสารสนเทศ
 
 3(2-2-5)
 
 
 
 Strategic Management of Information Technology
 
 
 
 **SC 363 003 วิชาชีพเทคโนโลยีสารสนเทศ
 
 3(2-2-5)
 
 
 
 Information Technology Profession
 
 
 
 SC 36X XXX วิชาเลือก
 
 3 หน่วยกิต
 
 Elective Course
 
 
 
 **SC 002 001 การเตรียมความพร้อมก่อนปฏิบัติงานสหกิจศึกษาส าหรับ
 
 นักศึกษาคณะวิทยาศาสตร์
 
 1(0-2-2)
 
 (ไม่นับหน่วยกิต)
 
 
 
 Orientation to Co-Operative Education for Science
 
 Students
 
 
 
 หมายเหตุ: นักศึกษาที่จะลงทะเบียนวิชา SC 364 785 สหกิจศึกษาทางเทคโนโลยีสารสนเทศ ให้ลงทะเบียน
 
 รายวิชา SC 002 001 การเตรียมความพร้อมก่อนปฏิบัติงานสหกิจศึกษาฯ
 
 
 
 รวมจ านวนหน่วยกิตลงทะเบียนเรียน 18 หน่วยกิต"
ใน IT ขอดูแผนการเรียนของปี 4 เทอม 2 ของทุกแบบ,"ปีที่ 4 ภาคการศึกษาที่ 2
 
 
 
 แบบเลือกเรียนวิชาโครงงานทางเทคโนโลยีสารสนเทศ
 
 แบบเลือกเรียนวิชาสหกิจศึกษา
 
 
 
 **SC 364 772 โครงงานทางเทคโนโลยี
 
 สารสนเทศ 2
 
 Information
 
 Technology Project II
 
 3(0-6-3)
 
 **SC 364 785
 
 สหกิจศึกษาทาง
 
 เทคโนโลยี
 
 สารสนเทศ
 
 Co-Operative
 
 Education in
 
 Information
 
 Technology
 
 6(0-18-9)
 
 
 
 รวมจ านวนหน่วยกิตลงทะเบียนเรียน 3 หน่วยกิต
 
 รวมจ านวนหน่วยกิตลงทะเบียนเรียน 6 หน่วยกิต
 
 รวมจ านวนหน่วยกิตสะสม 121 หน่วยกิต
 
 รวมจ านวนหน่วยกิตสะสม 121 หน่วยกิต"
ใน IT วิชา Operating Systems เราจะได้เรียนตอนไหน,"ปีที่ 2 ภาคการศึกษาที่ 1
 หน่วยกิต
 
 **LI 102 003 ภาษาอังกฤษ 3
 3(3-0-6)
 
 English III
 
 **SC 362 001 ระบบปฏิบัติการ
 3(2-2-5)
 
 Operating Systems
 
 **SC 362 002 ขั้นตอนวิธีและโครงสร้างข้อมูล
 3(2-2-5)
 
 Algorithms and Data Structures
 **SC 362 003 เครือข่ายคอมพิวเตอร์ขั้นแนะน า
 3(2-2-5)
 
 Introduction to Computer Networking
 
 **SC 362 004 การเขียนโปรแกรมประยุกต์บนเว็บ
 3(2-2-5)
 
 Web Application Programming
 
 **SC 362 005 การวิเคราะห์และออกแบบฐานข้อมูล
 3(2-2-5)
 
 Database Analysis and Design
 
 SC 36X XXX วิชาเลือก
 3 หน่วยกิต
 
 Elective Course
 
 รวมจ านวนหน่วยกิตลงทะเบียนเรียน 21 หน่วยกิต"
ใน IT วิชา SC 363 003 เราจะได้เรียนตอนไหน,"ปีที่ 3 ภาคการศึกษาที่ 1
 หน่วยกิต
 
 **GE 363 789 ผู้ประกอบการสร้างสรรค์
 3(2-2-5)
 
 Creative Entrepreneurs
 
 **SC 363 762 ระเบียบวิธีวิจัย
 3(3-0-6)
 
 Research Methodology
 
 **SC 363 001 การวิเคราะห์และออกแบบระบบ
 3(2-2-5)
 
 System Analysis and Design
 
 **SC 363 002 การจัดการเชิงกลยุทธ์เทคโนโลยีสารสนเทศ
 3(2-2-5)
 
 Strategic Management of Information Technology
 
 **SC 363 003 วิชาชีพเทคโนโลยีสารสนเทศ
 3(2-2-5)
 
 Information Technology Profession
 
 SC 36X XXX วิชาเลือก
 3 หน่วยกิต
 Elective Course
 
 **SC 002 001 การเตรียมความพร้อมก่อนปฏิบัติงานสหกิจศึกษาส าหรับ
 นักศึกษาคณะวิทยาศาสตร์
 1(0-2-2)
 (ไม่นับหน่วยกิต)
 
 Orientation to Co-Operative Education for Science
 Students
 
 หมายเหตุ: นักศึกษาที่จะลงทะเบียนวิชา SC 364 785 สหกิจศึกษาทางเทคโนโลยีสารสนเทศ ให้ลงทะเบียน
 รายวิชา SC 002 001 การเตรียมความพร้อมก่อนปฏิบัติงานสหกิจศึกษาฯ
 
 รวมจ านวนหน่วยกิตลงทะเบียนเรียน 18 หน่วยกิต"
ใน IT เราจะได้เรียนวิชา SC 362 004 Web Application Programming ตอนปีไหน,"ปีที่ 2 ภาคการศึกษาที่ 1
 หน่วยกิต
 
 **LI 102 003 ภาษาอังกฤษ 3
 3(3-0-6)
 
 English III
 
 **SC 362 001 ระบบปฏิบัติการ
 3(2-2-5)
 
 Operating Systems
 
 **SC 362 002 ขั้นตอนวิธีและโครงสร้างข้อมูล
 3(2-2-5)
 
 Algorithms and Data Structures
 **SC 362 003 เครือข่ายคอมพิวเตอร์ขั้นแนะน า
 3(2-2-5)
 
 Introduction to Computer Networking
 
 **SC 362 004 การเขียนโปรแกรมประยุกต์บนเว็บ
 3(2-2-5)
 
 Web Application Programming
 
 **SC 362 005 การวิเคราะห์และออกแบบฐานข้อมูล
 3(2-2-5)
 
 Database Analysis and Design
 
 SC 36X XXX วิชาเลือก
 3 หน่วยกิต
 
 Elective Course
 
 รวมจ านวนหน่วยกิตลงทะเบียนเรียน 21 หน่วยกิต"
ใน IT เราจะได้เรียนวิชา SC 363 762 Research Methodology ตอนปีไหน,"ปีที่ 3 ภาคการศึกษาที่ 1
 หน่วยกิต
 
 **GE 363 789 ผู้ประกอบการสร้างสรรค์
 3(2-2-5)
 
 Creative Entrepreneurs
 
 **SC 363 762 ระเบียบวิธีวิจัย
 3(3-0-6)
 
 Research Methodology
 
 **SC 363 001 การวิเคราะห์และออกแบบระบบ
 3(2-2-5)
 
 System Analysis and Design
 
 **SC 363 002 การจัดการเชิงกลยุทธ์เทคโนโลยีสารสนเทศ
 3(2-2-5)
 
 Strategic Management of Information Technology
 
 **SC 363 003 วิชาชีพเทคโนโลยีสารสนเทศ
 3(2-2-5)
 
 Information Technology Profession
 
 SC 36X XXX วิชาเลือก
 3 หน่วยกิต
 Elective Course
 
 **SC 002 001 การเตรียมความพร้อมก่อนปฏิบัติงานสหกิจศึกษาส าหรับ
 นักศึกษาคณะวิทยาศาสตร์
 1(0-2-2)
 (ไม่นับหน่วยกิต)
 
 Orientation to Co-Operative Education for Science
 Students
 
 หมายเหตุ: นักศึกษาที่จะลงทะเบียนวิชา SC 364 785 สหกิจศึกษาทางเทคโนโลยีสารสนเทศ ให้ลงทะเบียน
 รายวิชา SC 002 001 การเตรียมความพร้อมก่อนปฏิบัติงานสหกิจศึกษาฯ
 
 รวมจ านวนหน่วยกิตลงทะเบียนเรียน 18 หน่วยกิต"
ใน IT วิชา SC 362 006 Information and Communication Technology Security คือวิชาอะไร,"SC 362 006 ความมั่นคงเทคโนโลยีสารสนเทศและการสื่อสาร
 
 Information and Communication Technology Security
 
 3(2-2-5)
 
 
 
 เงื่อนไขของรายวิชา : ไม่มี
 
 
 
 ความมั่นคงคอมพิวเตอร์และเทคโนโลยีสารสนเทศและการสื่อสารขั้นแนะน า การวิเคราะห์
 
 ความเสี่ยงขั้นแนะน า แนะน าเทคนิคการเข้ารหัส แนะน าทฤษฎีตัวเลข รหัสกุญแจสาธารณะและ
 
 ส่วนตัว การจัดการกุญแจ ฟังก์ชั่นแฮช ลายเซ็นดิจิตอล การพิสูจน์ทราบตัวตน ตัวอย่างความมั่นคง
 
 โปรแกรมประยุกต์ ความมั่นคงโพรโทคอลอินเทอร์เน็ต เครือข่ายส่วนบุคคลเสมือน ไฟร์วอลล์
 
 ตัวอย่างการโจมตีและการป้องกันความมั่นคง แนะน าจริยธรรมคอมพิวเตอร์ แนะน ากฎหมาย
 
 อาชญากรรมคอมพิวเตอร์
 
 
 
 Introduction to computer and information and communication technology
 
 security, introduction to risk analysis, introduction to encryption techniques,
 
 introduction to number theory, public and private key, key management, hash
 
 function, digital signature, authentication, application security examples, internet
 
 protocol security, virtual private networks, firewall, security attack and protection
 
 examples, introduction to computer ethic, introduction to computer security law"
ใน IT วิชา SC 362 102 Software Engineering คือวิชาอะไร,"SC 362 102 วิศวกรรมซอฟต์แวร์
 
 Software Engineering
 
 3(2-2-5)
 
 
 
 เงื่อนไขของรายวิชา : ไม่มี
 
 
 
 ภาพรวมวิศวกรรมซอฟต์แวร์ แบบจ าลองกระบวนการผลิตซอฟต์แวร์ วิศวกรรมระบบ
 
 การบริหารจัดการโครงการผลิตซอฟต์แวร์ วิศวกรรมความต้องการ แบบจ าลองการวิเคราะห์
 
 แบบจ าลองเชิงวัตถุ วิศวกรรมการออกแบบ การออกแบบส่วนประสานงานผู้ใช้ การทดสอบและ
 
 บ ารุงรักษาซอฟต์แวร์ การประมาณค่าใช้จ่ายซอฟต์แวร์ การจัดการความเสี่ยง
 
 
 
 Overview of software engineering, software process model, system
 
 engineering, software project management, requirement engineering, analysis model,
 
 object oriented model, design engineering, user interface design, software testing and
 
 maiantenance, software cost estimation, risk management"
ใน IT วิชา SC 363 307 Digital Forensics คือวิชาอะไร,"SC 363 307 นิติเวชดิจิทัล
 
 Digital Forensics
 
 3(2-2-5)
 
 
 
 เงื่อนไขของรายวิชา : ไม่มี
 
 
 
 การตรวจสอบดิจิทัล หลักฐานดิจิทัล การวิเคราะห์และกู้คืนระบบไฟล์ การวิเคราะห์สื่อ การ
 
 ซ่อนข้อมูล การวิเคราะห์การติดตามและกู้คืน นิติเวชแอปพลิเคชัน นิติเวชฐานข้อมูล นิติเวช
 
 เครือข่าย นิติเวชอุปกรณ์เคลื่อนที่ เครื่องมือและซอฟต์แวร์นิติเวช รายงานนิติเวช ประเด็นกฎหมาย
 
 ทางนิติเวชดิจิทัล
 
 
 
 Digital investigation, digital evidence, file system analysis and recovery, media
 
 analysis, information hiding, trace and recovery analysis, application forensics,
 
 database forensics, network forensics, mobile device forensics, forensic software and
 
 tool, forensic report, legal issue in digital forensics"
ใน IT วิชา SC 362 001 Operating Systems คือวิชาอะไร,"SC 362 001 ระบบปฏิบัติการ
 
 Operating Systems
 
 3(2-2-5)
 
 
 
 เงื่อนไขของรายวิชา : 342 161 หรือ 342 162 หรือ SC 361 005
 
 หรือ 322 114
 
 
 
 ระบบปฏิบัติการขั้นแนะน า การจัดการกระบวนการ กระบวนการ การจัดก าหนดการซีพียู
 
 การประสานเวลากระบวนการ การติดตาย การจัดการหน่วยเก็บข้อมูล การจัดการหน่วยความจ า
 
 หน่วยความจ าเสมือน การจัดการหน่วยเก็บรอง ระบบแฟ้มและการอารักขา ระบบแบบกระจายขั้น
 
 แนะน า และการปฏิบัติบนระบบปฏิบัติการ
 
 
 
 Introduction to operating system, process management, process, CPU
 
 scheduling, process synchronization, deadlock, storage management, memory
 
 management, virtual memory, secondary storage management, file and protection
 
 system, introduction to distributed system and operating system laboratories"
ใน IT วิชา SC 362 101 Business Information Systems คือวิชาอะไร,"SC 362 101 ระบบสารสนเทศทางธุรกิจ
 
 Business Information Systems
 
 3(2-2-5)
 
 
 
 เงื่อนไขของรายวิชา : ไม่มี
 
 
 
 แนะน าองค์ประกอบพื้นฐานของระบบสารสนเทศ บทบาทของระบบสารสนเทศในองค์กร
 
 ประเภทของระบบสารสนเทศ การใช้ระบบสารสนเทศเพื่อการด าเนินงานทางธุรกิจ ระบบ
 
 สารสนเทศเชิงกลยุทธ์ ระบบสารสนเทศเพื่อสนับสนุนการตัดสินใจ ระบบสารสนเทศเพื่อสร้างความ
 
 ได้เปรียบในการแข่งขัน กรณีศึกษาต่าง ๆ ในการน าระบบสารสนเทศมาใช้ในองค์กร
 
 Introduction to key components of information systems, roles of information
 
 system in organization, types of information systems, information systems for business
 
 operations, strategic information systems, information systems for decision support,
 
 information systems for competitive advantage, case studies of applying information
 
 systems in organizations"
ใน IT วิชา Content Management System คือวิชาอะไร,"SC 362 203 ระบบการจัดการเนื้อหา
 
 Content Management System
 
 3(2-2-5)
 
 
 
 เงื่อนไขของรายวิชา : ไม่มี
 
 
 
 พื้นฐานการจัดการเนื้อหา, การเตรียมเนื้อหาบนเว็บไซต์ การวางแผนโครงสร้างเว็บไซต์, การ
 
 ท าภาพเพื่อเว็บไซต์, การท า flash banner และ flash gallery ส าหรับเว็บไซต์ การสร้าง Meta
 
 tags, โปรแกรมประยุกต์ส าหรับระบบการจัดการเนื้อหา, Jommla, Drupal, Wordpress และ
 
 Mambo
 
 
 
 Fundamental of content management: content preparation on website,
 
 planning website structure, image for website, flash banner, flash gallery, meta tags,
 
 CMS applications: jommla, drupal, wordpress, mambo"
ใน IT ขอรายละเอียดวิชา SC 363 303 Cybersecurity Emerging Technology หน่อย,"SC 363 303 เทคโนโลยีความมั่นคงปลอดภัยไซเบอร์เกิดใหม่
 Cybersecurity Emerging Technology
 3(2-2-5)
 
 เงื่อนไขของรายวิชา : ไม่มี
 
 ความท้าทายเกิดขึ้นใหม่ทางความมั่นคงไซเบอร์ การวิเคราะห์ความมั่นคง การวิเคราะห์
 มัลแวร์ การวิเคราะห์ระบบและเครือข่าย ความแข็งแกร่งระบบ การทดสอบเจาะระบบ การป้องกัน
 ระบบและเครือข่าย ความมั่นคงกลุ่มเมฆ ความมั่นคงไอโอที การป้องกันข้อมูลส่วนบุคคล
 
 Cybersecurity emerging challenge, security analysis, malware analysis, system
 and network analysis, system hardening, penetration testing, system and network
 defense, cloud security, IoT security, personal data protection"
ใน IT ขอรายละเอียดของวิชา SC 363 306 Blockchain and Cryptocurrency Technology หน่อย,"SC 363 306 เทคโนโลยีบล็อกเชนและสกุลเงินเข้ารหัส
 Blockchain and Cryptocurrency Technology
 3(2-2-5)
 
 เงื่อนไขของรายวิชา : ไม่มี
 
 แนะน าการเข้ารหัสและสกุลเงินเข้ารหัส บล็อกเชน เครือข่ายเพื่อนไปเพื่อนแบบกระจาย
 เล็ดเจอร์แบบกระจาย การแลกเปลี่ยนและธุรกรรม ประเด็นความเป็นส่วนตัว ประเด็น
 ความสามารถในการปรับขยาย แพลตฟอร์มบล็อกเชน การวิเคราะห์ทฤษฎีเกมส์ บิทคอยน์ ความมั่ง
 คงและแอปพลิเคชันบิทคอยน์ การท าเหมือนบิทคอยน์ โพรโทคอลฉันทามติ สกุลเงินแบบไม่เป็น
 ศูนย์กลาง อีเทอร์เรียม สัญญาอัจฉริยะ ตัวอย่างของเหรียญ กระเป๋าเงิน
 
 Introduction to cryptography and cryptocurrency, blockchain, distributed peer-
 to- peer network, distributed ledger, transaction and exchange, privacy issue,
 scalability issue, blockchain platform, game theoretic analysis, bitcoin, bitcoin
 applications and security, bitcoin mining, consensus protocol, decentralized currency,
 Ethereum, smart contract, examples of coin, wallet"
ใน IT ขอรายละเอียดของวิชา SC 363 304 หน่อย,"SC 363 304 ระบบค านวณแบบขนานและกระจาย
 Parallel and Distributed Computing System
 3(2-2-5)
 
 เงื่อนไขของรายวิชา : ไม่มี
 
 แนวคิดและพื้นฐานการประมวลผลแบบขนานและกระจาย สถาบัตยกรรมตัวประมวลผล
 แบบพหุคูณ คอมพิวเตอร์สมรรถนะสูง การประมวลผลแบ่งกลุ่ม สถาปัตยกรรมจีพียู ระบบ
 แฟ้มข้อมูลแบบกระจายตัว ตัวแปรแบบขนานและภาษาแบบขนาน เอ็มพีไอ แมพรีดิวส์ การ
 ค านวณเมทริกซ์ การจ าลองเสมือนและตัวบรรจุ การจ าลองเสมือนแม่ข่าย การจ าลองเสมือน
 เครือข่าย การออกแบบและการพัฒนาโปรแกรมแบบขนาน แบบจ าลองการเขียนโปรแกรมขนาน
 การแก้ที่ผิดและการประเมินผลสมรรถนะการท างานของโปรแกรมแบบขนาน
 
 Concept and fundamental of parallel and distributed computing, multi-
 processor architecture, high performance computer, cluster computing, GPU
 architecture, distributed file system, parallel compiler and language, MPI, MapReduce,
 matrix computation, virtualization and container, server virtualization, network
 virtualization, design and development of parallel program, parallel programming
 model, debugging and performance evaluation of parallel program"
ใน IT ขอรายละเอียดวิชา SC 362 103 Data Mining หน่อย,"SC 362 103 การท าเหมืองข้อมูล
 Data Mining
 3(2-2-5)
 
 เงื่อนไขของรายวิชา : ไม่มี
 
 วิวัฒนการการท าเหมืองข้อมูล, แอปพลิเคชันคลังข้อมูล, การเตรียมเหมืองข้อมูล, การท า
 เหมืองความสัมพันธ์, การท าเหมืองโดยต้นไม้ตัดสินใจ, การปัจจัยด้วยเครือข่ายแบบเบย์, การ
 วิเคราะห์การจัดกลุ่มข้อมูล, การจัดกลุ่มเชิงอินแสตนต์
 
 Evolution of data mining, data warehouse application, data preprocessing,
 association mining, decision tree, baysian network, cluster analysis, instance clustering"
ใน IT วิชา SC 401 006 General Mathematics คือวิชาอะไร,"SC 401 006 คณิตศาสตร์ทั่วไป
 
 General Mathematics
 
 3(3-0-6)
 
 
 
 เงื่อนไขของรายวิชา : ไม่มี
 
 
 
 เวกเตอร์และเรขาคณิตวิเคราะห์ในปริภูมิ 3 มิติ เมทริกซ์ ระบบสมการเชิงเส้น ลิมิตและ
 
 ความต่อเนื่อง อนุพันธ์และการประยุกต์ ปริพันธ์และการประยุกต์
 
 
 
 Vectors and analytical geometry in 3 dimensional spaces, matrices, systems of
 
 linear equations, limits and continuity, derivatives and applications, integrals and
 
 applications"
ใน IT วิชา SC 363 301 System Administrationand Maintenance คือวิชาอะไร,"SC 363 301 การบริหารและบ ารุงรักษาระบบ
 
 System Administrationand Maintenance
 
 3(2-2-5)
 
 
 
 เงื่อนไขของรายวิชา : ไม่มี
 
 
 
 การบริหารระบบปฏิบัติการและสถาปัตยกรรม การติดตั้งระบบปฏิบัติการ การบริหารบัญชี
 
 ผู้ใช้และกลุ่มผู้ใช้ การบริหารจัดการแฟ้มและการเข้าถึงสารบบ การปรับระบบให้เป็นปัจจุบัน การ
 
 บ ารุงรักษา การส ารองและการกู้คืน การจัดการความมั่นคง การติดตั้งและบริหารบริการแม่ข่าย การ
 
 บริหารจัดการศูนย์ข้อมูลขั้นแนะน า การตรวจสอบและเพิ่มประสิทธิภาพ
 
 
 
 Operating systems management and architecture, operating system
 
 installation, user and group administration, file and directory access management,
 
 system update, maintenance, backup and restoration, security management, server
 
 service installation and administration, introduction to data center facility
 
 management, performance monitoring and optimization"
ใน IT วิชา SC 363 202 คือวิชาอะไร,"SC 363 202 เทคโนโลยีเว็บแบบสื่อความหมาย
 
 Semantic Web Technology
 
 3(2-2-5)
 
 
 
 เงื่อนไขของรายวิชา : ไม่มี
 
 
 
 เทคโนโลยีเว็บแบบสื่อความหมายขั้นแนะน า เอกสารเว็บที่มีโครงสร้างในรูปแบบของ XML
 
 การอธิบายทรัพยากรบนเว็บด้วย RDF แนวคิดเกี่ยวกับออนโทโลยี ภาษา OWL ที่ใช้อธิบายเว็บออน
 
 โทโลยี ความสามารถในการสืบค้นและการอนุมาน การประยุกต์ใช้งานเทคโนโลยีเว็บแบบสื่อ
 
 ความหมาย
 
 
 
 Introduction to semantic web technologies, structured web document in XML,
 
 describing web resources in RDF, ontology concept, OWL-ontology web language,
 
 query and reasoning capability, applications for semantic web technologies"
ใน IT วิชา Business Intelligence System คือวิชาอะไร,"SC 363 102 ระบบธุรกิจอัจฉริยะ
 
 Business Intelligence System
 
 3(2-2-5)
 
 
 
 เงื่อนไขของรายวิชา : ไม่มี
 
 
 
 แนวคิดพื้นฐานเกี่ยวกับระบบธุรกิจอัจฉริยะ สถาปัตยกรรมของระบบธุรกิจอัจฉริยะ แนวคิด
 
 พื้นฐานเกี่ยวกับระบบสนับสนุนการตัดสินใจ คลังข้อมูลขั้นแนะน า การออกแบบคลังข้อมูล การ
 
 วิเคราะห์ข้อมูลทางธุรกิจเบื้องต้น รูปแบบของการวิเคราะห์ข้อมูล รายงานทางธุรกิจ การน าเสนอ
 
 ข้อมูลโดยภาพ การประยุกต์ใช้ระบบธุรกิจอัจฉริยะ กรณีศึกษาต่าง ๆ ในการน าระบบธุรกิจอัจฉริยะ
 
 มาใช้ในองค์กร
 
 
 
 Basic concepts of business intelligence, the architecture of business
 
 intelligence, basic concepts of decision support system, introduction to data
 
 warehousing, data warehouse design, fundamental of business analysis, types of
 
 analysis, business report, data visualization, business intelligence applications, case
 
 studies of applying business intelligence in organizations"
ใน IT วิชา SC 363 003 Information Technology Profession คือวิชาอะไร,"SC 363 003 วิชาชีพเทคโนโลยีสารสนเทศ
 
 Information Technology Profession
 
 3(3-0-6)
 
 
 
 เงื่อนไขของรายวิชา: 342 162 หรือ SC 361 005 หรือ 322 123 หรือ
 
 322 113
 
 
 
 กิจการองค์กรและกฎหมายกลยุทธ์ทางธุรกิจกลยุทธ์ระบบการพัฒนาเทคโนโลยีการจัดการ
 
 โครงการการจัดการบริการทฤษฎีพื้นฐานของเทคโนโลยีระบบคอมพิวเตอร์องค์ประกอบทางด้าน
 
 เทคนิค
 
 
 
 Corporate and legal affairs, Business strategy,System strategy, Development
 
 technology, Project management, Service management, Basic theory, Computer
 
 system, Technology element"
ใน IT วิชา SC 362 303 Big Data Technology คือวิชาอะไร,"SC 362 303 เทคโนโลยีส าหรับข้อมูลมหัต
 
 Big Data Technology
 
 3(2-2-5)
 
 
 
 เงื่อนไขของรายวิชา : ไม่มี
 
 
 
 ภาพรวมของเทคโนโลยีส าหรับข้อมูลมหัต แพลตฟอร์มข้อมูลมหัต การประมวลผลข้อมูล
 
 มหัต การจัดการข้อมูลมหัต การวิเคราะห์ข้อมูลมหัต กรณีศึกษาโปรแกรมจัดการข้อมูลมหัต
 
 
 
 An overview of big data technology, big data platform, processing big data,
 
 managing big data, analyzing big data, big data application case studies"
ใน IT วิชา SC 363 104 คือวิชาอะไร,"SC 363 104 พาณิชย์อิเล็กทรอนิกส์และโปรแกรมประยุกต์
 
 Electronic Commerce and Applications
 
 3(2-2-5)
 
 
 
 เงื่อนไขของรายวิชา : ไม่มี
 
 
 
 การพาณิชย์อิเล็กทรอนิกส์ขั้นแนะน า ค าศัพท์ของธุรกิจอิเล็กทรอนิกส์ หลักมูลการพาณิชย์
 
 อิเล็กทรอนิกส์ โครงสร้างพื้นฐานการพาณิชย์อิเล็กทรอนิกส์ เครื่องมือฐานเว็บส าหรับพาณิชย์
 
 อิเล็กทรอนิกส์ ซอฟต์แวร์การพาณิชย์อิเล็กทรอนิกส์ ภาษาโปรแกรมบนเว็บ การคุกคามความมั่นคง
 
 ของการพาณิชย์อิเล็กทรอนิกส์ การท าให้เกิดความมั่นคงในการพาณิชย์อิเล็กทรอนิกส์ ระบบการ
 
 ช าระเงินอิเล็กทรอนิกส์ กลยุทธ์ทางการตลาด การขาย การโฆษณาและการส่งเสริมการขาย กล
 
 ยุทธ์ส าหรับการซื้อและการสนับสนุน การปรับเปลี่ยนข้อมูลอิเล็กทรอนิกส์ สภาวะแวดล้อมการ
 
 พาณิชย์อิเล็กทรอนิกส์ กฎหมาย จรรยาบรรณ และภาษี การวางแผนธุรกิจส าหรับท าให้การพาณิชย์
 
 อิเล็กทรอนิกส์เกิดผล ระบบส านักงานส่วนเหลือเพื่อสนับสนุนพาณิชย์อิเล็กทรอนิกส์
 
 
 
 Introduction of electronic commerce, electronic business terminology,
 
 fundamental of electronic commerce, infrastructure for electronic commerce, web-
 
 based tools for electronic commerce, electronic commerce software, programming
 
 languages of the web, security threats to electronic commerce, implementing security
 
 for electronic commerce, electronic payment systems, strategies for marketing, sales,
 
 advertising and promotion, strategies for purchasing and support activities, electronic
 
 data interchange, environment of electronic commerce, legal, ethical, and tax issues,
 
 business plan for implementing electronic commerce, back office systems for
 
 supporting electronic commerce"
ใน IT ขอรายละเอียดวิชา SC 361 005 หน่อย,"SC 361 005 องค์ประกอบและสถาปัตยกรรมคอมพิวเตอร์ขั้นแนะน า
 Introduction to Computer Organization and Architecture
 3(2-2-5)
 
 เงื่อนไขของรายวิชา : ไม่มี
 
 องค์ประกอบฮาร์ดแวร์ของระบบคอมพิวเตอร์ประกอบด้วย หน่วยประมวลผลกลาง
 หน่วยความจ า หน่วยควบคุมและอุปกรณ์ไอ/โอ การเข้ารหัสและการแทนตัวเลข ตรรกะเชิงดิจิทัล
 เกี่ยวกับเกตและพีชคณิตบูลลีน วงจรตรรกะเชิงดิจิทัลแบบพื้นฐาน หน่วยความจ า เช่น ฟลิป-ฟลอป
 และรีจีสเตอร์ เป็นต้น ภาษาเครื่องเชิงแบบแผนประกอบด้วย รูปแบบค าสั่ง โครงสร้างที่อยู่ ชนิดของ
 ค าสั่ง การควบคุมกระแสค าสั่ง ระบบซอฟต์แวร์ เช่น ภาษาและตัวแปล ชุดค าสั่งบรรจุ ตัวเชื่อมโยง
 ระบบปฏิบัติการ การเขียนชุดค าสั่งไมโคร
 Hardware components of computer systems including the central processing
 unit, the memory unit, the control unit and I/O devices, coding and representation
 of numbers, the digital logic related to gates and Boolean algebra, basic digital logic
 circuits, memory i.e. flip-flop and register etc, conventional machine language
 including instruction format, address structure, instruction types and flow of control,
 system software such as languages and translators, loaders, linker, operating system,
 microprogramming"
ใน IT วิชา SC 402 401 Discrete Mathematics and Applications มีเงื่อนไขวิชาไหม,"SC 402 401 วิยุตคณิตและการประยุกต์
 
 Discrete Mathematics and Applications
 
 3(3-0-6)
 
 
 
 เงื่อนไขของรายวิชา : 323 241 หรือ รายวิชาที่เน้นการเขียนโปรแกรม
 
 คอมพิวเตอร์
 
 
 
 ตรรกศาสตร์ เซต ขั้นตอนวิธีทางทฤษฎีจ านวน อุปนัยเชิงคณิตศาสตร์ ขั้นตอนวิธีเวียน
 
 บังเกิด การนับ การสับเปลี่ยนและการจัดหมู่ ความน่าจะเป็น ค่าคาดหวัง เทคนิคการนับขั้นสูง
 
 ขั้นตอนวิธีแบ่งแยกแล้วเอาชนะ ความสัมพันธ์ แบบจ าลองทางกราฟ ต้นไม้ พีชคณิตบูลีน
 
 
 
 Logic, sets, algorithms of number theory, mathematical induction, recursive
 
 algorithm, counting, permutation and combination, probability, expected value,
 
 advanced counting techniques, divide- and- conquer algorithm, relations, graph
 
 models, tree, boolean algebra"
ใน IT วิชา SC 313 302 Internetworking มีเงื่อนไขรายวิชาไหม,"SC 313 302 การเชื่อมต่ออินเทอร์เน็ต
 
 Internetworking
 
 3(2-2-5)
 
 
 
 เงื่อนไขของรายวิชา : 322 326 หรือ 322 363 หรือ 342 222 หรือ
 
 SC 362 003
 
 
 
 เครือข่ายคอมพิวเตอร์และอินเทอร์เน็ต โพรโทคอลที่ใช้เลือกเส้นทาง การเลือกเส้นทาง
 
 แบบมัลติแคสท์และการควบคุมความแออัดบนอินเทอร์เน็ต การหลีกเลี่ยงความหนาแน่น การ
 
 จัดการแถวคอย การควบคุมการยอมให้เข้า และโพรโทคอลควบคุมการส่งข้อมูล การสนับสนุน
 
 สื่อผสมบนอินเทอร์เน็ต โพรโทคอลแบบทันทีและโพรโทคอลส าหรับการจองทรัพยากร หัวขัอขั้นสูง
 
 ในเครือข่ายคอมพิวเตอร์
 
 
 
 Computer networks and internet, routing protocols, multicast routing, and
 
 congestion control on internet, congestion avoidance, queue management,
 
 admission control, and transport control protocol, multimedia support on internet,
 
 real-time protocol and resource reservation protocol, advanced topics in computer
 
 networks"
ใน IT วิชา SC 361 003 Object Oriented Concepts and Programming มีเงื่อนไขรายวิชาไหม,"SC 361 003 แนวคิดและการเขียนโปรแกรมเชิงวัตถุ
 
 Object Oriented Concepts and Programming
 
 3(2-2-5)
 
 
 
 เงื่อนไขของรายวิชา : 342 117 หรือ SC 361 002
 
 
 
 แนวคิดเชิงวัตถุ การออกแบบวัตถุ วัตถุและคลาสการก าหนดค่าเริ่มต้นและการท าลายวัตถุ
 
 การก าหนดความรับผิดชอบ แนวคิดเชิงนามธรรม การห่อหุ้ม การสืบทอด การทับซ้อนและโอเวอร์
 
 โหลด ภาษาจาวาขั้นแนะน า แนวคิดการเขียนโปรแกรมของการเขียนโปรแกรมเชิงวัตถุ และการ
 
 เขียนโปรแกรมภาษาจาวา
 
 
 
 Object-oriented concepts, object design, object and class, object initialization
 
 and destroying, assignment responsibility, abstract concept, encapsulation,
 
 inheritance, override and overload, Introduction to Java programming, object-
 
 oriented programming concept and Java programming language"
ใน IT วิชา SC 361 004 Human-Computer Interaction มีเงื่อนไขรายวิชาไหม,"SC 361 004 การโต้ตอบระหว่างมนุษย์กับคอมพิวเตอร์
 
 Human-Computer Interaction
 
 3(2-2-5)
 
 
 
 เงื่อนไขของรายวิชา : ไม่มี
 
 
 
 แนวความคิดการโต้ตอบระหว่างมนุษย์กับคอมพิวเตอร์ในการออกแบบและการพัฒนาส่วน
 
 ต่อประสานกับผู้ใช้ แบบจ าลองการออกแบบส่วนต่อประสานกับผู้ใช้ ปัจจัยที่ส าคัญในกระบวนการ
 
 ออกแบบและการประเมินผลของการโต้ตอบระหว่างมนุษย์กับคอมพิวเตอร์ การออกแบบตัว
 
 ป้อนเข้าและส่วนแสดงผล ประเภทของการโต้ตอบ การพัฒนาคู่มือผู้ใช้และความช่วยเหลือ
 
 
 
 Concept of human- computer interaction in user interface design and
 
 development, user interface design model, important factors of design process and
 
 evaluation of human- computer interaction, input and output design, types of
 
 interaction, user manual development and help"
ใน IT วิชา SC 363 204 Java Web Application Development มีเงื่อนไขรายวิชาไหม,"SC 363 204 การพัฒนาโปรแกรมประยุกต์บนเว็บด้วยภาษาจาวา
 
 Java Web Application Development
 
 3(2-2-5)
 
 
 
 เงื่อนไขของรายวิชา : 342 117 และ 342 118 หรือ SC 361 002 และ SC 361
 
 003 หรือ 342 117 และ SC 361 003 หรือ 342 118 และ SC 361 002
 
 
 
 แนะน าการสร้างโปรแกรมประยุกต์บนเว็บด้วยภาษาจาวา พื้นฐานของ JSP และ Servlet
 
 การเขียนโปรแกรมด้วยภาษาจาวาเพื่อติดต่อฐานข้อมูลเชิงสัมพันธ์ ข้อมูลที่อยู่ในรูปแบบ XML และ
 
 JSON การสร้างเว็บเซอร์วิสไคลเอนต์และเซิร์ฟเวอร์ในรูปแบบของ SOAP และ REST
 
 
 
 Introduction of web application with Java, basic of JSP and Servlet, Java
 
 programming for connecting a relational database, XML format and JSON format,
 
 Creating client and server web service on SOAP and REST format"
ใน IT วิชา SC 363 201 XML Technologies and Applications กับวิชา SC 363 203 Web Services Technology ต่างกันยังไง,"SC 363 201 เทคโนโลยีเอ็กซ์เอ็มแอลและการประยุกต์
 
 XML Technologies and Applications
 
 3(2-2-5)
 
 
 
 เงื่อนไขของรายวิชา : ไม่มี
 
 
 
 ส่วนประกอบพื้นฐานของ XML วากยสัมพันธ์ การนิยามชนิดเอกสาร เค้าร่าง XML เค้า
 
 ร่าง XSD แบบจ าลองเอกสารและ XSLT ตัวแทนความหมายในเทอมของ RDF ตัวแบบ XML ที่ใช้
 
 ตรรกศาสตร์และทฤษฎี DDT ความสัมพันธ์กับฐานข้อมูล การประยุกต์ทางคณิตศาสตร์ ธุรกิจ และ
 
 ออนโทโลยี
 
 
 
 Basic components of XML: syntax, document type definition (DTD), XML
 
 schema, XML schema definition(XSD), document object model(DOM), XML style sheet
 
 language transformation ( XSLT) , semantics representation in terms of resource
 
 description framework (RDF), XML models using logic and declarative description
 
 theory (DDT), relationships with databases, applications in mathematics, business
 
 and ontology
 
 ===========================================================
 
 SC 363 203 เทคโนโลยีเว็บเซอร์วิส
 
 Web Services Technology
 
 3(2-2-5)
 
 
 
 เงื่อนไขของรายวิชา : ไม่มี
 
 
 
 การแนะน าเว็บเซอร์วิสกับโปรแกรมประยุกต์ต่างๆ โพรโตคอลมาตรฐานของระบบให้บริการ
 
 สถาปัตยกรรม SOA และเทคโนโลยีต่างๆ ภาษาอธิบายเว็บเซอร์วิส การเขียนโปรแกรมด้วย
 
 ภาษาด็อทเนท การประกอบเว็บเซอร์วิสกับธุรกิจอื่น โปรแกรมประยุกต์เว็บเซอร์วิส
 
 
 
 Introduction to web services and applications, standard protocol of services,
 
 SOA architecture and technologies, web services description language (WSDL), web
 
 services programming with . NET, composite web services, and web services
 
 applications"
ใน IT ขอวิชา SC 362 201 Web Design Technologies กับ วิชา SC 362 004 Web Application Programming คือวิชาอะไร,"SC 362 201 เทคโนโลยีการออกแบบเว็บ
 
 Web Design Technologies
 
 3(2-2-5)
 
 
 
 เงื่อนไขของรายวิชา : ไม่มี
 
 
 
 หลักการการออกแบบเว็บไซต์ การวางแผนการท าเว็บไซต์ การออกแบบเว็บไซต์ สภาวะ
 
 แวดล้อมที่ควรค านึงถึงในการออกแบบเว็บ การเลือกใช้ตัวอักษร การออกแบบการจัดวางหน้าเว็บ
 
 การใช้กราฟิกและการใช้สี การออกแบบเนื้อหา การวางแผนระบบน าทาง มัลติมีเดีย การพัฒนา
 
 เว็บไซต์ให้ทุกคนเข้าถึงได้ การออกแบบเว็บที่รองรับทุกอุปกรณ์ ภาษาเอชทีเอ็มแอล และแคสเคดดิ้ง
 
 สไตล์ชีท
 
 Web design concepts, planning the site, designing the site, Web design
 
 environment, creating Web typography, designing page layouts, incorporating graphics
 
 and color, designing content, planning site navigation, multimedia, Web accessibility,
 
 responsive Web design, HTML and CSS
 
 ===========================================================
 
 SC 362 004 การเขียนโปรแกรมประยุกต์บนเว็บ
 
 Web Application Programming
 
 3(2-2-5)
 
 
 
 เงื่อนไขของรายวิชา : 342 117 หรือ SC 361 002 หรือ
 
 และ 342 118 หรือ SC 361 003
 
 
 
 การสร้างเว็บเพจด้วยภาษาแอชทีเอ็มแอลและภาษาจาวาสคริปต์ การจัดรูปแบบด้วยซีเอส
 
 เอส (CSS) เจคิวรี่ การเขียนโปรแกรมบนเว็บเซิร์ฟเวอร์ด้วยภาษาพี เอ็ช พี
 
 
 
 Creating webpage with HTML and JavaScript, Cascading Style Sheet (CSS),
 
 jQuery, server-side script with PHP language
 
 applications"
ใน IT วิชา SC 363 102 Business Intelligence System กับวิชา SC 363 106 Enterprise Resource Planning System ต่างกันยังไง,"SC 363 102 ระบบธุรกิจอัจฉริยะ
 
 Business Intelligence System
 
 3(2-2-5)
 
 
 
 เงื่อนไขของรายวิชา : ไม่มี
 
 
 
 แนวคิดพื้นฐานเกี่ยวกับระบบธุรกิจอัจฉริยะ สถาปัตยกรรมของระบบธุรกิจอัจฉริยะ แนวคิด
 
 พื้นฐานเกี่ยวกับระบบสนับสนุนการตัดสินใจ คลังข้อมูลขั้นแนะน า การออกแบบคลังข้อมูล การ
 
 วิเคราะห์ข้อมูลทางธุรกิจเบื้องต้น รูปแบบของการวิเคราะห์ข้อมูล รายงานทางธุรกิจ การน าเสนอ
 
 ข้อมูลโดยภาพ การประยุกต์ใช้ระบบธุรกิจอัจฉริยะ กรณีศึกษาต่าง ๆ ในการน าระบบธุรกิจอัจฉริยะ
 
 มาใช้ในองค์กร
 
 
 
 Basic concepts of business intelligence, the architecture of business
 
 intelligence, basic concepts of decision support system, introduction to data
 
 warehousing, data warehouse design, fundamental of business analysis, types of
 
 analysis, business report, data visualization, business intelligence applications, case
 
 studies of applying business intelligence in organizations
 
 ===========================================================
 
 SC 363 106 ระบบการวางแผนทรัพยากรองค์กร
 
 Enterprise Resource Planning System
 
 3(2-2-5)
 
 
 
 เงื่อนไขของรายวิชา : ไม่มี
 
 
 
 ความรู้พื้นฐานของการวางแผนทรัพยากรองค์กร ความส าคัญของระบบสารสนเทศแบบ
 
 บูรณาการในองค์กร ส่วนประกอบหลักของระบบการวางแผนทรัพยากรองค์กร การเชื่อมโยงข้อมูล
 
 เพื่อปรับปรุงประสิทธิภาพการด าเนินธุรกิจขององค์กร กระบวนการทางธุรกิจที่ใช้ระบบการวางแผน
 
 ทรัพยากรองค์กรตัวอย่างคอมพิวเตอร์ซอฟต์แวร์ส าหรับการวางแผนทรัพยากรองค์กรกรณีศึกษา
 
 ต่าง ๆ ในการประยุกต์ใช้ระบบการวางแผนทรัพยากรองค์กร
 
 
 
 Principle knowledge of enterprise resource planning system, importance of
 
 enterprise resource planning system in an organization, major components of
 
 enterprise resource planning system, information systems integration to improve
 
 businessoperations, business processes using enterprise resource planning system,
 
 example of enterprise resource planning software, case studies of applying enterprise
 
 resource planning system in organizations"
ใน IT วิชา SC 363 204 Java Web Application Development กับวิชา SC 363 201 XML Technologies and Applications ต่างกันยังไง,"SC 363 204 การพัฒนาโปรแกรมประยุกต์บนเว็บด้วยภาษาจาวา
 
 Java Web Application Development
 
 3(2-2-5)
 
 
 
 เงื่อนไขของรายวิชา : 342 117 และ 342 118 หรือ SC 361 002 และ SC 361
 
 003 หรือ 342 117 และ SC 361 003 หรือ 342 118 และ SC 361 002
 
 
 
 แนะน าการสร้างโปรแกรมประยุกต์บนเว็บด้วยภาษาจาวา พื้นฐานของ JSP และ Servlet
 
 การเขียนโปรแกรมด้วยภาษาจาวาเพื่อติดต่อฐานข้อมูลเชิงสัมพันธ์ ข้อมูลที่อยู่ในรูปแบบ XML และ
 
 JSON การสร้างเว็บเซอร์วิสไคลเอนต์และเซิร์ฟเวอร์ในรูปแบบของ SOAP และ REST
 
 
 
 Introduction of web application with Java, basic of JSP and Servlet, Java
 
 programming for connecting a relational database, XML format and JSON format,
 
 Creating client and server web service on SOAP and REST format
 
 ===========================================================
 
 SC 363 201 เทคโนโลยีเอ็กซ์เอ็มแอลและการประยุกต์
 
 XML Technologies and Applications
 
 3(2-2-5)
 
 
 
 เงื่อนไขของรายวิชา : ไม่มี
 
 
 
 ส่วนประกอบพื้นฐานของ XML วากยสัมพันธ์ การนิยามชนิดเอกสาร เค้าร่าง XML เค้า
 
 ร่าง XSD แบบจ าลองเอกสารและ XSLT ตัวแทนความหมายในเทอมของ RDF ตัวแบบ XML ที่ใช้
 
 ตรรกศาสตร์และทฤษฎี DDT ความสัมพันธ์กับฐานข้อมูล การประยุกต์ทางคณิตศาสตร์ ธุรกิจ และ
 
 ออนโทโลยี
 
 
 
 Basic components of XML: syntax, document type definition (DTD), XML
 
 schema, XML schema definition(XSD), document object model(DOM), XML style sheet
 
 language transformation ( XSLT) , semantics representation in terms of resource
 
 description framework (RDF), XML models using logic and declarative description
 
 theory (DDT), relationships with databases, applications in mathematics, business
 
 and ontology"
ใน IT วิชา BS 911 111 Preliminary Principles of Accounting กับวิชา BS 952 261 Principles of Management แตกต่างกันยังไง,"BS 911 111 หลักการบัญชีขั้นต้น
 
 Preliminary Principles of Accounting
 
 3(3-0-6)
 
 
 
 เงื่อนไขของรายวิชา : ไม่มี
 
 
 
 หลักการบัญชีและความรู้ทั่วไปเกี่ยวกับการบัญชี ได้แก่ ความหมายและวัตถุประสงค์ของ
 
 การบัญชี ประโยชน์ของข้อมูลทางการบัญชี และแม่บทการบัญชี หลักการและวิธีการบันทึกบัญชี
 
 ตามหลักการบัญชีคู่ การบัญชีส าหรับกิจการซื้อขายสินค้าและกิจการให้บริการ สมุดรายวันและบัญชี
 
 แยกประเภทรายการปรับปรุง รายการปิดบัญชี การจัดท างบทดลอง กระดาษท าการ การจัดท างบ
 
 การเงิน ระบบเงินสดย่อย การบัญชีเบื้องต้นเกี่ยวกับสินทรัพย์ หนี้สิน ส่วนของเจ้าของ รายได้ และ
 
 ค่าใช้จ่าย หลักการและวิธีการของระบบใบส าคัญ และจริยธรรมของวิชาชีพการบัญชี
 
 
 
 Accounting principles and general knowledge about accounting including
 
 accounting definition and objectives, the value of accounting information and
 
 accounting framework, accounting principles andmethods of double entry system,
 
 accounting for trading enterprises and services business, journal and general ledger,
 
 end- of- period adjustments, closing entries, trial balance, working paper,
 
 financialstatements preparation, petty cash system, fundamental accounting for
 
 assets, liabilities, equity, revenue and expenses, concepts of voucher system and
 
 accounting professional ethics
 
 ===========================================================
 
 BS 952 261 หลักการจัดการ
 
 Principles of Management
 
 3(3-0-6)
 
 
 
 เงื่อนไขของรายวิชา : ไม่มี
 
 
 
 แนวคิดและทฤษฎีการจัดการ การบริหารการเปลี่ยนแปลง กลยุทธ์การเจรจาต่อรอง หน้าที่
 
 ของการจัดการ สภาพแวดล้อมของธุรกิจและวัฒนธรรมองค์การ การวางแผน กระบวนการตัดสินใจ
 
 กระบวนการวางแผน การจัดองค์กร การจัดการทรัพยากรมนุษย์ การสั่งการและอ านวยการ ภาวะ
 
 ผู้น า การจูงใจมุ่งผลงาน คณะท างานและการร่วมมือ การสื่อสารเพื่อการจัดการ การควบคุม
 
 Major concepts and management theory, change management, negotiation
 
 strategy, functions of management, business environment and organization culture,
 
 planning, decision process, planning process, organizing, human resource
 
 management, leading, leadership, motivation, team and teamwork, communication
 
 for management, controlling"
ใน IT วิชา SC 362 005 Database Analysis and Design กับวิชา SC 363 001 Systems Analysis and Design มันต่างกันยังไง,"SC 362 005 การวิเคราะห์และออกแบบฐานข้อมูล
 
 Database Analysis and Design
 
 3(2-2-5)
 
 
 
 เงื่อนไขของรายวิชา : ไม่มี
 
 
 
 แนวคิดระบบจัดการฐานข้อมูล รูปแบบข้อมูลและภาษา ทฤษฎีฐานข้อมูลเชิงสัมพันธ์ การ
 
 ออกแบบฐานข้อมูล การจัดระเบียบแฟ้ม การประมวลผลข้อค าถาม การควบคุมภาวะพร้อมกัน
 
 การย้อนกลับและการกู้คืน บูรณภาพและความต้องกัน ทัศนะการท าให้เกิดผล ความมั่นคงของ
 
 ฐานข้อมูล เทคนิคการท าให้เกิดผลส าหรับระบบฐานข้อมูล
 
 
 
 Database management system concepts, data models and languages,
 
 relational database theory, database design, file organization, query processing,
 
 concurrency control, rollback and recovery, integrity and consistency, and view
 
 implementation, database security, implementation techniques for database systems
 
 ===========================================================
 
 SC 363 001 การวิเคราะห์และออกแบบระบบ
 
 Systems Analysis and Design
 
 3(2-2-5)
 
 
 
 เงื่อนไขของรายวิชา : 342 233 หรือ SC 362 005 หรือ 322 336
 
 
 
 พื้นฐานเกี่ยวกับเทคโนโลยีวัตถุและการพัฒนาระบบเชิงวัตถุ การพัฒนาข้อเสนอโครงการ
 
 และการจัดการโครงการ การเก็บรวบรวมและการวิเคราะห์ความต้องการแบบจ าลอง Use Case
 
 แบบจ าลองล าดับเหตุการณ์ของระบบแบบจ าลองโดเมน ทางเลือกส าหรับการพัฒนาระบบใหม่ การ
 
 ออกแบบสถาปัตยกรรมแบบจ าลองโต้ตอบ แบบจ าลองคลาส การออกแบบคลาสโดยใช้แบบแผน
 
 GRASP การออกแบบฐานข้อมูลการพัฒนาซอฟต์แวร์ การติดตั้งและการบ ารุงรักษาระบบ
 
 กรณีศึกษา: การพัฒนาระบบลงทะเบียนออนไลน์
 
 Fundamental of object technology and object- oriented system
 
 development, project proposal development, project management, data gathering
 
 and requirement analysis, use case model, scenario model, domain model, system
 
 development alternatives, architecture design, interaction model, class model, class
 
 modeling using GRASP, database design, software coding, implementation and
 
 maintenance, case study: online registration system"
ใน IT วิชา Discrete Mathematics and Applications กับวิชา General Mathematics ต่างกันยังไง,"SC 402 401 วิยุตคณิตและการประยุกต์
 
 Discrete Mathematics and Applications
 
 3(3-0-6)
 
 
 
 เงื่อนไขของรายวิชา : 323 241 หรือ รายวิชาที่เน้นการเขียนโปรแกรม
 
 คอมพิวเตอร์
 
 
 
 ตรรกศาสตร์ เซต ขั้นตอนวิธีทางทฤษฎีจ านวน อุปนัยเชิงคณิตศาสตร์ ขั้นตอนวิธีเวียน
 
 บังเกิด การนับ การสับเปลี่ยนและการจัดหมู่ ความน่าจะเป็น ค่าคาดหวัง เทคนิคการนับขั้นสูง
 
 ขั้นตอนวิธีแบ่งแยกแล้วเอาชนะ ความสัมพันธ์ แบบจ าลองทางกราฟ ต้นไม้ พีชคณิตบูลีน
 
 
 
 Logic, sets, algorithms of number theory, mathematical induction, recursive
 
 algorithm, counting, permutation and combination, probability, expected value,
 
 advanced counting techniques, divide- and- conquer algorithm, relations, graph
 
 models, tree, boolean algebra
 
 ===========================================================
 
 SC 401 006 คณิตศาสตร์ทั่วไป
 
 General Mathematics
 
 3(3-0-6)
 
 
 
 เงื่อนไขของรายวิชา : ไม่มี
 
 
 
 เวกเตอร์และเรขาคณิตวิเคราะห์ในปริภูมิ 3 มิติ เมทริกซ์ ระบบสมการเชิงเส้น ลิมิตและ
 
 ความต่อเนื่อง อนุพันธ์และการประยุกต์ ปริพันธ์และการประยุกต์
 
 
 
 Vectors and analytical geometry in 3 dimensional spaces, matrices, systems of
 
 linear equations, limits and continuity, derivatives and applications, integrals and
 
 applications"
ใน IT วิชา GE 141 166 กับวิชา GE 151 144แตกต่างกันยังไง,"GE 141 166 ศาสตร์ของความสุข
 Science of Happiness
 3(3-0-6)
 
 เงื่อนไขของรายวิชา : ไม่มี
 
 แนวคิดและความส าคัญของความสุข มิติของความสุข ศิลปะการด าเนินชีวิตอย่างมีความสุข
 การปฏิบัติตนให้เกิดสุขภาวะทางกายและสุขภาวะทางใจ การด าเนินชีวิตอย่างมีสุนทรียภาพ
 
 Concepts and importance of happiness, dimensions of happiness, the art of
 happy lifestyle, practice for physical and mental well-being, aesthetic lifestyle
 ===========================================================
 GE 151 144 พหุวัฒนธรรม
 Multiculturalism
 3(3-0-6)
 
 เงื่อนไขของรายวิชา : ไม่มี
 
 วัฒนธรรมและความหลากหลายทางวัฒนธรรม วัฒนธรรมตะวันตก วัฒนธรรมตะวันออก
 วัฒนธรรมอาเซียน วัฒนธรรมไทยและวัฒนธรรมอีสาน การเปลี่ยนแปลงทางสังคมและกระแสโลกา
 ภิวัตน์กับผลกระทบทางวัฒนธรรม วัฒนธรรมกับวิถีชีวิต
 
 Culture and cultural diversity, western culture, eastern culture, ASEAN culture,
 Thai culture and Isan culture, social changes and globalization and their impact on
 culture and culture in way of life"
"ใน IT กลุ่มย่อยที่ 1 เทคโนโลยีสารสนเทศทางธุรกิจ ของรายวิชาในกลุ่มวิชาเทคโนโลยีสารสนเทศ
 มีวิชาอะไรบ้าง","(3.1) กลุ่มวิชาเทคโนโลยีสารสนเทศ
 
 ก. กลุ่มย่อยที่ 1 เทคโนโลยีสารสนเทศทางธุรกิจ
 
 **SC 362 101 ระบบสารสนเทศทางธุรกิจ
 
 3(2-2-5)
 
 Business Information Systems
 
 
 
 **SC 362 102 วิศวกรรมซอฟต์แวร์
 
 3(2-2-5)
 
 Software Engineering
 
 
 
 **SC 362 103 การท าเหมืองข้อมูล
 
 3(2-2-5)
 
 Data Mining
 
 
 
 **SC 363 101 การทดสอบซอฟต์แวร์และการประกันคุณภาพ
 
 3(2-2-5)
 
 Software Testing and Quality Assurance
 
 
 
 **SC 363 102 ระบบธุรกิจอัจฉริยะ
 
 3(2-2-5)
 
 Business Intelligence System
 
 
 
 **SC 363 103 การเป็นผู้ประกอบการเทคโนโลยีสารสนเทศ
 
 3(3-0-6)
 
 Information Technology Entrepreneurship
 
 
 
 **SC 363 104 พาณิชย์อิเล็กทรอนิกส์และโปรแกรมประยุกต์
 
 3(2-2-5)
 
 Electronic Commerce and Applications
 
 
 
 **SC 363 105 การปรับปรุงกระบวนการซอฟต์แวร์
 
 
 
 3(2-2-5)
 
 Software Process Improvement
 
 
 
 **SC 363 106 ระบบการวางแผนทรัพยากรองค์กร
 
 3(2-2-5)
 
 
 
 Enterprise Resource Planning System
 
 
 
 ข. กลุ่มย่อยที่ 2 การพัฒนาโปรแกรมประยุกต์บนอุปกรณ์เคลื่อนที่และเว็บ
 
 **SC 362 201 เทคโนโลยีการออกแบบเว็บ
 
 3(2-2-5)
 
 Web Design Technologies
 
 
 
 **SC 362 202 การพัฒนาแอปพลิเคชันบนโทรศัพท์มือถือ
 
 3(2-2-5)
 
 Mobile Web Application Development
 
 
 
 **SC 362 203 ระบบการจัดการเนื้อหา
 
 3(2-2-5)
 
 Content Management System
 
 
 
 **SC 363 201 เทคโนโลยีเอ็กซ์เอ็มแอลและการประยุกต์
 
 3(2-2-5)
 
 XML Technologies and Applications
 
 
 
 **SC 363 202 เทคโนโลยีเว็บแบบสื่อความหมาย
 
 3(2-2-5)
 
 Semantic Web Technology
 
 
 
 **SC 363 203 เทคโนโลยีเว็บเซอร์วิส
 
 3(2-2-5)
 
 Web Services Technology
 
 
 
 **SC 363 204 การพัฒนาโปรแกรมประยุกต์บนเว็บด้วยภาษาจาวา
 
 3(2-2-5)
 
 
 
 Java Web Application Development
 
 
 
 ค. กลุ่มย่อยที่ 3 ระบบ เครือข่าย ความมั่นคงเทคโนโลยีสารสนเทศ และอินเทอร์เน็ตของสรรพสิ่ง
 
 **SC 311 503 การเขียนโปรแกรมสคริปต์
 
 3(2-2-5)
 
 Script Programming
 
 
 
 **SC 313 301 สถาปัตยกรรมเครือข่าย
 
 3(3-0-6)
 
 Network Architecture
 
 
 
 **SC 313 302 การเชื่อมต่ออินเทอร์เน็ต
 
 3(2-2-5)
 
 Internetworking
 
 
 
 **SC 362 301 ตรรกะดิจิทัลและระบบฝังตัว
 
 3(2-2-5)
 
 Digital Logic and Embedded Systems
 
 
 
 **SC 362 302 เครือข่ายไร้สายและเคลื่อนที่กับอินเทอร์เน็ตของสรรพสิ่ง
 
 3(2-2-5)
 
 Wireless and Mobile Networks with Internet of Things
 
 
 
 **SC 362 303 เทคโนโลยีส าหรับข้อมูลมหัต
 
 3(2-2-5)
 
 Big Data Technology
 
 
 
 **SC 363 301 การบริหารและบ ารุงรักษาระบบ
 
 3(2-2-5)
 
 System Administration and Maintenance
 
 
 
 **SC 363 302 การโปรแกรมและค านวณเครือข่าย
 
 3(2-2-5)
 
 Network Programming and Computing
 
 
 
 **SC 363 303 เทคโนโลยีความมั่นคงปลอดภัยไซเบอร์เกิดใหม่
 
 3(2-2-5)
 
 Cybersecurity Emerging Technology
 
 
 
 **SC 363 304 ระบบค านวณแบบขนานและกระจาย
 
 3(2-2-5)
 
 Parallel and Distributed Computing System
 
 
 
 **SC 363 305 การประมวลผลแบบกลุ่มเมฆและการประยุกต์
 
 3(2-2-5)
 
 Cloud Computing and Applications
 
 
 
 **SC 363 306 เทคโนโลยีบล็อกเชนและสกุลเงินเข้ารหัส
 
 3(2-2-5)
 
 Blockchain and Cryptocurrency Technology
 
 
 
 **SC 363 307 นิติเวชดิจิทัล
 
 3(2-2-5)
 
 Digital Forensics"
ใน IT เราจะได้ทำโครงงานปีไหน,"ปีที่ 4 ภาคการศึกษาที่ 1
 
 
 
 แบบเลือกเรียนวิชาโครงงานทางเทคโนโลยีสารสนเทศ
 
 แบบเลือกเรียนวิชาสหกิจศึกษา
 
 
 
 **SC 364 771 โครงงานทางเทคโนโลยี
 
 สารสนเทศ 1
 
 3(0-6-3)
 
 XXX XXX วิชาเลือกเสรี
 
 Free Electives
 
 6 หน่วยกิต
 
 
 
 Information
 
 Technology Project I
 
 
 
 XXX XXX วิชาเลือกเสรี
 
 6 หน่วยกิต
 
 
 
 Free Electives
 
 
 
 รวมจ านวนหน่วยกิตลงทะเบียนเรียน 9 หน่วยกิต
 
 รวมจ านวนหน่วยกิตลงทะเบียนเรียน 6 หน่วยกิต
 
 
 
 ===========================================================
 
 
 
 ปีที่ 4 ภาคการศึกษาที่ 2
 
 
 
 แบบเลือกเรียนวิชาโครงงานทางเทคโนโลยีสารสนเทศ
 
 แบบเลือกเรียนวิชาสหกิจศึกษา
 
 
 
 **SC 364 772 โครงงานทางเทคโนโลยี
 
 สารสนเทศ 2
 
 Information
 
 Technology Project II
 
 3(0-6-3)
 
 **SC 364 785
 
 สหกิจศึกษาทาง
 
 เทคโนโลยี
 
 สารสนเทศ
 
 Co-Operative
 
 Education in
 
 Information
 
 Technology
 
 6(0-18-9)
 
 
 
 รวมจ านวนหน่วยกิตลงทะเบียนเรียน 3 หน่วยกิต
 
 รวมจ านวนหน่วยกิตลงทะเบียนเรียน 6 หน่วยกิต"
ใน IT ตอนนี้เราอยู่ปี 3 ถ้าเลือกแผนสหกิจศึกษาต้องทำยังไงบ้าง,"ปีที่ 3 ภาคการศึกษาที่ 1
 
 หน่วยกิต
 
 
 
 **GE 363 789 ผู้ประกอบการสร้างสรรค์
 
 3(2-2-5)
 
 
 
 Creative Entrepreneurs
 
 
 
 **SC 363 762 ระเบียบวิธีวิจัย
 
 3(3-0-6)
 
 
 
 Research Methodology
 
 
 
 **SC 363 001 การวิเคราะห์และออกแบบระบบ
 
 3(2-2-5)
 
 
 
 System Analysis and Design
 
 
 
 **SC 363 002 การจัดการเชิงกลยุทธ์เทคโนโลยีสารสนเทศ
 
 3(2-2-5)
 
 
 
 Strategic Management of Information Technology
 
 
 
 **SC 363 003 วิชาชีพเทคโนโลยีสารสนเทศ
 
 3(2-2-5)
 
 
 
 Information Technology Profession
 
 
 
 SC 36X XXX วิชาเลือก
 
 3 หน่วยกิต
 
 Elective Course
 
 
 
 **SC 002 001 การเตรียมความพร้อมก่อนปฏิบัติงานสหกิจศึกษาส าหรับ
 
 นักศึกษาคณะวิทยาศาสตร์
 
 1(0-2-2)
 
 (ไม่นับหน่วยกิต)
 
 
 
 Orientation to Co-Operative Education for Science
 
 Students
 
 
 
 หมายเหตุ: นักศึกษาที่จะลงทะเบียนวิชา SC 364 785 สหกิจศึกษาทางเทคโนโลยีสารสนเทศ ให้ลงทะเบียน
 
 รายวิชา SC 002 001 การเตรียมความพร้อมก่อนปฏิบัติงานสหกิจศึกษาฯ
 
 
 
 รวมจ านวนหน่วยกิตลงทะเบียนเรียน 18 หน่วยกิต"
ใน IT ขอดูแผนของ โครงงาน กับ สหกิจหน่อย,"ปีที่ 4 ภาคการศึกษาที่ 1
 
 
 
 แบบเลือกเรียนวิชาโครงงานทางเทคโนโลยีสารสนเทศ
 
 แบบเลือกเรียนวิชาสหกิจศึกษา
 
 
 
 **SC 364 771 โครงงานทางเทคโนโลยี
 
 สารสนเทศ 1
 
 3(0-6-3)
 
 XXX XXX วิชาเลือกเสรี
 
 Free Electives
 
 6 หน่วยกิต
 
 
 
 Information
 
 Technology Project I
 
 
 
 XXX XXX วิชาเลือกเสรี
 
 6 หน่วยกิต
 
 
 
 Free Electives
 
 
 
 รวมจ านวนหน่วยกิตลงทะเบียนเรียน 9 หน่วยกิต
 
 รวมจ านวนหน่วยกิตลงทะเบียนเรียน 6 หน่วยกิต
 
 
 
 ===========================================================
 
 ปีที่ 4 ภาคการศึกษาที่ 2
 
 
 
 แบบเลือกเรียนวิชาโครงงานทางเทคโนโลยีสารสนเทศ
 
 แบบเลือกเรียนวิชาสหกิจศึกษา
 
 
 
 **SC 364 772 โครงงานทางเทคโนโลยี
 
 สารสนเทศ 2
 
 Information
 
 Technology Project II
 
 3(0-6-3)
 
 **SC 364 785
 
 สหกิจศึกษาทาง
 
 เทคโนโลยี
 
 สารสนเทศ
 
 Co-Operative
 
 Education in
 
 Information
 
 Technology
 
 6(0-18-9)
 
 
 
 รวมจ านวนหน่วยกิตลงทะเบียนเรียน 3 หน่วยกิต
 
 รวมจ านวนหน่วยกิตลงทะเบียนเรียน 6 หน่วยกิต"
ใน IT กลุ่มวิชาเทคโนโลยีสารสนเทศ มีกลุ่มย่อยทั้งหมดกี่กลุ่ม และแต่ละกลุ่มมีวิชาอะไรบ้าง,"(3.1) กลุ่มวิชาเทคโนโลยีสารสนเทศ
 
 ก. กลุ่มย่อยที่ 1 เทคโนโลยีสารสนเทศทางธุรกิจ
 
 **SC 362 101 ระบบสารสนเทศทางธุรกิจ
 
 3(2-2-5)
 
 Business Information Systems
 
 
 
 **SC 362 102 วิศวกรรมซอฟต์แวร์
 
 3(2-2-5)
 
 Software Engineering
 
 
 
 **SC 362 103 การท าเหมืองข้อมูล
 
 3(2-2-5)
 
 Data Mining
 
 
 
 **SC 363 101 การทดสอบซอฟต์แวร์และการประกันคุณภาพ
 
 3(2-2-5)
 
 Software Testing and Quality Assurance
 
 
 
 **SC 363 102 ระบบธุรกิจอัจฉริยะ
 
 3(2-2-5)
 
 Business Intelligence System
 
 
 
 **SC 363 103 การเป็นผู้ประกอบการเทคโนโลยีสารสนเทศ
 
 3(3-0-6)
 
 Information Technology Entrepreneurship
 
 
 
 **SC 363 104 พาณิชย์อิเล็กทรอนิกส์และโปรแกรมประยุกต์
 
 3(2-2-5)
 
 Electronic Commerce and Applications
 
 
 
 **SC 363 105 การปรับปรุงกระบวนการซอฟต์แวร์
 
 
 
 3(2-2-5)
 
 Software Process Improvement
 
 
 
 **SC 363 106 ระบบการวางแผนทรัพยากรองค์กร
 
 3(2-2-5)
 
 
 
 Enterprise Resource Planning System
 
 
 
 ข. กลุ่มย่อยที่ 2 การพัฒนาโปรแกรมประยุกต์บนอุปกรณ์เคลื่อนที่และเว็บ
 
 **SC 362 201 เทคโนโลยีการออกแบบเว็บ
 
 3(2-2-5)
 
 Web Design Technologies
 
 
 
 **SC 362 202 การพัฒนาแอปพลิเคชันบนโทรศัพท์มือถือ
 
 3(2-2-5)
 
 Mobile Web Application Development
 
 
 
 **SC 362 203 ระบบการจัดการเนื้อหา
 
 3(2-2-5)
 
 Content Management System
 
 
 
 **SC 363 201 เทคโนโลยีเอ็กซ์เอ็มแอลและการประยุกต์
 
 3(2-2-5)
 
 XML Technologies and Applications
 
 
 
 **SC 363 202 เทคโนโลยีเว็บแบบสื่อความหมาย
 
 3(2-2-5)
 
 Semantic Web Technology
 
 
 
 **SC 363 203 เทคโนโลยีเว็บเซอร์วิส
 
 3(2-2-5)
 
 Web Services Technology
 
 
 
 **SC 363 204 การพัฒนาโปรแกรมประยุกต์บนเว็บด้วยภาษาจาวา
 
 3(2-2-5)
 
 
 
 Java Web Application Development
 
 
 
 ค. กลุ่มย่อยที่ 3 ระบบ เครือข่าย ความมั่นคงเทคโนโลยีสารสนเทศ และอินเทอร์เน็ตของสรรพสิ่ง
 
 **SC 311 503 การเขียนโปรแกรมสคริปต์
 
 3(2-2-5)
 
 Script Programming
 
 
 
 **SC 313 301 สถาปัตยกรรมเครือข่าย
 
 3(3-0-6)
 
 Network Architecture
 
 
 
 **SC 313 302 การเชื่อมต่ออินเทอร์เน็ต
 
 3(2-2-5)
 
 Internetworking
 
 
 
 **SC 362 301 ตรรกะดิจิทัลและระบบฝังตัว
 
 3(2-2-5)
 
 Digital Logic and Embedded Systems
 
 
 
 **SC 362 302 เครือข่ายไร้สายและเคลื่อนที่กับอินเทอร์เน็ตของสรรพสิ่ง
 
 3(2-2-5)
 
 Wireless and Mobile Networks with Internet of Things
 
 
 
 **SC 362 303 เทคโนโลยีส าหรับข้อมูลมหัต
 
 3(2-2-5)
 
 Big Data Technology
 
 
 
 **SC 363 301 การบริหารและบ ารุงรักษาระบบ
 
 3(2-2-5)
 
 System Administration and Maintenance
 
 
 
 **SC 363 302 การโปรแกรมและค านวณเครือข่าย
 
 3(2-2-5)
 
 Network Programming and Computing
 
 
 
 **SC 363 303 เทคโนโลยีความมั่นคงปลอดภัยไซเบอร์เกิดใหม่
 
 3(2-2-5)
 
 Cybersecurity Emerging Technology
 
 
 
 **SC 363 304 ระบบค านวณแบบขนานและกระจาย
 
 3(2-2-5)
 
 Parallel and Distributed Computing System
 
 
 
 **SC 363 305 การประมวลผลแบบกลุ่มเมฆและการประยุกต์
 
 3(2-2-5)
 
 Cloud Computing and Applications
 
 
 
 **SC 363 306 เทคโนโลยีบล็อกเชนและสกุลเงินเข้ารหัส
 
 3(2-2-5)
 
 Blockchain and Cryptocurrency Technology
 
 
 
 **SC 363 307 นิติเวชดิจิทัล
 
 3(2-2-5)
 
 Digital Forensics"
ใน IT ต้องเก็บหน่วยกิตของหมวดวิชาศึกษาทั่วไปกี่หน่วยกิต,"3.1.3 รายวิชา
 
 3.1.3.1 หมวดวิชาศึกษาทั่วไป (General Education Courses) 30 หน่วยกิต
 
 (1) กลุ่มวิชาภาษา
 
 12 หน่วยกิต
 
 **LI 101 001 ภาษาอังกฤษ 1
 
 3(3-0-6)
 
 English I
 
 
 
 **LI 101 002 ภาษาอังกฤษ2
 
 3(3-0-6)
 
 English II
 
 
 
 **LI 102 003 ภาษาอังกฤษ3
 
 3(3-0-6)
 
 English III
 
 
 
 **LI 102 004 ภาษาอังกฤษ4
 
 3(3-0-6)
 
 
 
 English IV
 
 
 
 (2) กลุ่มวิชามนุษยศาสตร์และสังคมศาสตร์ 12 หน่วยกิต
 
 **GE 141 166 ศาสตร์ของความสุข
 
 3(3-0-6)
 
 Science of Happiness
 
 
 
 **GE 142 145 ภาวะผู้น าและการจัดการ
 
 3(3-0-6)
 
 Leadership and Management
 
 
 
 **GE 151 144 พหุวัฒนธรรม
 
 3(3-0-6)
 
 Multiculturalism
 
 
 
 **GE 153 158 วิถีชีวิตชุมชนและการเรียนรู้ชุมชน
 
 3(3-0-6)
 
 
 
 Community Ways of Life and Community Learning
 
 
 
 (3) กลุ่มวิชาคณิตศาสตร์และวิทยาศาสตร์ 6 หน่วยกิต
 
 **GE 321 415 ทักษะการเรียนรู้
 
 3(3-0-6)
 
 Learning Skills
 
 
 
 **GE 363 789 ผู้ประกอบการสร้างสรรค์
 
 3(3-0-6)
 
 Creative Entrepreneurs"
ใน IT หมวดวิชาเลือกเสรี ต้องเรียนกี่หน่วยกิต,"3.1.3.3 หมวดวิชาเลือกเสรี (Free Elective Courses)
 
 ให้นักศึกษาลงทะเบียนเรียนรายวิชาเลือกเสรีที่เปิดสอนในมหาวิทยาลัยขอนแก่น โดยได้รับความเห็นชอบจากคณะ
 
 กรรมการบริหารหลักสูตร จ านวนไม่น้อยกว่า 6 หน่วยกิต"
ใน IT ต้องเก็บหน่วยกิต หมวดวิชาเลือกสาขากี่หน่วยกิต,"(3) หมวดวิชาเลือกสาขา (Elective Course) 21 หน่วยกิต
 
 ให้นักศึกษาบังคับเลือกเรียนรายวิชาในกลุ่มวิชาเทคโนโลยีสารสนเทศ กลุ่มย่อยที่ 1 หรือกลุ่มย่อยที่ 2 หรือกลุ่ม
 
 ย่อยที่ 3 กลุ่มใดกลุ่มหนึ่ง จ านวนไม่น้อยกว่า 12 หน่วยกิต และสามารถเลือกเรียนรายวิชาอื่นใน 3.1 กลุ่มวิชาเทคโนโลยี
 
 สารสนเทศ หรือ 3.2 กลุ่มวิชาสังคมศาสตร์และการจัดการ หรือ 3.3 กลุ่มชุดวิชาการบูรณาการการเรียนรู้กับการท างาน
 
 โดยสามารถเลือกลงทะเบียนคละกลุ่มได้ จ านวนไม่น้อยกว่า 9 หน่วยกิต หรือรายวิชาอื่นของสาขาวิชาที่มีการเปิดสอน
 
 เพิ่มเติมภายหลัง โดยความเห็นชอบของคณะกรรมการบริหารหลักสูตร"
ใน IT จำนวนหน่วยกิตตลอดหลักสูตรเป็นเท่าไหร่,"3. หลักสูตรและอาจารย์ผู้สอน
 
 3.1 หลักสูตร
 
 3.1.1 จ านวนหน่วยกิต รวมตลอดหลักสูตร 121 หน่วยกิต
 
 3.1.2 โครงสร้างหลักสูตร
 
 จ านวนหน่วยกิตรวมตลอดหลักสูตร
 
 หน่วยกิต"
ใน GIS นักศึกษาชั้นปีที่ 1 ภาคเรียนที่ 1 ต้องลงทะเบียนรายวิชาใด,"ปีที่ 1 ภาคการศึกษาที่ 1
 
 หน่วยกิต
 
 
 
 **LI 101 001 ภาษาอังกฤษ 1
 
 3(3-0-6)
 
 
 
 English I
 
 
 
 *GE 321 415 การคิดเชิงค านวณและเชิงสถิติส าหรับเอบีซีดี
 
 3(2-2-5)
 
 
 
 Computational & Statistical Thinking for ABCD
 
 
 
 **GE 321 415 ทักษะการเรียนรู้
 
 3(3-0-6)
 
 
 
 Learning Skills
 
 
 
 **SC 101 009 ชีววิทยาส าหรับวิทยาศาสตร์กายภาพ
 
 3(3-0-6)
 
 
 
 Biology For Physical Science
 
 
 
 **SC 101 010 ปฏิบัติการชีววิทยาส าหรับวิทยาศาสตร์กายภาพ
 
 1(0-2-1)
 
 
 
 Biology For Physical Science Laboratory
 
 
 
 **CP 371 001 หลักมูลภูมิสารสนเทศศาสตร์
 
 3(3-0-6)
 
 Fundamentals of Geo-informatics
 
 
 
 **CP 371 031 เทคโนโลยีสารสนเทศขั้นพื้นฐาน
 
 3(2-2-5)
 
 
 
 Basics of Information Technology
 
 
 
 รวมจ านวนหน่วยกิตลงทะเบียนเรียน 19
 
 หน่วยกิต"
ใน GIS ตอนปี 1 เทอม 2 เราต้องลงอะไรบ้างอะ,"ปีที่ 1 ภาคการศึกษาที่ 2
 
 หน่วยกิต
 
 
 
 **LI 101 002 ภาษาอังกฤษ 2
 
 3(3-0-6)
 
 
 
 English II
 
 
 
 *GE 341 512 เอบีซีดีส าหรับทุกวิชาชีพ
 
 3(2-2-5)
 
 
 
 ABCD for All Professions
 
 
 
 **SC 201 006 ปฏิบัติการเคมีทั่วไป
 
 1(0-3-2)
 
 
 
 General Chemistry Laboratory
 
 
 
 **SC 201 008 เคมีหลักมูล
 
 3(3-0-6)
 
 
 
 Fundamental Chemistry
 
 
 
 **CP 350 001 การเขียนโปรแกรมคอมพิวเตอร์ 1
 
 3(2-2-5)
 
 
 
 Computer Programming I
 
 
 
 **SC 401 006 คณิตศาสตร์ทั่วไป
 
 3(3-0-6)
 
 
 
 General Mathematics
 
 
 
 **SC 371 041 ภูมิศาสตร์กายภาพ
 
 3(3-0-6)
 
 
 
 Physical Geography
 
 
 
 รวมจ านวนหน่วยกิตลงทะเบียนเรียน 19 หน่วยกิต"
ใน GIS ขอแผนการเรียนปี 2 เทอม 1 หน่อยครับ,"ปีที่ 2 ภาคการศึกษาที่ 1
 
 หน่วยกิต
 
 
 
 **LI 101 003 ภาษาอังกฤษ 3
 
 3(3-0-6)
 
 
 
 English III
 
 
 
 **GE 362 785 การคิดเชิงสร้างสรรค์และการแก้ปัญหา
 
 3(3-0-6)
 
 
 
 Creative Thinking and Problem Solving
 
 
 
 **CP 350 002 โครงสร้างข้อมูล
 
 3(3-0-6)
 
 
 
 Data Structure
 
 
 
 **SC 501 000 ฟิสิกส์เบื้องต้น
 
 3(3-0-6)
 
 
 
 Elementary Physics
 
 
 
 **SC 501 003 ปฏิบัติการฟิสิกส์ทั่วไป 1
 
 1(0-3-2)
 
 
 
 General Physics Laboratory I
 
 
 
 **CP 372 002 ระบบสารสนเทศภูมิศาสตร์ขั้นแนะน า
 
 3(2-3-6)
 
 
 
 Introduction to Geographic Information System
 
 
 
 **CP 372 011 หลักมูลการรับรู้จากระยะไกล
 
 3(2-3-6)
 
 
 
 Fundamentals of Remote Sensing
 
 รวมจ านวนหน่วยกิตลงทะเบียนเรียน 19 หน่วยกิต"
ใน GIS ขอแผนการเรียนของปี 3 ภาคการศึกษาที่ 1 หน่อย,"ปีที่ 3 ภาคการศึกษาที่ 1
 หน่วยกิต
 
 **CP 373 032 การเขียนโปรแกรมในระบบสารสนเทศภูมิศาสตร์
 3(2-3-6)
 
 Programming in Geographic Information System
 
 **CP 373 042 การวางแผนการใช้ที่ดินขั้นแนะน า
 3(3-0-6)
 
 Introduction to Land Use Planning
 
 **SC 602 007 สถิติส าหรับวิทยาศาสตร์กายภาพ
 3(3-0-6)
 
 Statistics for Physical Science
 
 **SC 902 201 วิทยาศาสตร์สิ่งแวดล้อม
 3(3-0-6)
 
 Environmental Science
 
 CP 373 XXX วิชาเลือกสาขา
 6 หน่วยกิต
 
 Elective Courses
 
 รวมจ านวนหน่วยกิตลงทะเบียนเรียน 18 หน่วยกิต"
ใน GIS ขอดูแผนการเรียนของปี 4 เทอม 1 และเทอม 2 หน่อย,"ปีที่ 4 ภาคการศึกษาที่ 1
 
 แบบเลือกเรียนวิชาโครงงานวิจัยในภูมิสารสนเทศศาสตร์
 แบบเลือกเรียนวิชาสหกิจศึกษา
 *CP 374 702 โครงงานวิจัยในภูมิ
 สารสนเทศศาสตร์ 1
 3(0-9-6)
 XXX XXX
 วิชาเลือกเสรี
 6 หน่วยกิต
 
 Research Project in
 Geo-Informatics I
 
 Free Electives
 
 XXX XXX
 วิชาเลือกเสรี
 6 หน่วยกิต
 
 Free Electives
 
 รวมจ านวนหน่วยกิตลงทะเบียนเรียน 9 หน่วยกิต
 รวมจ านวนหน่วยกิตลงทะเบียนเรียน 6 หน่วยกิต
 
 ===========================================================
 ปีที่ 4 ภาคการศึกษาที่ 2
 
 แบบเลือกเรียนวิชาโครงงานวิจัยในภูมิสารสนเทศศาสตร์
 แบบเลือกเรียนวิชาสหกิจศึกษา
 *CP 374 703 โครงงานวิจัยในภูมิ
 สารสนเทศศาสตร์ 2
 3(0-9-6)
 **CP 374 785
 สหกิจศึกษาทางภูมิ
 สารสนเทศศาสตร์
 6(0-18-9)
 
 Research Project in
 Geo-Informatics II
 
 Co-Operative
 Education in Geo-
 Infromatics
 
 รวมจ านวนหน่วยกิตลงทะเบียนเรียน 3 หน่วยกิต
 รวมจ านวนหน่วยกิตลงทะเบียนเรียน 6 หน่วยกิต"
ใน GIS เราจะได้เรียนวิชา SC 402 101 ตอนไหน,"ปีที่ 2 ภาคการศึกษาที่ 2
 
 หน่วยกิต
 
 
 
 **LI 102 004 ภาษาอังกฤษ 4
 
 3(3-0-6)
 
 
 
 English IV
 
 
 
 **GE 142 145 ภาวะผู้น าและการจัดการ
 
 3(3-0-6)
 
 
 
 Leadership and Management
 
 
 
 **CP 372 032 ระบบจัดการฐานข้อมูลและการออกแบบฐานข้อมูล
 
 3(3-0-6)
 
 
 
 Database Management System and Database Design
 
 
 
 **CP 372 033 ปฏิบัติการระบบฐานข้อมูลและการออกแบบ
 
 1(0-2-2)
 
 
 
 Database Management System and Database Design Laboratory
 
 
 
 **SC 402 101 พีชคณิตเชิงเส้น 1
 
 3(3-0-6)
 
 
 
 Linear Algebra I
 
 
 
 **CP 372 012 การประมวลผลเชิงเลขของข้อมูลจากดาวเทียม
 
 3(2-3-6)
 
 
 
 Digital Processing of Satellite Data
 
 
 
 **CP 372 021 ระบบดาวเทียมน าทางสากลขั้นแนะน า
 
 3(2-2-5)
 
 
 
 Introduction to Global Navigation Satellite System
 
 
 
 รวมจ านวนหน่วยกิตลงทะเบียนเรียน 19 หน่วยกิต"
ใน GIS เราจะได้เรียนวิชา CP 373 042 Introduction to Land Use Planning ตอนไหน,"ปีที่ 3 ภาคการศึกษาที่ 1
 หน่วยกิต
 
 **CP 373 032 การเขียนโปรแกรมในระบบสารสนเทศภูมิศาสตร์
 3(2-3-6)
 
 Programming in Geographic Information System
 
 **CP 373 042 การวางแผนการใช้ที่ดินขั้นแนะน า
 3(3-0-6)
 
 Introduction to Land Use Planning
 
 **SC 602 007 สถิติส าหรับวิทยาศาสตร์กายภาพ
 3(3-0-6)
 
 Statistics for Physical Science
 
 **SC 902 201 วิทยาศาสตร์สิ่งแวดล้อม
 3(3-0-6)
 
 Environmental Science
 
 CP 373 XXX วิชาเลือกสาขา
 6 หน่วยกิต
 
 Elective Courses
 
 รวมจ านวนหน่วยกิตลงทะเบียนเรียน 18 หน่วยกิต"
ใน GIS เราจะได้เรียนวิชา CP 002 001 Orientation to Co-Operative Education for Computing Students กับวิชา CP 373 784 Internship in Geo-Informatics ตอนไหน,"ปีที่ 3 ภาคการศึกษาที่ 2
 หน่วยกิต
 
 *GE 362 198 พลังงานและสิ่งแวดล้อม
 3(3-0-6)
 
 Energy and Environment
 
 **CP 373 003 หลักการท าแผนที่
 3(2-3-6)
 
 Principles of Cartography
 
 **CP 373 004 ภูมิสารสนเทศศาสตร์ประยุกต์
 3(2-3-6)
 
 Applied Geo-informatics
 
 **CP 373 701 ระเบียบวิธีวิจัยในภูมิสารสนเทศศาสตร์
 3(3-0-6)
 
 Research Methodology in Geo-informatics
 
 CP 373 XXX วิชาเลือกสาขา
 9 หน่วยกิต
 
 Elective Courses
 
 รวมจ านวนหน่วยกิตลงทะเบียนเรียน 21 หน่วยกิต
 ส าหรับนักศึกษาที่จะเลือกแผนสหกิจศึกษาให้ลงเพิ่มอีก 2 รายวิชา
 
 **CP 002 001 การเตรียมความพร้อมก่อนปฏิบัติงานสหกิจศึกษาส าหรับนักศึกษาวิทยาลัย
 การคอมพิวเตอร์
 1(0-2-2)*
 (ไม่นับหน่วยกิต)
 
 Orientation to Co-Operative Education for Computing Students
 
 *CP 373 784 การฝึกงานทางภูมิสารสนเทศศาสตร์
 3(0-9-5)*
 
 Internship in Geo-Informatics
 (ไม่นับหน่วยกิต)"
ใน GIS เราจะได้เรียนวิชา หลักมูลการรับรู้จากระยะไกล ตอนไหน,"ปีที่ 2 ภาคการศึกษาที่ 1
 
 หน่วยกิต
 
 
 
 **LI 101 003 ภาษาอังกฤษ 3
 
 3(3-0-6)
 
 
 
 English III
 
 
 
 **GE 362 785 การคิดเชิงสร้างสรรค์และการแก้ปัญหา
 
 3(3-0-6)
 
 
 
 Creative Thinking and Problem Solving
 
 
 
 **CP 350 002 โครงสร้างข้อมูล
 
 3(3-0-6)
 
 
 
 Data Structure
 
 
 
 **SC 501 000 ฟิสิกส์เบื้องต้น
 
 3(3-0-6)
 
 
 
 Elementary Physics
 
 
 
 **SC 501 003 ปฏิบัติการฟิสิกส์ทั่วไป 1
 
 1(0-3-2)
 
 
 
 General Physics Laboratory I
 
 
 
 **CP 372 002 ระบบสารสนเทศภูมิศาสตร์ขั้นแนะน า
 
 3(2-3-6)
 
 
 
 Introduction to Geographic Information System
 
 
 
 **CP 372 011 หลักมูลการรับรู้จากระยะไกล
 
 3(2-3-6)
 
 
 
 Fundamentals of Remote Sensing
 
 รวมจ านวนหน่วยกิตลงทะเบียนเรียน 19 หน่วยกิต"
ใน GIS วิชา CP 371 001 Fundamentals of Geo-informatics คือวิชาอะไร,"CP 371 001
 
 
 
 หลักมูลภูมิสารสนเทศศาสตร์
 
 3(3-0-6)
 
 Fundamentals of Geo-informatics
 
 
 
 เงื่อนไขของรายวิชา : ไม่มี
 
 
 
 วิวัฒนาการด้านเทคโนโลยีภูมิสารสนเทศ ค าจ ากัดความ องค์ประกอบ ระบบการท างาน และ
 
 ศักยภาพในการประยุกต์ใช้เทคโนโลยี 3S ซึ่งประกอบด้วย การรับรู้จากระยะไกล ระบบสารสนเทศภูมิศาสตร์
 
 และระบบน าทางด้วยดาวเทียม
 
 Development of Geo- Informatics technology, definitions, components of 3S
 
 technology systems including Remote Sensing (RS), Geographic Information System (GIS) and
 
 Global Navigation Satellite System (GNSS)."
ใน GIS วิชา CP 371 041 Physical Geography คือวิชาอะไร,"CP 371 041
 
 
 
 ภูมิศาสตร์กายภาพ
 
 3(3-0-6)
 
 
 
 Physical Geography
 
 
 
 เงื่อนไขของรายวิชา: ไม่มี
 
 
 
 แนวคิดเชิงพื้นที่ ภูมิศาสตร์ รูปทรงของโลก เส้นโครงแผนที่ ต าแหน่งและทิศทางบนโลก บรรยากาศ
 
 และอุทกภาค ลมและการไหลเวียน ภูมิอากาศ ดิน และพืชพรรณ ภูมิสัณฐานของพื้นโลก เทคโนโลยีภูมิ
 
 สารสนเทศศาสตร์ในภูมิศาสตร์กายภาพ
 
 Spatial thinking, geography, form of the earth, map projection, location and direction
 
 of the globe, atmosphere and hydrosphere, wind and circulation, climate, soil, vegetation,
 
 land form of the earth’s crust, geo-informatics technology in physical geography"
ใน GIS วิชา การวิเคราะห์เชิงพื้นที่ เป็นวิชาเกี่ยวกับอะไร,"CP 373 201
 
 
 
 การวิเคราะห์เชิงพื้นที่
 
 3(2-3-6)
 
 Geospatial Analysis
 
 
 
 เงื่อนไขของรายวิชา : CP 372 002 หรือ SC 332 002#
 
 
 
 วิธีการและแบบจ าลองข้อมูลเชิงพื้นที่ขั้นแนะน า สถิติเชิงพื้นที่ แบบจ าลองลักษณะทางภูมิประเทศ
 
 แบบจ าลองอุทกวิทยา การประมาณค่ารูปแบบกริดและการสร้างเส้นชั้นความสูง วิธีการประมาณค่าแบบสถิต
 
 เชิงพื้นที่ การวิเคราะห์โครงข่ายและสถานที่ตั้ง การตรวจสอบความถูกต้องเชิงพื้นที่ ข้อมูลขนาดใหญ่เบื้องต้น
 
 และการประยุกต์ใช้
 
 Introduction to spatial data models and methods, spatial statistics, terrain model,
 
 hydrologic model, gridding interpolation and contouring, geostatistical interpolation methods,
 
 network and location analysis, spatial accuracy assessment, introduction to big data, machine
 
 learning and applications"
ใน GIS วิชาการประยุกต์ทาแผนที่บนเว็บ เป็นวิชาเกี่ยวกับอะไร และมีเงื่อนไขรายวิชาไหม,"CP 373 231
 
 
 
 การประยุกต์ท าแผนที่บนเว็บ
 
 3(2-3-6)
 
 
 
 Web mapping application
 
 
 
 เงื่อนไขของรายวิชา : ไม่มี
 
 
 
 เทคโนโลยีและแนวโน้มของระบบสารสนเทศภูมิศาสตร์ผ่านอินเตอร์เน็ตและแผนที่บนเว็บ
 
 ความหมายของการท าแผนที่บนเว็บ โครงสร้างและองค์ประกอบของการท าแผนที่บนเว็บ วิวัฒนาการของ
 
 เทคโนโลยีการท าแผนที่บนเว็บ พื้นฐานการพัฒนาและการประยุกต์ท าแผนที่บนเว็บ การใช้งานภาษา HTML
 
 Javascript PHP และ library ในการพัฒนาแผนที่บนเว็บ เช่น Leaflet และ Mapbox การพัฒนาแผนที่บน
 
 เว็บบนเฟรมเวิร์คที่นิยมในปัจจุบัน เช่น Node.js และ React
 
 Technology and trends of Internet Geographic Information System and web mapping,
 
 definition of web mapping, structures and components of web mapping, technology
 
 evolution of web mapping, basics of web application development using HTML, Javascript,
 
 PHP and related libraries such as Leaflet and Mapbox, modern web application framework
 
 such as Node.js and React."
ใน GIS วิชา CP 373 003 เป็นวิชาเกี่ยวกับอะไร,"CP 373 003
 
 
 
 หลักการท าแผนที่
 
 3(2-3-6)
 
 
 
 Principles of Cartography
 
 
 
 เงื่อนไขของรายวิชา: ไม่มี
 
 
 
 ประวัติและหลักมูลของการท าแผนที่ ชนิดของแผนที่ การท าแผนที่โดยทั่วไป การออกแบบแผนที่ เส้น
 
 โครงแผนที่ การจัดท าแผนที่ แผนที่เฉพาะด้าน กระบวนการทางภูมิศาสตร์ การสร้างแผนที่ 3 มิติ การ
 
 ออกแบบแผนที่แสดงผ่านเว็บไซด์
 
 History and fundamentals of cartography, map types, general cartography, map design,
 
 map projection, map construction, thematic map, geographical process, 3D map, map design
 
 for website mapping."
ใน GIS วิชา CP 372 011 Fundamentals of Remote Sensing เรียนเกี่ยวกับอะไร,"CP 372 011
 
 
 
 หลักมูลการรับรู้จากระยะไกล
 
 3(2-3-6)
 
 
 
 Fundamentals of Remote Sensing
 
 
 
 เงื่อนไขของรายวิชา: ไม่มี
 
 
 
 นิยามและแนวคิดของการรับรู้จากระยะไกล แหล่งพลังงาน การสะท้อนคลื่นแม่เหล็กไฟฟ้า การ
 
 สะท้อนของวัตถุ วิวัฒนาการของการรับรู้จากระยะไกล ดาวเทียมส ารวจทรัพยากรธรรมชาติ เครื่องรับรู้หลาย
 
 ช่วงคลื่น หลักการและองค์ประกอบการแปลตีความภาพด้วยสายตาและกระบวนการประมวลผลภาพเชิงเลข
 
 การประยุกต์การรับรู้จากระยะไกลในการจัดการทรัพยากรธรรมชาติและสิ่งแวดล้อม สังคมและเศรษฐกิจ
 
 Definition and concept of remote sensing, sources of energy, electromagnetic
 
 reflectance, spectral reflectance of object, remote sensing evolution, earth observation
 
 satellites, multispectral sensors,element and concept of viual interpretation and digital image
 
 processing, remote sensing application to natural resources and environmental management,
 
 socail and economic."
ใน GIS วิชา GE 362 198 พลัง งาน และ สิ่งแวดล้อม คือวิชาอะไร,"GE 362 198 พลังงานและสิ่งแวดล้อม
 
 3(3-0-6)
 
 
 
 Energy and Environment
 
 
 
 เงื่อนไขของรายวิชา : ไม่มี
 
 
 
 ธรรมชาติของพลังงานและสิ่งแวดล้อม ผลกระทบของโลกาภิวัตน์ที่มีต่อสถานการณ์พลังงานและ
 
 สิ่งแวดล้อม ผลของการใช้พลังงานต่อชีวิตและสิ่งแวดล้อม หลักของการป้องกันและวิธีแก้ปัญหาด้านพลังงาน
 
 และสิ่งแวดล้อม กรณีศึกษาปัญหาด้านพลังงานและสิ่งแวดล้อมในปัจจุบัน
 
 Nature of energy and environment, impacts of globalization on energy and
 
 environment situation, resultof energy consumption and environment, principle of
 
 prevention and solution for energy and environment, case studies on the current problems
 
 in energy and environment"
ใน GIS วิชา CP 372 021 Introduction to Global Navigation Satellite System เรียนเกี่ยวกับอะไร,"CP 372 021
 
 
 
 ระบบดาวเทียมน าทางสากลขั้นแนะน า
 
 3(2-2-5)
 
 Introduction to Global Navigation Satellite System
 
 
 
 เงื่อนไขของรายวิชา: ไม่มี
 
 
 
 วิชานี้แนะน าหลักการพื้นฐานของระบบดาวเทียมน าทางสากล (GNSS) การระบุพิกัดด้วยดาวเทียม
 
 โครงสร้างของสัญญาณของระบบดาวเทียมน าทางสากล เครื่องรับสัญญาณของระบบดาวเทียมน าทางสากล
 
 การประมวลผลสัญญาณของระบบดาวเทียมน าทางสากล การรังวัดด้วยดาวเทียมแบบจลน์ และโครงข่ายการ
 
 รังวัดด้วยดาวเทียมแบบจลน์ รวมถึงการน าระบบดาวเทียมน าทางสากลไปประยุกต์ใช้งานในด้านต่าง ๆ
 
 This course is aimed to introduce the basic principles of the Global Navigation Satellite
 
 Systems (GNSS), satellite positioning, GNSS signal structures, GNSS receivers, GNSS data
 
 processing, Real Time Kinematic (RTK) GNSS and RTK GNSS Network. This course is also
 
 included the demonstration the various aspects of GNSS applications."
ใน GIS วิชา SC 101 010 Biology For Physical Science Laboratory มีเงื่อนไขรายวิชาไหม,"SC 101 010
 
 
 
 ปฏิบัติการชีววิทยาส าหรับวิทยาศาสตร์กายภาพ
 
 1(0-2-1)
 
 Biology For Physical Science Laboratory
 
 
 
 เงื่อนไขของรายวิชา : SC 101 009 หรือ เรียนพร้อมกันกับรายวิชา SC 101 009#
 
 
 
 การทดลองปฏิบัติการให้สอดคล้องกับวิชา SC 101009 ชีววิทยาส าหรับวิทยาศาสตร์กายภาพ
 
 Laboratory experiments to accompany SC 101009 Biology for Physical Science"
ใน GIS วิชา CP 371 031 Basics of Information Technology คือวิชาอะไร,"CP 371 031
 
 
 
 เทคโนโลยีสารสนเทศขั้นพื้นฐาน
 
 3(2-2-5)
 
 Basics of Information Technology
 
 เงื่อนไขของรายวิชา: ไม่มี
 
 
 
 ระบบคอมพิวเตอร์เบื้องต้นรวมไปถึงการท างานของคอมพิวเตอร์ฮาร์ดแวร์และซอฟต์แวร์แต่ละ
 
 ประเภท การจัดเก็บ วิเคราะห์ และการประมวลผลข้อมูล แนวคิดของข้อมูลเชิงพื้นที่ หลักการของเลขฐาน
 
 และการแทนค่าภาษาเครื่อง แนวคิดของเครือข่ายคอมพิวเตอร์ วิธีการเขียนโปรแกรมคอมพิวเตอร์เบื้องต้น
 
 และการเขียนผังงาน หลักการของฐานข้อมูล ระบบปฏิบัติการและฝึกหัดโปรแกรมประยุกต์ที่จ าเป็นและ
 
 อรรถประโยชน์อื่นๆ
 
 Basic of computer system, including hardware and different types software , data
 
 collection, data analysis and data processing, concepts of spatial data, concepts of binary
 
 system and manchine language, concepts of computer network, overview of computer
 
 programming and flowchart, overview of database, operating systems, labs and exercises on
 
 essential application software and utility programs"
ใน GIS วิชา CP 373 004 ภูมิสารสนเทศศาสตร์ประยุกต์ Applied Geo-informatics คือวิชาอะไร,"CP 373 004 ภูมิสารสนเทศศาสตร์ประยุกต์
 
 3(2-3-6)
 
 
 
 Applied Geo-informatics
 
 
 
 เงื่อนไขของรายวิชา: CP 372 002 และ CP 372 011 หรือ SC 332 002 และ SC
 
 332 011#
 
 
 
 การประยุกต์ภูมิสารสนเทศในด้านการส ารวจทรัพยากรธรรมชาติและสิ่งแวดล้อม กระบวนการของ
 
 โลก การพัฒนาแบบยั่งยืนและการจัดการทรัพยากรแบบบูรณาการ การเฝ้าติดตามภัยพิบัติทางธรรมชาติและ
 
 การจัดการ การวิเคราะห์ทางสิ่งแวดล้อม การประยุกต์ภูมิสารสนเทศในหัวข้อต่าง ๆ
 
 Geo-information applications in natural resources and environment observation, earth
 
 process, sustainable development and integrated resources management, natural disaster
 
 monitoring and management, environmental analysis, the applications of geo-informatics in
 
 several topics"
ใน GIS ถ้าเราไม่ผ่านวิชา CP 350 001 Computer Programming I จะไม่สามารถลงวิชาไหนได้บ้าง,"CP 350 002
 
 
 
 โครงสร้างข้อมูล
 
 3(3-0-6)
 
 Data Structure
 
 
 
 เงื่อนไขของรายวิชา : CP 350 001#
 
 หลักมูลของขั้นตอนวิธี โครงสร้างข้อมูลแบบเชิงเส้น แถวล าดับ เรียงทับซ้อน แถวคอย แถวคอยสอง
 
 ด้าน รายการโยง รายการวง รายการโยงคู่ รายการหลายตัวโยง โครงสร้างข้อมูลไม่เชิงเส้น โครงสร้างรูปต้นไม้
 
 และกราฟ เทคนิคการเรียงล าดับและการค้นหาข้อมูล
 
 Fundamentals of algorithms, linear data structures: arrays, stacks, queues, deques,
 
 linked lists, circular lists, doubly linked lists, multilinked lists, non-linear data structures, tree
 
 structure and graphs, sorting and searching techniques
 
 ===========================================================
 
 CP 373 032
 
 
 
 การเขียนโปรแกรมในระบบสารสนเทศภูมิศาสตร์
 
 3(2-3-6)
 
 
 
 Programming in Geographic Information System
 
 
 
 เงื่อนไขของรายวิชา: CP 350 001 และ CP 372 002 หรือ SC 310 001 และ SC
 
 332 002#
 
 การเขียนโปรแกรมไพทอนขั้นแนะน ากับงานด้านภูมิสารสนเทศศาสตร์ในทางระบบสารสนเทศทาง
 
 ภูมิศาสตร์ การเขียนโปรแกรมไพทอนขั้นพื้นฐาน ความหมายของสคริปต์ แมโคร และ VBA ความแตกต่าง
 
 ระหว่าง VBA และ VB การสร้าง การใช้งานและการลบแมโคร พื้นฐานของ VBA การสร้าง Dialog box การ
 
 ใช้งาน VB Editor รูปแบบโครงสร้างค าสั่งของ VBA ตัวแปรไพทอน ตัวแปร ตัวแปรอเรย์ การควบคุมการไหล
 
 ของข้อมูล การท างานกับแฟ้มข้อมูลเชิงวัตถุ การค้นหาวัตถุ วิธีการและคุณสมบัติที่ต้องการ การใช้งานโมดูล
 
 มาตรฐานและโมดูลทางภูมิสารสนเทศศาสตร์ การเขียนโปรแกรมท างานกับฟังก์ชั่นต่างๆ ในโมดูล ArcPy การ
 
 ท างานแบบมีเงื่อนไขและการท าซ ้า การแก้ปัญหาความผิดพลาด พื้นฐาน ArcObject แนะน าการพัฒนา
 
 ArcGIS Desktop สถาปัตยกรรมซอฟต์แวร์ ArcGIS การปรับแต่งการท างานด้วยการใช้ตัวประสาน การใช้ผัง
 
 แบบจ าลองเชิงวัตถุ การสร้างเครื่องมือ การเขียนโปรแกรมด้วย ArcObject การใช้งานชุดค าสั่ง การจัดการ
 
 กับชุดข้อมูลและชั้นข้อมูล การจัดการข้อมูลคุณลักษณะ การแปลง การแสดงข้อมูล และการด าเนินการกับ
 
 ข้อมูลเวกเตอร์และแรสเตอร์
 
 Introduction to Python programming in Geo-informaticsIS, Python basic programming
 
 definition of script macro and VBA, VBA vs VB, creating running and deleting a macro, VBA
 
 basics, creating dialog box, getting started with VB editor, VBA syntax, python variables,
 
 program variables, array variable, flow control, working with file object, finding the objects,
 
 methods and properties, using standard modules and Geo-informatics modules, programming
 
 with functions in ArcPy module, making decisions and loops statement, debugging code,
 
 ArcObject basics, introducing ArcGIS desktop development, ArcGIS software architecture,
 
 customization of the user interface, using object model diagrams, making tools, programming
 
 with ArcObject, executing commands, dataset and layer management, attribute data
 
 management, data conversion, data display, vector and raster data operations"
ใน GIS วิชาถ้าเราไม่ผ่านวิชา CP 372 002 จะไม่สามารถลงวิชาไหนได้บ้าง,"CP 373 004 ภูมิสารสนเทศศาสตร์ประยุกต์
 
 3(2-3-6)
 
 
 
 Applied Geo-informatics
 
 
 
 เงื่อนไขของรายวิชา: CP 372 002 และ CP 372 011 หรือ SC 332 002 และ SC
 
 332 011#
 
 
 
 การประยุกต์ภูมิสารสนเทศในด้านการส ารวจทรัพยากรธรรมชาติและสิ่งแวดล้อม กระบวนการของ
 
 โลก การพัฒนาแบบยั่งยืนและการจัดการทรัพยากรแบบบูรณาการ การเฝ้าติดตามภัยพิบัติทางธรรมชาติและ
 
 การจัดการ การวิเคราะห์ทางสิ่งแวดล้อม การประยุกต์ภูมิสารสนเทศในหัวข้อต่าง ๆ
 
 Geo-information applications in natural resources and environment observation, earth
 
 process, sustainable development and integrated resources management, natural disaster
 
 monitoring and management, environmental analysis, the applications of geo-informatics in
 
 several topics
 
 ===========================================================
 
 CP 373 032
 
 
 
 การเขียนโปรแกรมในระบบสารสนเทศภูมิศาสตร์
 
 3(2-3-6)
 
 
 
 Programming in Geographic Information System
 
 
 
 เงื่อนไขของรายวิชา: CP 350 001 และ CP 372 002 หรือ SC 310 001 และ SC
 
 332 002#
 
 การเขียนโปรแกรมไพทอนขั้นแนะน ากับงานด้านภูมิสารสนเทศศาสตร์ในทางระบบสารสนเทศทาง
 
 ภูมิศาสตร์ การเขียนโปรแกรมไพทอนขั้นพื้นฐาน ความหมายของสคริปต์ แมโคร และ VBA ความแตกต่าง
 
 ระหว่าง VBA และ VB การสร้าง การใช้งานและการลบแมโคร พื้นฐานของ VBA การสร้าง Dialog box การ
 
 ใช้งาน VB Editor รูปแบบโครงสร้างค าสั่งของ VBA ตัวแปรไพทอน ตัวแปร ตัวแปรอเรย์ การควบคุมการไหล
 
 ของข้อมูล การท างานกับแฟ้มข้อมูลเชิงวัตถุ การค้นหาวัตถุ วิธีการและคุณสมบัติที่ต้องการ การใช้งานโมดูล
 
 มาตรฐานและโมดูลทางภูมิสารสนเทศศาสตร์ การเขียนโปรแกรมท างานกับฟังก์ชั่นต่างๆ ในโมดูล ArcPy การ
 
 ท างานแบบมีเงื่อนไขและการท าซ ้า การแก้ปัญหาความผิดพลาด พื้นฐาน ArcObject แนะน าการพัฒนา
 
 ArcGIS Desktop สถาปัตยกรรมซอฟต์แวร์ ArcGIS การปรับแต่งการท างานด้วยการใช้ตัวประสาน การใช้ผัง
 
 แบบจ าลองเชิงวัตถุ การสร้างเครื่องมือ การเขียนโปรแกรมด้วย ArcObject การใช้งานชุดค าสั่ง การจัดการ
 
 กับชุดข้อมูลและชั้นข้อมูล การจัดการข้อมูลคุณลักษณะ การแปลง การแสดงข้อมูล และการด าเนินการกับ
 
 ข้อมูลเวกเตอร์และแรสเตอร์
 
 Introduction to Python programming in Geo-informaticsIS, Python basic programming
 
 definition of script macro and VBA, VBA vs VB, creating running and deleting a macro, VBA
 
 basics, creating dialog box, getting started with VB editor, VBA syntax, python variables,
 
 program variables, array variable, flow control, working with file object, finding the objects,
 
 methods and properties, using standard modules and Geo-informatics modules, programming
 
 with functions in ArcPy module, making decisions and loops statement, debugging code,
 
 ArcObject basics, introducing ArcGIS desktop development, ArcGIS software architecture,
 
 customization of the user interface, using object model diagrams, making tools, programming
 
 with ArcObject, executing commands, dataset and layer management, attribute data
 
 management, data conversion, data display, vector and raster data operations
 
 ===========================================================
 
 CP 373 201
 
 
 
 การวิเคราะห์เชิงพื้นที่
 
 3(2-3-6)
 
 Geospatial Analysis
 
 
 
 เงื่อนไขของรายวิชา : CP 372 002 หรือ SC 332 002#
 
 
 
 วิธีการและแบบจ าลองข้อมูลเชิงพื้นที่ขั้นแนะน า สถิติเชิงพื้นที่ แบบจ าลองลักษณะทางภูมิประเทศ
 
 แบบจ าลองอุทกวิทยา การประมาณค่ารูปแบบกริดและการสร้างเส้นชั้นความสูง วิธีการประมาณค่าแบบสถิต
 
 เชิงพื้นที่ การวิเคราะห์โครงข่ายและสถานที่ตั้ง การตรวจสอบความถูกต้องเชิงพื้นที่ ข้อมูลขนาดใหญ่เบื้องต้น
 
 และการประยุกต์ใช้
 
 Introduction to spatial data models and methods, spatial statistics, terrain model,
 
 hydrologic model, gridding interpolation and contouring, geostatistical interpolation methods,
 
 network and location analysis, spatial accuracy assessment, introduction to big data, machine
 
 learning and applications"
ใน GIS วิชาถ้าเราไม่ผ่านวิชา CP 372 011 Fundamentals of Remote Sensing จะไม่สามารถลงวิชาไหนได้บ้าง,"CP 372 012
 
 
 
 การประมวลผลเชิงเลขของข้อมูลจากดาวเทียม
 
 3(2-3-6)
 
 
 
 Digital Processing of Satellite Data
 
 
 
 เงื่อนไขของรายวิชา: CP 372 011 หรือ SC 332 011#
 
 
 
 ข้อมูลเชิงเลขภาพถ่ายดาวเทียม การแสดงภาพ การแก้ไขเชิงคลื่นและเชิงต าแหน่ง การเน้นข้อมูลภาพ
 
 การจ าแนกภาพ การตรวจสอบความถูกต้อง การวิเคราะห์ภาพเชิงวัตถุ การประมวลผลภาพเรดาห์ช่องรับแสง
 
 สังเคราะห์เบื้องต้น การประมวลผลภาพถ่ายดาวเทียมบนระบบคลาวด์ การประยุกต์ข้อมูลภาพถ่ายจาก
 
 ดาวเทียมด้านการใช้ที่ดิน ป่าไม้ แหล่งน ้า และอื่นๆ
 
 Digital data of satellite image, image display, radiometric and geometric correction,
 
 image enhancement, image classification, accuracy assessment, object-based image analysis,
 
 basic of synthetic aperture radar image processing, image processing on the cloud, application
 
 for land use, forest, water resource and etc.
 
 ===========================================================
 
 CP 372 021
 
 
 
 ระบบดาวเทียมน าทางสากลขั้นแนะน า
 
 3(2-2-5)
 
 Introduction to Global Navigation Satellite System
 
 
 
 เงื่อนไขของรายวิชา: ไม่มี
 
 
 
 วิชานี้แนะน าหลักการพื้นฐานของระบบดาวเทียมน าทางสากล (GNSS) การระบุพิกัดด้วยดาวเทียม
 
 โครงสร้างของสัญญาณของระบบดาวเทียมน าทางสากล เครื่องรับสัญญาณของระบบดาวเทียมน าทางสากล
 
 การประมวลผลสัญญาณของระบบดาวเทียมน าทางสากล การรังวัดด้วยดาวเทียมแบบจลน์ และโครงข่ายการ
 
 รังวัดด้วยดาวเทียมแบบจลน์ รวมถึงการน าระบบดาวเทียมน าทางสากลไปประยุกต์ใช้งานในด้านต่าง ๆ
 
 This course is aimed to introduce the basic principles of the Global Navigation Satellite
 
 Systems (GNSS), satellite positioning, GNSS signal structures, GNSS receivers, GNSS data
 
 processing, Real Time Kinematic (RTK) GNSS and RTK GNSS Network. This course is also
 
 included the demonstration the various aspects of GNSS applications.
 
 ===========================================================
 
 CP 373 004 ภูมิสารสนเทศศาสตร์ประยุกต์
 
 3(2-3-6)
 
 
 
 Applied Geo-informatics
 
 
 
 เงื่อนไขของรายวิชา: CP 372 002 และ CP 372 011 หรือ SC 332 002 และ SC
 
 332 011#
 
 
 
 การประยุกต์ภูมิสารสนเทศในด้านการส ารวจทรัพยากรธรรมชาติและสิ่งแวดล้อม กระบวนการของ
 
 โลก การพัฒนาแบบยั่งยืนและการจัดการทรัพยากรแบบบูรณาการ การเฝ้าติดตามภัยพิบัติทางธรรมชาติและ
 
 การจัดการ การวิเคราะห์ทางสิ่งแวดล้อม การประยุกต์ภูมิสารสนเทศในหัวข้อต่าง ๆ
 
 Geo-information applications in natural resources and environment observation, earth
 
 process, sustainable development and integrated resources management, natural disaster
 
 monitoring and management, environmental analysis, the applications of geo-informatics in
 
 several topics
 
 ===========================================================
 
 CP 373 111
 
 
 
 การรับรู้จากระยะไกลด้วยคลื่นไมโครเวฟขั้นแนะน า
 
 3(3-0-6)
 
 Introduction to Microwave Remote Sensing
 
 
 
 เงื่อนไขของรายวิชา : CP 372 011#
 
 
 
 ความหมายของคลื่นไมโครเวฟและเรดาร์ สมการเรดาร์และช่วงคลื่น เรดาร์ช่องเปิดสังเคราะห์ เรดาร์
 
 ช่องเปิดจริง พารามิเตอร์ของระบบเรดาร์ พารามิเตอร์ของพื้นที่ เรขาคณิตของเรดาร์ อินเทอร์เฟอโรเมตรีของ
 
 เรดาร์ คุณลักษณะข้อมูลภาพเรดาร์ ประเภทของดาวเทียมเรดาร์ การแปลตีความข้อมูลและการใช้ประโยชน์
 
 จากดาวเทียมเรดาร์ การประมวลผลภาพเชิงเลข การประยุกต์ใช้ข้อมูลเรดาร์ด้านป่าไม้ ธรณีวิทยา อุทกวิทยา
 
 การใช้ที่ดินและอื่นๆ
 
 Definition of microwave and radar, radar equation and wavelength, synthetic aperture
 
 radar, real aperture radar, system parameters, ground parameters, radar geometry,
 
 interferometry, digital radar image processing, , radar image interpretation, characteristics of
 
 radar satellites and its applications in forestry, geology, hydrology, land use and others."
ใน GIS ขอดูรายละเอียดของ CP 373 201 Geospatial Analysis ต้องทำยังไง,"CP 373 201
 
 
 
 การวิเคราะห์เชิงพื้นที่
 
 3(2-3-6)
 
 Geospatial Analysis
 
 
 
 เงื่อนไขของรายวิชา : CP 372 002 หรือ SC 332 002#
 
 
 
 วิธีการและแบบจ าลองข้อมูลเชิงพื้นที่ขั้นแนะน า สถิติเชิงพื้นที่ แบบจ าลองลักษณะทางภูมิประเทศ
 
 แบบจ าลองอุทกวิทยา การประมาณค่ารูปแบบกริดและการสร้างเส้นชั้นความสูง วิธีการประมาณค่าแบบสถิต
 
 เชิงพื้นที่ การวิเคราะห์โครงข่ายและสถานที่ตั้ง การตรวจสอบความถูกต้องเชิงพื้นที่ ข้อมูลขนาดใหญ่เบื้องต้น
 
 และการประยุกต์ใช้
 
 Introduction to spatial data models and methods, spatial statistics, terrain model,
 
 hydrologic model, gridding interpolation and contouring, geostatistical interpolation methods,
 
 network and location analysis, spatial accuracy assessment, introduction to big data, machine
 
 learning and applications"
ใน GIS ขอดูรายละเอียดของ CP 373 112 Unmanned Aerial Vehicle Mapping หน่อย,"CP 373 112
 
 
 
 การท าแผนที่ด้วยอากาศยานไร้คนขับ
 
 3(2-3-6)
 
 Unmanned Aerial Vehicle Mapping
 
 
 
 เงื่อนไขของรายวิชา : ไม่มี
 
 
 
 การวางแผนและควบคุมการบินอากาศยานไร้คนขับเพื่อการท าแผนที่ การประมวลผลข้อมูลภาพถ่าย
 
 เพื่อจัดท าแผนที่หรือแบบจ าลอง 3 มิติ จุดควบคุม โฟโตแกรมเมตรี การวิเคราะห์ข้อมูลภาพถ่ายทางอากาศ
 
 รวมไปถึงการสกัดและจ าแนกวัตถุหรือข้อมูลเชิงพื้นที่อัตโนมัติ การประยุกต์ใช้อากาศยานไร้คนขับในงาน
 
 ส ารวจประเภทต่าง ๆ ประเด็นเรื่องกฎหมายและข้อบังคับในการใช้อากาศยานไร้คนขับ
 
 Planning and Piloting Unmanned Aerial Vehicle (UAV) for mapping, aerial image analysis
 
 for maps and 3D, ground control points, photogrametry, models creation, automated aerial
 
 image analysis for objects or spatial data classification, applications of UAV for surveys, rules
 
 and regulations of UAV"
ใน GIS ขอดูรายละเอียดของ วิชา CP 372 032 ระบบจัดการฐานข้อมูล และ การออกแบบฐานข้อมูล กับ CP 372 033 ปฏิบัติการระบบฐานข้อมูล และการออกแบบหน่อย,"CP 372 032 ระบบฐานข้อมูลและการออกแบบ
 
 Laboratory experiments to accompany **CP 372 032 Database Systems and Design
 
 
 
 **CP 371 001
 
 
 
 หลักมูลภูมิสารสนเทศศาสตร์
 
 3(3-0-6)
 
 Fundamentals of Geo-informatics
 
 
 
 เงื่อนไขของรายวิชา : ไม่มี
 
 
 
 วิวัฒนาการด้านเทคโนโลยีภูมิสารสนเทศ ค าจ ากัดความ องค์ประกอบ ระบบการท างาน และ
 
 ศักยภาพในการประยุกต์ใช้เทคโนโลยี 3S ซึ่งประกอบด้วย การรับรู้จากระยะไกล ระบบสารสนเทศภูมิศาสตร์
 
 และระบบน าทางด้วยดาวเทียม
 
 Development of Geo- Informatics technology, definitions, components of 3S
 
 technology systems including Remote Sensing (RS), Geographic Information System (GIS) and
 
 Global Navigation Satellite System (GNSS).
 
 
 
 ===========================================================
 
 CP 372 033
 
 
 
 ปฏิบัติการระบบฐานข้อมูลและการออกแบบ
 
 1(0-2-2)
 
 Database Management System and Database Design
 
 Laboratory
 
 
 
 เงื่อนไขของรายวิชา : ไม่มี
 
 
 
 การทดลองปฏิบัติการให้สอดคล้องกับวิชา **CP 372 032 ระบบฐานข้อมูลและการออกแบบ
 
 Laboratory experiments to accompany **CP 372 032 Database Systems and Design"
ใน GIS ขอดูรายละเอียดของ วิชา CP 373 101 City Planning and Geo-informatics กับ CP 373 112 Unmanned Aerial Vehicle Mapping หน่อย,"CP 373 101
 
 
 
 การวางผังเมืองและภูมิสารสนเทศศาสตร์
 
 3(3-0-6)
 
 City Planning and Geo-informatics
 
 
 
 เงื่อนไขของรายวิชา: ไม่มี
 
 ความหมายและองค์ประกอบทางกายภาพของชุมชนเมือง ลักษณะของผังเมืองรวมและการจ าแนก
 
 ประเภทของการใช้ประโยชน์ที่ดิน รวมถึงประเด็นเรื่องกฎหมายและข้อบังคับต่างๆ ทางด้านผังเมือง ปัจจัย
 
 เชิงพื้นที่และปัจจัยเชิงเศรษฐกิจและสังคมที่มีผลต่อการขยายตัวของชุมชนเมือง การวิเคราะห์ปัจจัยที่มีผลต่อ
 
 การเติบโตของชุมชนเมือง การสร้างแบบจ าลองการเติบโตของชุมชนเมืองด้วยการวิเคราะห์แบบซ้อนทับให้ค่า
 
 น ้าหนัก
 
 Definition of urban and its physical components. Characteristics of city comprehensive
 
 plan and land use types, including codes and regulations regard city planning. Physical and
 
 socio-economic driving factors influential to urban growth. Analysis of factors influencing
 
 urban growth. Urban growth modeling using weight overlay analysis.
 
 ===========================================================
 
 CP 373 112
 
 
 
 การท าแผนที่ด้วยอากาศยานไร้คนขับ
 
 3(2-3-6)
 
 Unmanned Aerial Vehicle Mapping
 
 
 
 เงื่อนไขของรายวิชา : ไม่มี
 
 
 
 การวางแผนและควบคุมการบินอากาศยานไร้คนขับเพื่อการท าแผนที่ การประมวลผลข้อมูลภาพถ่าย
 
 เพื่อจัดท าแผนที่หรือแบบจ าลอง 3 มิติ จุดควบคุม โฟโตแกรมเมตรี การวิเคราะห์ข้อมูลภาพถ่ายทางอากาศ
 
 รวมไปถึงการสกัดและจ าแนกวัตถุหรือข้อมูลเชิงพื้นที่อัตโนมัติ การประยุกต์ใช้อากาศยานไร้คนขับในงาน
 
 ส ารวจประเภทต่าง ๆ ประเด็นเรื่องกฎหมายและข้อบังคับในการใช้อากาศยานไร้คนขับ
 
 Planning and Piloting Unmanned Aerial Vehicle (UAV) for mapping, aerial image analysis
 
 for maps and 3D, ground control points, photogrametry, models creation, automated aerial
 
 image analysis for objects or spatial data classification, applications of UAV for surveys, rules
 
 and regulations of UAV"
ใน GIS ขอดูรายละเอียดของ วิชา CP 373 231 Web mapping application กับ CP 373 112 Unmanned Aerial Vehicle Mapping หน่อย,"CP 373 231
 
 
 
 การประยุกต์ท าแผนที่บนเว็บ
 
 3(2-3-6)
 
 
 
 Web mapping application
 
 
 
 เงื่อนไขของรายวิชา : ไม่มี
 
 
 
 เทคโนโลยีและแนวโน้มของระบบสารสนเทศภูมิศาสตร์ผ่านอินเตอร์เน็ตและแผนที่บนเว็บ
 
 ความหมายของการท าแผนที่บนเว็บ โครงสร้างและองค์ประกอบของการท าแผนที่บนเว็บ วิวัฒนาการของ
 
 เทคโนโลยีการท าแผนที่บนเว็บ พื้นฐานการพัฒนาและการประยุกต์ท าแผนที่บนเว็บ การใช้งานภาษา HTML
 
 Javascript PHP และ library ในการพัฒนาแผนที่บนเว็บ เช่น Leaflet และ Mapbox การพัฒนาแผนที่บน
 
 เว็บบนเฟรมเวิร์คที่นิยมในปัจจุบัน เช่น Node.js และ React
 
 Technology and trends of Internet Geographic Information System and web mapping,
 
 definition of web mapping, structures and components of web mapping, technology
 
 evolution of web mapping, basics of web application development using HTML, Javascript,
 
 PHP and related libraries such as Leaflet and Mapbox, modern web application framework
 
 such as Node.js and React.
 
 ===========================================================
 
 CP 373 112
 
 
 
 การท าแผนที่ด้วยอากาศยานไร้คนขับ
 
 3(2-3-6)
 
 Unmanned Aerial Vehicle Mapping
 
 
 
 เงื่อนไขของรายวิชา : ไม่มี
 
 
 
 การวางแผนและควบคุมการบินอากาศยานไร้คนขับเพื่อการท าแผนที่ การประมวลผลข้อมูลภาพถ่าย
 
 เพื่อจัดท าแผนที่หรือแบบจ าลอง 3 มิติ จุดควบคุม โฟโตแกรมเมตรี การวิเคราะห์ข้อมูลภาพถ่ายทางอากาศ
 
 รวมไปถึงการสกัดและจ าแนกวัตถุหรือข้อมูลเชิงพื้นที่อัตโนมัติ การประยุกต์ใช้อากาศยานไร้คนขับในงาน
 
 ส ารวจประเภทต่าง ๆ ประเด็นเรื่องกฎหมายและข้อบังคับในการใช้อากาศยานไร้คนขับ
 
 Planning and Piloting Unmanned Aerial Vehicle (UAV) for mapping, aerial image analysis
 
 for maps and 3D, ground control points, photogrametry, models creation, automated aerial
 
 image analysis for objects or spatial data classification, applications of UAV for surveys, rules
 
 and regulations of UAV"
ใน GIS ขอดูรายละเอียดของ วิชา CP 373 122 กับ CP 373 111 หน่อย,"CP 373 122
 
 
 
 การส ารวจรังวัดเบื้องต้น
 
 3(2-3-6)
 
 Introduction to Surveying
 
 
 
 เงื่อนไขของรายวิชา : ไม่มี
 
 
 
 นิยามและแนวคิดของการส ารวจรังวัด ทฤษฎีการวัดและความคลาดเคลื่อน การวัดระยะทางราบ การ
 
 ท าระดับ การวัดมุม เส้นชั้นความสูง ข้อมูลความสูงเชิงเลข การท าวงรอบ เส้นโครงแผนที่
 
 Definition and concept of survey, theory of measure and errors, horizontal
 
 measurement, leveling, angle measurement, contour, digital elevation model, traversing, map
 
 projection
 
 ===========================================================
 
 CP 373 111
 
 
 
 การรับรู้จากระยะไกลด้วยคลื่นไมโครเวฟขั้นแนะน า
 
 3(3-0-6)
 
 Introduction to Microwave Remote Sensing
 
 
 
 เงื่อนไขของรายวิชา : CP 372 011#
 
 
 
 ความหมายของคลื่นไมโครเวฟและเรดาร์ สมการเรดาร์และช่วงคลื่น เรดาร์ช่องเปิดสังเคราะห์ เรดาร์
 
 ช่องเปิดจริง พารามิเตอร์ของระบบเรดาร์ พารามิเตอร์ของพื้นที่ เรขาคณิตของเรดาร์ อินเทอร์เฟอโรเมตรีของ
 
 เรดาร์ คุณลักษณะข้อมูลภาพเรดาร์ ประเภทของดาวเทียมเรดาร์ การแปลตีความข้อมูลและการใช้ประโยชน์
 
 จากดาวเทียมเรดาร์ การประมวลผลภาพเชิงเลข การประยุกต์ใช้ข้อมูลเรดาร์ด้านป่าไม้ ธรณีวิทยา อุทกวิทยา
 
 การใช้ที่ดินและอื่นๆ
 
 Definition of microwave and radar, radar equation and wavelength, synthetic aperture
 
 radar, real aperture radar, system parameters, ground parameters, radar geometry,
 
 interferometry, digital radar image processing, , radar image interpretation, characteristics of
 
 radar satellites and its applications in forestry, geology, hydrology, land use and others."
ใน GIS วิชา CP 373 004 Applied Geo-informatics มีเงื่อนไขรายวิชา,"CP 373 004 ภูมิสารสนเทศศาสตร์ประยุกต์
 
 3(2-3-6)
 
 
 
 Applied Geo-informatics
 
 
 
 เงื่อนไขของรายวิชา: CP 372 002 และ CP 372 011 หรือ SC 332 002 และ SC
 
 332 011#
 
 
 
 การประยุกต์ภูมิสารสนเทศในด้านการส ารวจทรัพยากรธรรมชาติและสิ่งแวดล้อม กระบวนการของ
 
 โลก การพัฒนาแบบยั่งยืนและการจัดการทรัพยากรแบบบูรณาการ การเฝ้าติดตามภัยพิบัติทางธรรมชาติและ
 
 การจัดการ การวิเคราะห์ทางสิ่งแวดล้อม การประยุกต์ภูมิสารสนเทศในหัวข้อต่าง ๆ
 
 Geo-information applications in natural resources and environment observation, earth
 
 process, sustainable development and integrated resources management, natural disaster
 
 monitoring and management, environmental analysis, the applications of geo-informatics in
 
 several topics"
ใน GIS วิชา CP 373 032 Programming in Geographic Information System มีเงื่อนไขรายวิชาไหม,"CP 373 032
 
 
 
 การเขียนโปรแกรมในระบบสารสนเทศภูมิศาสตร์
 
 3(2-3-6)
 
 
 
 Programming in Geographic Information System
 
 
 
 เงื่อนไขของรายวิชา: CP 350 001 และ CP 372 002 หรือ SC 310 001 และ SC
 
 332 002#
 
 การเขียนโปรแกรมไพทอนขั้นแนะน ากับงานด้านภูมิสารสนเทศศาสตร์ในทางระบบสารสนเทศทาง
 
 ภูมิศาสตร์ การเขียนโปรแกรมไพทอนขั้นพื้นฐาน ความหมายของสคริปต์ แมโคร และ VBA ความแตกต่าง
 
 ระหว่าง VBA และ VB การสร้าง การใช้งานและการลบแมโคร พื้นฐานของ VBA การสร้าง Dialog box การ
 
 ใช้งาน VB Editor รูปแบบโครงสร้างค าสั่งของ VBA ตัวแปรไพทอน ตัวแปร ตัวแปรอเรย์ การควบคุมการไหล
 
 ของข้อมูล การท างานกับแฟ้มข้อมูลเชิงวัตถุ การค้นหาวัตถุ วิธีการและคุณสมบัติที่ต้องการ การใช้งานโมดูล
 
 มาตรฐานและโมดูลทางภูมิสารสนเทศศาสตร์ การเขียนโปรแกรมท างานกับฟังก์ชั่นต่างๆ ในโมดูล ArcPy การ
 
 ท างานแบบมีเงื่อนไขและการท าซ ้า การแก้ปัญหาความผิดพลาด พื้นฐาน ArcObject แนะน าการพัฒนา
 
 ArcGIS Desktop สถาปัตยกรรมซอฟต์แวร์ ArcGIS การปรับแต่งการท างานด้วยการใช้ตัวประสาน การใช้ผัง
 
 แบบจ าลองเชิงวัตถุ การสร้างเครื่องมือ การเขียนโปรแกรมด้วย ArcObject การใช้งานชุดค าสั่ง การจัดการ
 
 กับชุดข้อมูลและชั้นข้อมูล การจัดการข้อมูลคุณลักษณะ การแปลง การแสดงข้อมูล และการด าเนินการกับ
 
 ข้อมูลเวกเตอร์และแรสเตอร์
 
 Introduction to Python programming in Geo-informaticsIS, Python basic programming
 
 definition of script macro and VBA, VBA vs VB, creating running and deleting a macro, VBA
 
 basics, creating dialog box, getting started with VB editor, VBA syntax, python variables,
 
 program variables, array variable, flow control, working with file object, finding the objects,
 
 methods and properties, using standard modules and Geo-informatics modules, programming
 
 with functions in ArcPy module, making decisions and loops statement, debugging code,
 
 ArcObject basics, introducing ArcGIS desktop development, ArcGIS software architecture,
 
 customization of the user interface, using object model diagrams, making tools, programming
 
 with ArcObject, executing commands, dataset and layer management, attribute data
 
 management, data conversion, data display, vector and raster data operations"
ใน GIS วิชา CP 373 042 การวางแผนการใช้ที่ดินขั้นแนะนำ มีเงื่อนไขรายวิชาไหม,"CP 373 042
 
 
 
 การวางแผนการใช้ที่ดินขั้นแนะน า
 
 3(3-0-6)
 
 
 
 Introduction to Land Use Planning
 
 
 
 เงื่อนไขของรายวิชา : ไม่มี
 
 
 
 ที่ดิน หน่วยที่ดิน การบ่งชี้และการจ าแนกการใช้ที่ดิน การจัดการที่ดิน ธรรมชาติและขอบเขตการวาง
 
 แผนการใช้ที่ดิน กระบวนการวางแผน ขั้นตอนในการวางแผนการใช้ที่ดิน การเสื่อมโทรมของที่ดินและปัญหา
 
 การใช้ที่ดิน การประเมินที่ดิน กรณีศึกษาการวางแผนการใช้ที่ดิน
 
 Land, land unit, land use identification/classification, land management, nature and
 
 scope of land use planning, planning process, step in land use planning, factors affecting land
 
 degradation and land use problems, land evaluation, case study of land use planning."
ใน GIS ขอดูรายละเอียดของ วิชา SC 501 000 ฟิสิกส์ เบื้องต้นหน่อย,"SC 501 000
 
 ฟิสิกส์เบื้องต้น
 3(3-0-6)
 Elementary Physics
 
 เงื่อนไขของรายวิชา : ไม่มี
 
 ทฤษฎีและการประยุกต์ของกลศาสตร์ กลศาสตร์ของไหล ความร้อนและอุณหพลศาสตร์
 กระแสไฟฟ้า-อิเล็กทรอนิกส์ เสียง ทัศนศาสตร์ ฟิสิกส์อะตอม กัมมันตภาพรังสี
 Theories and applications of mechanics, fluid mechanics, heat and thermodynamics,
 electric current electronics, acoustics, optics, physics, atomic radio activity"
ใน GIS ขอดูรายละเอียดของ วิชา SC 602 007 หน่อย,"SC 602 007
 
 
 
 สถิติส าหรับวิทยาศาสตร์กายภาพ
 
 3(3-0-6)
 
 Statistics for Physical Science
 
 
 
 เงื่อนไขของรายวิชา : ไม่มี
 
 ความหมายและระเบียบวิธีสถิติความฉลาดรู้ทางข้อมูล การประยุกต์ของสถิติในการวิจัยทาง
 
 วิทยาศาสตร์กายภาพ การวัดแนวโน้มเข้าสู่ส่วนกลาง การวัดการกระจาย การแจกแจงปรกติ การแจกแจงค่า
 
 ตัวอย่าง การประมาณค่า การก าหนดขนาด ตัวอย่าง การทดสอบสมมติฐาน การทดสอบแบบไม่ใช้
 
 พารามิเตอร์ การวิเคราะห์ความแปรปรวน การเปรียบเทียบพหุคูณ การวิเคราะห์ข้อมูลเชิงจ าแนก การ
 
 วิเคราะห์สหสัมพันธ์และการถดถอยเชิงเส้น การวิเคราะห์ข้อมูลโดยใช้โปรแกรมส าเร็จรูปทาง สถิติและ
 
 ตัวอย่างข้อมูลทางวิทยาศาสตร์กายภาพ
 
 Meaning and statistics method, data literacy, application of statistics in physical science
 
 research, measures of central tendency, measures of dispersion, normal distribution, sampling
 
 distributions, estimation, sample size determination, hypothesis testing, nonparametric
 
 testing, analysis of variance, multiple comparisons, categorical data analysis, correlations and
 
 linear regression analysis, data analysis by using statistical package program and examples of
 
 physical data"
ใน GIS วิชา SC 401 006 คณิตศาสตร์ทั่วไป กับ วิชา SC 402 101 พีชคณิต เชิงเส้น 1 มันแตกต่างกันยังไง,"SC 401 006 คณิตศาสตร์ทั่วไป
 
 3(3-0-6)
 
 General Mathematics
 
 
 
 เงื่อนไขของรายวิชา : ไม่มี
 
 
 
 เวกเตอร์และเรขาคณิตวิเคราะห์ในปริภูมิ 3 มิติ เมทริกซ์ ระบบสมการเชิงเส้น ลิมิตและความต่อเนื่อง
 
 อนุพันธ์และการประยุกต์ ปริพันธ์และการประยุกต์
 
 Vectors and analytical geometry in 3 dimensional spaces, matrices, systems of linear
 
 equations, limits and continuity, derivatives and applications, integrals and applications
 
 ===========================================================
 
 SC 402 101
 
 
 
 พีชคณิตเชิงเส้น 1
 
 3(3-0-6)
 
 
 
 Linear Algebra I
 
 
 
 เงื่อนไขของรายวิชา : ไม่มี
 
 
 
 เมทริกซ์และดีเทอร์มิแนนท์ ระบบสมการเชิงเส้นและการด าเนินการขั้นมูลฐาน ปริภูมิเวกเตอร์ การ
 
 แปลงเชิงเส้น ค่าเฉพาะและเวกเตอร์เฉพาะและการประยุกต์
 
 Matrices and determinants, system of linear equations and elementary operations,
 
 vector spaces, linear transformations, eigenvalues and eigenvectors and applications"
ใน GIS วิชา SC 501 000 Elementary Physics กับ วิชา SC 201 006 General Chemistry Laboratory มันแตกต่างกันยังไง,"SC 501 000
 
 
 
 ฟิสิกส์เบื้องต้น
 
 3(3-0-6)
 
 Elementary Physics
 
 
 
 เงื่อนไขของรายวิชา : ไม่มี
 
 
 
 ทฤษฎีและการประยุกต์ของกลศาสตร์ กลศาสตร์ของไหล ความร้อนและอุณหพลศาสตร์
 
 กระแสไฟฟ้า-อิเล็กทรอนิกส์ เสียง ทัศนศาสตร์ ฟิสิกส์อะตอม กัมมันตภาพรังสี
 
 Theories and applications of mechanics, fluid mechanics, heat and thermodynamics,
 
 electric current electronics, acoustics, optics, physics, atomic radio activity
 
 ===========================================================
 
 SC 201 006 ปฏิบัติการเคมีทั่วไป
 
 1(0-3-2)
 
 General Chemistry Laboratory
 
 
 
 เงื่อนไขของรายวิชา : รายวิชาที่ต้องเรียนพร้อมกัน SC 201 005 หรือ SC 202 007
 
 หรือ SC 201 008#
 
 
 
 ปฏิบัติการเกี่ยวกับเนื้อหาในวิชา **SC 201 005 (เคมีทั่วไป) หรือ **SC 202 007 (เคมีพื้นฐาน)
 
 หรือ **SC 201 008 (เคมีหลักมูล)
 
 The laboratory experiments related to contents in **SC 201 005 (General Chemistry) ,
 
 **SC 202 007 (Basic Chemistry) and **SC 201 008 (Fundamental Chemistry)"
ใน GIS วิชา ฟิสิกส์ เบื้องต้น กับ ปฏิบัติการฟิสิกส์ทั่วไป 1 มันแตกต่างกันยังไง,"SC 501 000
 
 
 
 ฟิสิกส์เบื้องต้น
 
 3(3-0-6)
 
 Elementary Physics
 
 
 
 เงื่อนไขของรายวิชา : ไม่มี
 
 
 
 ทฤษฎีและการประยุกต์ของกลศาสตร์ กลศาสตร์ของไหล ความร้อนและอุณหพลศาสตร์
 
 กระแสไฟฟ้า-อิเล็กทรอนิกส์ เสียง ทัศนศาสตร์ ฟิสิกส์อะตอม กัมมันตภาพรังสี
 
 Theories and applications of mechanics, fluid mechanics, heat and thermodynamics,
 
 electric current electronics, acoustics, optics, physics, atomic radio activity
 
 ===========================================================
 
 SC 501 003
 
 
 
 ปฏิบัติการฟิสิกส์ทั่วไป 1
 
 1(0-3-2)
 
 General Physics Laboratory I
 
 
 
 เงื่อนไขของรายวิชา : ไม่มี
 
 
 
 การวัดและวิเคราะห์ข้อมูล การรวมแรงย่อย โมดูลัสแบบของยัง ลูกตุ้มนาฬิกาอย่างง่าย เครื่องชั่ง
 
 ความถ่วงจ าเพาะ การวัดความหนืดของ ของเหลวโดยใช้กฎของสโตกส์ พลศาสตร์การหมุน สัมประสิทธิ์ ของ
 
 การขยายตัวตามเส้น การสั่นพ้องในท่ออากาศ การทดลองของเมลด์
 
 Measurement and data analysis, component of force, Young’ s modulus, simple
 
 pendulum, Westphal specific gravity balance, viscosity measurement using Stoke’ s law,
 
 rotational dynamics, coefficient of linear expansion,resonance in air columns and Meld’s
 
 experiment"
ใน GIS วิชา CP 372 032 Database Management System and Database Design กับ CP 372 033 Database Management System and Database Design Laboratory มันแตกต่างกันยังไง,"CP 372 032
 
 
 
 ระบบจัดการฐานข้อมูลและการออกแบบฐานข้อมูล
 
 3(3-0-6)
 
 
 
 Database Management System and Database Design
 
 
 
 เงื่อนไขของรายวิชา : ไม่มี
 
 
 
 แนวคิดระบบจัดการฐานข้อมูลขั้นแนะน า รูปแบบข้อมูลและภาษา ทฤษฎีฐานข้อมูลเชิงสัมพันธ์ การ
 
 ออกแบบฐานข้อมูล การจัดระเบียบแฟ้ม การประมวลผลข้อค าถาม การควบคุมภาวะพร้อมกัน การ
 
 ย้อนกลับและการกู้คืน บูรณภาพและความต้องกัน ทัศนะการท าให้เกิดผล ความมั่นคงของฐานข้อมูล
 
 เทคนิคการท าให้เกิดผลส าหรับระบบฐานข้อมูล
 
 Introduction to Database Management System (DBMS) concepts, data models and
 
 languages, relational database theory, database design, file organization, query processing,
 
 concurrency control, rollback and recovery, integrity and consistency, and view
 
 implementation, database security, implementation techniques for database systems
 
 ===========================================================
 
 CP 372 033
 
 
 
 ปฏิบัติการระบบฐานข้อมูลและการออกแบบ
 
 1(0-2-2)
 
 Database Management System and Database Design
 
 Laboratory
 
 
 
 เงื่อนไขของรายวิชา : ไม่มี
 
 
 
 การทดลองปฏิบัติการให้สอดคล้องกับวิชา **CP 372 032 ระบบฐานข้อมูลและการออกแบบ
 
 Laboratory experiments to accompany **CP 372 032 Database Systems and Design"
ใน GIS วิชา CP 373 122 กับ CP 373 111 มันแตกต่างกันยังไง,"CP 373 122
 
 
 
 การส ารวจรังวัดเบื้องต้น
 
 3(2-3-6)
 
 Introduction to Surveying
 
 
 
 เงื่อนไขของรายวิชา : ไม่มี
 
 
 
 นิยามและแนวคิดของการส ารวจรังวัด ทฤษฎีการวัดและความคลาดเคลื่อน การวัดระยะทางราบ การ
 
 ท าระดับ การวัดมุม เส้นชั้นความสูง ข้อมูลความสูงเชิงเลข การท าวงรอบ เส้นโครงแผนที่
 
 Definition and concept of survey, theory of measure and errors, horizontal
 
 measurement, leveling, angle measurement, contour, digital elevation model, traversing, map
 
 projection
 
 ===========================================================
 
 CP 373 111
 
 
 
 การรับรู้จากระยะไกลด้วยคลื่นไมโครเวฟขั้นแนะน า
 
 3(3-0-6)
 
 Introduction to Microwave Remote Sensing
 
 
 
 เงื่อนไขของรายวิชา : CP 372 011#
 
 
 
 ความหมายของคลื่นไมโครเวฟและเรดาร์ สมการเรดาร์และช่วงคลื่น เรดาร์ช่องเปิดสังเคราะห์ เรดาร์
 
 ช่องเปิดจริง พารามิเตอร์ของระบบเรดาร์ พารามิเตอร์ของพื้นที่ เรขาคณิตของเรดาร์ อินเทอร์เฟอโรเมตรีของ
 
 เรดาร์ คุณลักษณะข้อมูลภาพเรดาร์ ประเภทของดาวเทียมเรดาร์ การแปลตีความข้อมูลและการใช้ประโยชน์
 
 จากดาวเทียมเรดาร์ การประมวลผลภาพเชิงเลข การประยุกต์ใช้ข้อมูลเรดาร์ด้านป่าไม้ ธรณีวิทยา อุทกวิทยา
 
 การใช้ที่ดินและอื่นๆ
 
 Definition of microwave and radar, radar equation and wavelength, synthetic aperture
 
 radar, real aperture radar, system parameters, ground parameters, radar geometry,
 
 interferometry, digital radar image processing, , radar image interpretation, characteristics of
 
 radar satellites and its applications in forestry, geology, hydrology, land use and others."
ใน GIS เปรียบเทียบความ แตกต่างของวิชา CP 373 201 Geospatial Analysis กับ วิชา CP 373 232 Spatial Database Management หน่อย,"CP 373 201
 
 
 
 การวิเคราะห์เชิงพื้นที่
 
 3(2-3-6)
 
 Geospatial Analysis
 
 
 
 เงื่อนไขของรายวิชา : CP 372 002 หรือ SC 332 002#
 
 
 
 วิธีการและแบบจ าลองข้อมูลเชิงพื้นที่ขั้นแนะน า สถิติเชิงพื้นที่ แบบจ าลองลักษณะทางภูมิประเทศ
 
 แบบจ าลองอุทกวิทยา การประมาณค่ารูปแบบกริดและการสร้างเส้นชั้นความสูง วิธีการประมาณค่าแบบสถิต
 
 เชิงพื้นที่ การวิเคราะห์โครงข่ายและสถานที่ตั้ง การตรวจสอบความถูกต้องเชิงพื้นที่ ข้อมูลขนาดใหญ่เบื้องต้น
 
 และการประยุกต์ใช้
 
 Introduction to spatial data models and methods, spatial statistics, terrain model,
 
 hydrologic model, gridding interpolation and contouring, geostatistical interpolation methods,
 
 network and location analysis, spatial accuracy assessment, introduction to big data, machine
 
 learning and applications
 
 ===========================================================
 
 CP 373 232
 
 
 
 การจัดการฐานข้อมูลเชิงพื้นที่
 
 3(2-3-6)
 
 
 
 Spatial Database Management
 
 
 
 เงื่อนไขของรายวิชา : ไม่มี
 
 
 
 ฐานข้อมูลเชิงพื้นที่ขั้นแนะน า พื้นฐานของฐานข้อมูลเชิงสัมพันธ์และ NoSQL ส าหรับข้อมูลเชิงพื้นที่
 
 เงื่อนไขบังคับและความคงสภาพของข้อมูล มาตรฐานและประเภทของข้อมูลเชิงพื้นที่และการวิเคราะห์เชิง
 
 พื้นที่ แบบจ าลองเชิงตรรกะและภาษาในการสืบค้นข้อมูลเชิงพื้นที่ กระบวนการสร้าง สืบค้น และ แก้ไขข้อมูล
 
 เชิงพื้นที่ การออกแบบฐานข้อมูลเชิงพื้นที่ การประยุกต์ใช้ฐานข้อมูลเชิงพื้นที่กับแผนที่บนเว็บและโปรแกรม
 
 ประยุกต์ ข้อมูลภูมิสารสนเทศพื้นฐานของประเทศ
 
 Introduction of spatial database, basics of relational database and NoSQL database for
 
 spatial data, data integrity and constraint, standards and types of spatial data and spatial
 
 analysis, logical models and spatial query languages, spatial data creation, query, and update,
 
 spatial database design, Applications of spatial database for webmap and application
 
 software, Fundamental Geographic Data Set"
ใน GIS วิชา CP 373 201 Geospatial Analysis กับ วิชา CP 373 101 City Planning and Geo-informatics แตกต่างกันยังไง,"CP 373 201
 
 
 
 การวิเคราะห์เชิงพื้นที่
 
 3(2-3-6)
 
 Geospatial Analysis
 
 
 
 เงื่อนไขของรายวิชา : CP 372 002 หรือ SC 332 002#
 
 
 
 วิธีการและแบบจ าลองข้อมูลเชิงพื้นที่ขั้นแนะน า สถิติเชิงพื้นที่ แบบจ าลองลักษณะทางภูมิประเทศ
 
 แบบจ าลองอุทกวิทยา การประมาณค่ารูปแบบกริดและการสร้างเส้นชั้นความสูง วิธีการประมาณค่าแบบสถิต
 
 เชิงพื้นที่ การวิเคราะห์โครงข่ายและสถานที่ตั้ง การตรวจสอบความถูกต้องเชิงพื้นที่ ข้อมูลขนาดใหญ่เบื้องต้น
 
 และการประยุกต์ใช้
 
 Introduction to spatial data models and methods, spatial statistics, terrain model,
 
 hydrologic model, gridding interpolation and contouring, geostatistical interpolation methods,
 
 network and location analysis, spatial accuracy assessment, introduction to big data, machine
 
 learning and applications
 
 ===========================================================
 
 CP 373 101
 
 
 
 การวางผังเมืองและภูมิสารสนเทศศาสตร์
 
 3(3-0-6)
 
 City Planning and Geo-informatics
 
 
 
 เงื่อนไขของรายวิชา: ไม่มี
 
 ความหมายและองค์ประกอบทางกายภาพของชุมชนเมือง ลักษณะของผังเมืองรวมและการจ าแนก
 
 ประเภทของการใช้ประโยชน์ที่ดิน รวมถึงประเด็นเรื่องกฎหมายและข้อบังคับต่างๆ ทางด้านผังเมือง ปัจจัย
 
 เชิงพื้นที่และปัจจัยเชิงเศรษฐกิจและสังคมที่มีผลต่อการขยายตัวของชุมชนเมือง การวิเคราะห์ปัจจัยที่มีผลต่อ
 
 การเติบโตของชุมชนเมือง การสร้างแบบจ าลองการเติบโตของชุมชนเมืองด้วยการวิเคราะห์แบบซ้อนทับให้ค่า
 
 น ้าหนัก
 
 Definition of urban and its physical components. Characteristics of city comprehensive
 
 plan and land use types, including codes and regulations regard city planning. Physical and
 
 socio-economic driving factors influential to urban growth. Analysis of factors influencing
 
 urban growth. Urban growth modeling using weight overlay analysis."
ใน GIS ในกลุ่มวิชาเลือกสาขาวิชา กลุ่มวิชาภูมิสารสนเทศศาสตร์ประยุกต์ มีวิชาอะไรบ้าง,"(2.3) กลุ่มวิชาเลือกสาขาวิชา 15 หน่วยกิต
 
 วิชาเลือกแบ่งออกเป็น 2 กลุ่ม ประกอบด้วย 1 กลุ่มวิชาภูมิสารสนเทศศาสตร์ประยุกต์ 2 กลุ่มวิชาการ
 
 ออกแบบและพัฒนาระบบสารสนเทศภูมิศาสตร์ โดย
 
 กลุ่มที่ 1 กลุ่มวิชาภูมิสารสนเทศศาสตร์ประยุกต์ ต้องเลือกเรียนรายวิชาในกลุ่มที่ 1 อย่างน้อย 12 หน่วย
 
 กิต และเลือกกลุ่มที่ 2 ไม่น้อยกว่า 3 หน่วยกิต
 
 กลุ่มที่ 2 กลุ่มวิชาการออกแบบและพัฒนาระบบสารสนเทศภูมิศาสตร์ ต้องเลือกเรียนรายวิชาในกลุ่มที่ 2
 
 ไม่น้อยกว่า 9 หน่วยกิต และเลือกเรียนในกลุ่มที่ 1 ไม่น้อยกว่า 6 หน่วยกิต
 
 ทั้งนี้ รายวิชาเลือกสาขารวมถึงรายวิชาอื่น ๆ ที่มีการเปิดเพิ่มในภายหลัง
 
 ก. กลุ่มวิชาภูมิสารสนเทศศาสตร์ประยุกต์
 
 **CP 373 101 การวางผังเมืองและภูมิสารสนเทศศาสตร์
 
 3(3-0-6)
 
 City Planning and Geo-informatics
 
 
 
 **CP 373 111 การรับรู้จากระยะไกลด้วยคลื่นไมโครเวฟขั้นแนะน า
 
 3(3-0-6)
 
 Introduction to Microwave Remote Sensing
 
 
 
 *CP 373 112 การท าแผนที่ด้วยอากาศยานไร้คนขับ
 
 3(2-3-6)
 
 Unmanned Aerial Vehicle Mapping
 
 
 
 **CP 373 122 การส ารวจรังวัดเบื้องต้น
 
 3(2-3-6)
 
 Introduction to Surveying"
ใน GIS เราจะได้ทำโครงงานปีไหน,"ปีที่ 4 ภาคการศึกษาที่ 1
 
 แบบเลือกเรียนวิชาโครงงานวิจัยในภูมิสารสนเทศศาสตร์
 แบบเลือกเรียนวิชาสหกิจศึกษา
 *CP 374 702 โครงงานวิจัยในภูมิ
 สารสนเทศศาสตร์ 1
 3(0-9-6)
 XXX XXX
 วิชาเลือกเสรี
 6 หน่วยกิต
 
 Research Project in
 Geo-Informatics I
 
 Free Electives
 
 XXX XXX
 วิชาเลือกเสรี
 6 หน่วยกิต
 
 Free Electives
 
 รวมจ านวนหน่วยกิตลงทะเบียนเรียน 9 หน่วยกิต
 รวมจ านวนหน่วยกิตลงทะเบียนเรียน 6 หน่วยกิต
 
 ===========================================================
 ปีที่ 4 ภาคการศึกษาที่ 2
 
 แบบเลือกเรียนวิชาโครงงานวิจัยในภูมิสารสนเทศศาสตร์
 แบบเลือกเรียนวิชาสหกิจศึกษา
 *CP 374 703 โครงงานวิจัยในภูมิ
 สารสนเทศศาสตร์ 2
 3(0-9-6)
 **CP 374 785
 สหกิจศึกษาทางภูมิ
 สารสนเทศศาสตร์
 6(0-18-9)
 
 Research Project in
 Geo-Informatics II
 
 Co-Operative
 Education in Geo-
 Infromatics
 
 รวมจ านวนหน่วยกิตลงทะเบียนเรียน 3 หน่วยกิต
 รวมจ านวนหน่วยกิตลงทะเบียนเรียน 6 หน่วยกิต"
ใน GIS ตอนนี้เราอยู่ปี 3 ถ้าเลือกแผนสหกิจศึกษาต้องทำยังไงบ้าง,"ปีที่ 3 ภาคการศึกษาที่ 2
 หน่วยกิต
 
 *GE 362 198 พลังงานและสิ่งแวดล้อม
 3(3-0-6)
 
 Energy and Environment
 
 **CP 373 003 หลักการท าแผนที่
 3(2-3-6)
 
 Principles of Cartography
 
 **CP 373 004 ภูมิสารสนเทศศาสตร์ประยุกต์
 3(2-3-6)
 
 Applied Geo-informatics
 
 **CP 373 701 ระเบียบวิธีวิจัยในภูมิสารสนเทศศาสตร์
 3(3-0-6)
 
 Research Methodology in Geo-informatics
 
 CP 373 XXX วิชาเลือกสาขา
 9 หน่วยกิต
 
 Elective Courses
 
 รวมจ านวนหน่วยกิตลงทะเบียนเรียน 21 หน่วยกิต
 ส าหรับนักศึกษาที่จะเลือกแผนสหกิจศึกษาให้ลงเพิ่มอีก 2 รายวิชา
 
 **CP 002 001 การเตรียมความพร้อมก่อนปฏิบัติงานสหกิจศึกษาส าหรับนักศึกษาวิทยาลัย
 การคอมพิวเตอร์
 1(0-2-2)*
 (ไม่นับหน่วยกิต)
 
 Orientation to Co-Operative Education for Computing Students
 
 *CP 373 784 การฝึกงานทางภูมิสารสนเทศศาสตร์
 3(0-9-5)*
 
 Internship in Geo-Informatics
 (ไม่นับหน่วยกิต)"
ใน GIS ขอดูแผนของ โครงงาน กับ สหกิจหน่อย,"ปีที่ 4 ภาคการศึกษาที่ 1
 
 แบบเลือกเรียนวิชาโครงงานวิจัยในภูมิสารสนเทศศาสตร์
 แบบเลือกเรียนวิชาสหกิจศึกษา
 *CP 374 702 โครงงานวิจัยในภูมิ
 สารสนเทศศาสตร์ 1
 3(0-9-6)
 XXX XXX
 วิชาเลือกเสรี
 6 หน่วยกิต
 
 Research Project in
 Geo-Informatics I
 
 Free Electives
 
 XXX XXX
 วิชาเลือกเสรี
 6 หน่วยกิต
 
 Free Electives
 
 รวมจ านวนหน่วยกิตลงทะเบียนเรียน 9 หน่วยกิต
 รวมจ านวนหน่วยกิตลงทะเบียนเรียน 6 หน่วยกิต
 
 ===========================================================
 ปีที่ 4 ภาคการศึกษาที่ 2
 
 แบบเลือกเรียนวิชาโครงงานวิจัยในภูมิสารสนเทศศาสตร์
 แบบเลือกเรียนวิชาสหกิจศึกษา
 *CP 374 703 โครงงานวิจัยในภูมิ
 สารสนเทศศาสตร์ 2
 3(0-9-6)
 **CP 374 785
 สหกิจศึกษาทางภูมิ
 สารสนเทศศาสตร์
 6(0-18-9)
 
 Research Project in
 Geo-Informatics II
 
 Co-Operative
 Education in Geo-
 Infromatics
 
 รวมจ านวนหน่วยกิตลงทะเบียนเรียน 3 หน่วยกิต
 รวมจ านวนหน่วยกิตลงทะเบียนเรียน 6 หน่วยกิต"
ใน GIS ในกลุ่มวิชาเลือกสาขาวิชา กลุ่มวิชาการออกแบบและพัฒนาระบบสารสนเทศภูมิศาสตร์ มีวิชาอะไรบ้าง,"ข. กลุ่มวิชาการออกแบบและพัฒนาระบบสารสนเทศภูมิศาสตร์
 **CP 373 201 การวิเคราะห์เชิงพื้นที่
 3(2-3-6)
 Geospatial Analysis
 
 **CP 373 231 การประยุกต์ท าแผนที่บนเว็บ
 3(2-3-6)
 Web Mapping Application
 
 **CP 373 232 การจัดการฐานข้อมูลเชิงพื้นที่
 3(2-3-6)
 Spatial Database Management"
ใน GIS ต้องเก็บหน่วยกิตของหมวดวิชาศึกษาทั่วไปกี่หน่วยกิต,"3.1.3.1 หมวดวิชาศึกษาทั่วไป (General Education Courses) 30 หน่วยกิต
 
 (1) กลุ่มวิชาภาษา
 
 12 หน่วยกิต
 
 **LI 101 001 ภาษาอังกฤษ 1
 
 3(3-0-6)
 
 English I
 
 
 
 **LI 101 002 ภาษาอังกฤษ2
 
 3(3-0-6)
 
 English II
 
 
 
 **LI 102 003 ภาษาอังกฤษ3
 
 3(3-0-6)
 
 English III
 
 
 
 **LI 102 004 ภาษาอังกฤษ4
 
 3(3-0-6)
 
 
 
 English IV
 
 
 
 (2) กลุ่มวิชามนุษยศาสตร์และสังคมศาสตร์ 6 หน่วยกิต
 
 **GE 142 145 ภาวะผู้น าและการจัดการ
 
 3(3-0-6)
 
 Leadership and Management
 
 
 
 *GE 362 198 พลังงานและสิ่งแวดล้อม
 
 3(3-0-6)
 
 Energy and Environment
 
 
 
 (3) กลุ่มวิชาคณิตศาสตร์และวิทยาศาสตร์ 12 หน่วยกิต
 
 **GE 321 415 ทักษะการเรียนรู้
 
 3(3-0-6)
 
 Learning Skills
 
 
 
 **GE 362 785 การคิดเชิงสร้างสรรค์และการแก้ปัญหา
 
 3(3-0-6)
 
 Creative Thinking and Problem Solving
 
 
 
 *GE 341 511 การคิดเชิงค านวณและเชิงสถิติส าหรับเอบีซีดี
 
 3(2-2-5)
 
 Computational & Statistical Thinking for ABCD
 
 
 
 *GE 341 512 เอบีซีดีส าหรับทุกวิชาชีพ
 
 3(2-2-5)
 
 ABCD for All Professions"
ใน GIS หมวดวิชาเลือกเสรี ต้องเรียนกี่หน่วยกิต,"3.1.3.3 หมวดวิชาเลือกเสรี (Free Elective Courses)
 
 ให้นักศึกษาลงทะเบียนเรียนรายวิชาเลือกเสรีที่เปิดสอนในมหาวิทยาลัยขอนแก่น โดยได้รับความเห็นชอบจากคณะ
 
 กรรมการบริหารหลักสูตร จ านวนไม่น้อยกว่า 6 หน่วยกิต"
ใน GIS ต้องเก็บหน่วยกิต หมวดวิชาเลือกสาขากี่หน่วยกิต,"(2.3) กลุ่มวิชาเลือกสาขาวิชา 15 หน่วยกิต
 
 วิชาเลือกแบ่งออกเป็น 2 กลุ่ม ประกอบด้วย 1 กลุ่มวิชาภูมิสารสนเทศศาสตร์ประยุกต์ 2 กลุ่มวิชาการ
 
 ออกแบบและพัฒนาระบบสารสนเทศภูมิศาสตร์ โดย
 
 กลุ่มที่ 1 กลุ่มวิชาภูมิสารสนเทศศาสตร์ประยุกต์ ต้องเลือกเรียนรายวิชาในกลุ่มที่ 1 อย่างน้อย 12 หน่วย
 
 กิต และเลือกกลุ่มที่ 2 ไม่น้อยกว่า 3 หน่วยกิต
 
 กลุ่มที่ 2 กลุ่มวิชาการออกแบบและพัฒนาระบบสารสนเทศภูมิศาสตร์ ต้องเลือกเรียนรายวิชาในกลุ่มที่ 2
 
 ไม่น้อยกว่า 9 หน่วยกิต และเลือกเรียนในกลุ่มที่ 1 ไม่น้อยกว่า 6 หน่วยกิต"
ใน GIS จำนวนหน่วยกิตตลอดหลักสูตรเป็นเท่าไหร่,"3. หลักสูตรและอาจารย์ผู้สอน
 
 3.1 หลักสูตร
 
 3.1.1 จ านวนหน่วยกิต รวมตลอดหลักสูตร 127 หน่วยกิต
 
 3.1.2 โครงสร้างหลักสูตร
 
 จ านวนหน่วยกิตรวมตลอดหลักสูตร
 
 หน่วยกิต"